db,baseline,query_id,policy_set_name,policy_ids,num_policies,query_complexity,policy_complexity,cold_ms,hot_ms,correctness,baseline_rows,rls_index_rows,mem_overhead_kb,status,error_type,error_msg,pre_run_memory_building_ms
postgres,no_policy,1,1-5,"1,2,3,4,5",5,4,30,31.216,31.306,TRUE,0,0,0,1,,,0.000
postgres,no_policy,2,1-5,"1,2,3,4,5",5,15,0,31.162,30.630,TRUE,0,0,0,1,,,0.000
postgres,no_policy,3,1-5,"1,2,3,4,5",5,8,0,30.610,30.791,TRUE,0,0,0,1,,,0.000
postgres,no_policy,4,1-5,"1,2,3,4,5",5,9,30,30.427,30.481,TRUE,0,0,0,1,,,0.000
postgres,no_policy,5,1-5,"1,2,3,4,5",5,12,0,31.257,31.149,TRUE,0,0,0,1,,,0.000
postgres,no_policy,6,1-5,"1,2,3,4,5",5,6,30,31.142,31.195,TRUE,1,1,0,1,,,0.000
postgres,no_policy,7,1-5,"1,2,3,4,5",5,15,0,31.088,31.186,TRUE,0,0,0,1,,,0.000
postgres,no_policy,8,1-5,"1,2,3,4,5",5,15,0,31.118,31.128,TRUE,0,0,0,1,,,0.000
postgres,no_policy,9,1-5,"1,2,3,4,5",5,11,0,30.885,31.295,TRUE,0,0,0,1,,,0.000
postgres,no_policy,10,1-5,"1,2,3,4,5",5,9,0,31.135,31.327,TRUE,0,0,0,1,,,0.000
postgres,no_policy,11,1-5,"1,2,3,4,5",5,9,0,31.054,31.140,TRUE,0,0,0,1,,,0.000
postgres,no_policy,12,1-5,"1,2,3,4,5",5,11,0,31.312,31.411,TRUE,0,0,0,1,,,0.000
postgres,no_policy,13,1-5,"1,2,3,4,5",5,6,0,30.837,31.248,TRUE,0,0,0,1,,,0.000
postgres,no_policy,14,1-5,"1,2,3,4,5",5,4,30,31.175,31.228,TRUE,1,1,0,1,,,0.000
postgres,no_policy,15,1-5,"1,2,3,4,5",5,8,30,30.729,,UNKNOWN,,,,0,db_error,"ERROR:  relation ""revenue0"" does not exist LINE 1: ... s_address, s_phone, total_revenue from supplier, revenue0 w...                                                              ^",0.000
postgres,no_policy,16,1-5,"1,2,3,4,5",5,10,0,31.306,31.408,TRUE,0,0,0,1,,,0.000
postgres,no_policy,17,1-5,"1,2,3,4,5",5,5,30,30.897,31.273,TRUE,1,1,0,1,,,0.000
postgres,no_policy,18,1-5,"1,2,3,4,5",5,9,30,31.302,31.430,TRUE,0,0,0,1,,,0.000
postgres,no_policy,19,1-5,"1,2,3,4,5",5,28,30,30.404,30.847,TRUE,1,1,0,1,,,0.000
postgres,no_policy,20,1-5,"1,2,3,4,5",5,14,30,31.167,31.278,TRUE,0,0,0,1,,,0.000
postgres,no_policy,21,1-5,"1,2,3,4,5",5,17,30,30.975,31.155,TRUE,0,0,0,1,,,0.000
postgres,no_policy,22,1-5,"1,2,3,4,5",5,9,0,31.186,31.406,TRUE,0,0,0,1,,,0.000
postgres,view_based,1,1-5,"1,2,3,4,5",5,4,30,30.897,31.151,TRUE,0,0,896,1,,,5.336
postgres,view_based,2,1-5,"1,2,3,4,5",5,15,0,31.082,31.179,TRUE,0,0,0,1,,,5.336
postgres,view_based,3,1-5,"1,2,3,4,5",5,8,0,31.031,31.160,TRUE,0,0,224,1,,,5.336
postgres,view_based,4,1-5,"1,2,3,4,5",5,9,30,31.082,31.095,TRUE,0,0,-224,1,,,5.336
postgres,view_based,5,1-5,"1,2,3,4,5",5,12,0,31.143,31.313,TRUE,0,0,403,1,,,5.336
postgres,view_based,6,1-5,"1,2,3,4,5",5,6,30,31.175,30.668,TRUE,1,1,896,1,,,5.336
postgres,view_based,7,1-5,"1,2,3,4,5",5,15,0,30.403,31.281,TRUE,0,0,448,1,,,5.336
postgres,view_based,8,1-5,"1,2,3,4,5",5,15,0,30.387,31.117,TRUE,0,0,0,1,,,5.336
postgres,view_based,9,1-5,"1,2,3,4,5",5,11,0,30.607,31.271,TRUE,0,0,717,1,,,5.336
postgres,view_based,10,1-5,"1,2,3,4,5",5,9,0,31.236,31.510,TRUE,0,0,672,1,,,5.336
postgres,view_based,11,1-5,"1,2,3,4,5",5,9,0,30.869,31.380,TRUE,0,0,224,1,,,5.336
postgres,view_based,12,1-5,"1,2,3,4,5",5,11,0,30.719,31.292,TRUE,0,0,448,1,,,5.336
postgres,view_based,13,1-5,"1,2,3,4,5",5,6,0,31.105,31.389,TRUE,0,0,0,1,,,5.336
postgres,view_based,14,1-5,"1,2,3,4,5",5,4,30,30.930,31.349,TRUE,1,1,672,1,,,5.336
postgres,view_based,15,1-5,"1,2,3,4,5",5,8,30,31.120,,UNKNOWN,,,,0,db_error,"ERROR:  relation ""revenue0"" does not exist LINE 1: ... s_address, s_phone, total_revenue from supplier, revenue0 w...                                                              ^",5.336
postgres,view_based,16,1-5,"1,2,3,4,5",5,10,0,31.280,31.337,TRUE,0,0,-448,1,,,5.336
postgres,view_based,17,1-5,"1,2,3,4,5",5,5,30,31.090,31.243,TRUE,1,1,1120,1,,,5.336
postgres,view_based,18,1-5,"1,2,3,4,5",5,9,30,30.974,30.943,TRUE,0,0,1120,1,,,5.336
postgres,view_based,19,1-5,"1,2,3,4,5",5,28,30,31.110,31.222,TRUE,1,1,224,1,,,5.336
postgres,view_based,20,1-5,"1,2,3,4,5",5,14,30,31.191,31.026,TRUE,0,0,672,1,,,5.336
postgres,view_based,21,1-5,"1,2,3,4,5",5,17,30,30.728,31.038,TRUE,0,0,759,1,,,5.336
postgres,view_based,22,1-5,"1,2,3,4,5",5,9,0,30.980,31.285,TRUE,0,0,-448,1,,,5.336
postgres,rls,1,1-5,"1,2,3,4,5",5,4,30,31.193,31.359,TRUE,0,0,1120,1,,,0.000
postgres,rls,2,1-5,"1,2,3,4,5",5,15,0,31.044,31.344,TRUE,0,0,672,1,,,0.000
postgres,rls,3,1-5,"1,2,3,4,5",5,8,0,31.166,31.325,TRUE,0,0,448,1,,,0.000
postgres,rls,4,1-5,"1,2,3,4,5",5,9,30,31.026,31.089,TRUE,0,0,672,1,,,0.000
postgres,rls,5,1-5,"1,2,3,4,5",5,12,0,31.133,31.348,TRUE,0,0,1120,1,,,0.000
postgres,rls,6,1-5,"1,2,3,4,5",5,6,30,31.154,31.273,TRUE,1,1,1120,1,,,0.000
postgres,rls,7,1-5,"1,2,3,4,5",5,15,0,31.065,31.200,TRUE,0,0,672,1,,,0.000
postgres,rls,8,1-5,"1,2,3,4,5",5,15,0,30.902,31.168,TRUE,0,0,356,1,,,0.000
postgres,rls,9,1-5,"1,2,3,4,5",5,11,0,31.235,31.273,TRUE,0,0,269,1,,,0.000
postgres,rls,10,1-5,"1,2,3,4,5",5,9,0,31.052,31.152,TRUE,0,0,1344,1,,,0.000
postgres,rls,11,1-5,"1,2,3,4,5",5,9,0,30.618,31.310,TRUE,0,0,224,1,,,0.000
postgres,rls,12,1-5,"1,2,3,4,5",5,11,0,31.259,31.291,TRUE,0,0,1120,1,,,0.000
postgres,rls,13,1-5,"1,2,3,4,5",5,6,0,31.165,31.262,TRUE,0,0,224,1,,,0.000
postgres,rls,14,1-5,"1,2,3,4,5",5,4,30,31.005,30.959,TRUE,1,1,672,1,,,0.000
postgres,rls,15,1-5,"1,2,3,4,5",5,8,30,30.945,,UNKNOWN,,,,0,db_error,"ERROR:  relation ""revenue0"" does not exist LINE 1: ... s_address, s_phone, total_revenue from supplier, revenue0 w...                                                              ^",0.000
postgres,rls,16,1-5,"1,2,3,4,5",5,10,0,31.286,31.005,TRUE,0,0,0,1,,,0.000
postgres,rls,17,1-5,"1,2,3,4,5",5,5,30,31.078,30.953,TRUE,1,1,896,1,,,0.000
postgres,rls,18,1-5,"1,2,3,4,5",5,9,30,31.189,31.191,TRUE,0,0,1568,1,,,0.000
postgres,rls,19,1-5,"1,2,3,4,5",5,28,30,31.108,31.305,TRUE,1,1,224,1,,,0.000
postgres,rls,20,1-5,"1,2,3,4,5",5,14,30,31.256,31.357,TRUE,0,0,896,1,,,0.000
postgres,rls,21,1-5,"1,2,3,4,5",5,17,30,30.706,31.197,TRUE,0,0,0,1,,,0.000
postgres,rls,22,1-5,"1,2,3,4,5",5,9,0,31.164,31.215,TRUE,0,0,224,1,,,0.000
postgres,rls_index,1,1-5,"1,2,3,4,5",5,4,30,30.417,31.229,TRUE,0,0,1568,1,,,37.117
postgres,rls_index,2,1-5,"1,2,3,4,5",5,15,0,31.177,31.252,TRUE,0,0,672,1,,,37.117
postgres,rls_index,3,1-5,"1,2,3,4,5",5,8,0,31.230,31.104,TRUE,0,0,1120,1,,,37.117
postgres,rls_index,4,1-5,"1,2,3,4,5",5,9,30,31.278,31.159,TRUE,0,0,1344,1,,,37.117
postgres,rls_index,5,1-5,"1,2,3,4,5",5,12,0,31.147,31.254,TRUE,0,0,1344,1,,,37.117
postgres,rls_index,6,1-5,"1,2,3,4,5",5,6,30,30.892,30.879,TRUE,1,1,2016,1,,,37.117
postgres,rls_index,7,1-5,"1,2,3,4,5",5,15,0,31.139,31.342,TRUE,0,0,1344,1,,,37.117
postgres,rls_index,8,1-5,"1,2,3,4,5",5,15,0,31.051,31.208,TRUE,0,0,1075,1,,,37.117
postgres,rls_index,9,1-5,"1,2,3,4,5",5,11,0,31.113,31.369,TRUE,0,0,1165,1,,,37.117
postgres,rls_index,10,1-5,"1,2,3,4,5",5,9,0,31.133,31.305,TRUE,0,0,1344,1,,,37.117
postgres,rls_index,11,1-5,"1,2,3,4,5",5,9,0,31.046,31.268,TRUE,0,0,448,1,,,37.117
postgres,rls_index,12,1-5,"1,2,3,4,5",5,11,0,31.142,31.294,TRUE,0,0,1120,1,,,37.117
postgres,rls_index,13,1-5,"1,2,3,4,5",5,6,0,30.817,31.445,TRUE,0,0,224,1,,,37.117
postgres,rls_index,14,1-5,"1,2,3,4,5",5,4,30,31.253,31.278,TRUE,1,1,1344,1,,,37.117
postgres,rls_index,15,1-5,"1,2,3,4,5",5,8,30,31.112,,UNKNOWN,,,,0,db_error,"ERROR:  relation ""revenue0"" does not exist LINE 1: ... s_address, s_phone, total_revenue from supplier, revenue0 w...                                                              ^",37.117
postgres,rls_index,16,1-5,"1,2,3,4,5",5,10,0,31.076,31.125,TRUE,0,0,0,1,,,37.117
postgres,rls_index,17,1-5,"1,2,3,4,5",5,5,30,31.128,31.182,TRUE,1,1,1344,1,,,37.117
postgres,rls_index,18,1-5,"1,2,3,4,5",5,9,30,31.093,31.296,TRUE,0,0,1792,1,,,37.117
postgres,rls_index,19,1-5,"1,2,3,4,5",5,28,30,31.009,31.280,TRUE,1,1,1344,1,,,37.117
postgres,rls_index,20,1-5,"1,2,3,4,5",5,14,30,30.881,30.937,TRUE,0,0,1120,1,,,37.117
postgres,rls_index,21,1-5,"1,2,3,4,5",5,17,30,31.157,31.055,TRUE,0,0,1120,1,,,37.117
postgres,rls_index,22,1-5,"1,2,3,4,5",5,9,0,31.266,31.313,TRUE,0,0,896,1,,,37.117
postgres,sieve,1,1-5,"1,2,3,4,5",5,4,30,30.483,31.066,TRUE,0,0,1344,1,,,3.929
postgres,sieve,2,1-5,"1,2,3,4,5",5,15,0,30.888,31.182,TRUE,0,0,224,1,,,3.929
postgres,sieve,3,1-5,"1,2,3,4,5",5,8,0,31.270,31.211,TRUE,0,0,448,1,,,3.929
postgres,sieve,4,1-5,"1,2,3,4,5",5,9,30,31.072,31.264,TRUE,0,0,896,1,,,3.929
postgres,sieve,5,1-5,"1,2,3,4,5",5,12,0,31.248,31.271,TRUE,0,0,448,1,,,3.929
postgres,sieve,6,1-5,"1,2,3,4,5",5,6,30,31.054,31.156,TRUE,1,1,1120,1,,,3.929
postgres,sieve,7,1-5,"1,2,3,4,5",5,15,0,31.148,31.494,TRUE,0,0,672,1,,,3.929
postgres,sieve,8,1-5,"1,2,3,4,5",5,15,0,30.813,31.402,TRUE,0,0,951,1,,,3.929
postgres,sieve,9,1-5,"1,2,3,4,5",5,11,0,31.131,31.388,TRUE,0,0,493,1,,,3.929
postgres,sieve,10,1-5,"1,2,3,4,5",5,9,0,31.007,31.235,TRUE,0,0,1344,1,,,3.929
postgres,sieve,11,1-5,"1,2,3,4,5",5,9,0,31.100,31.352,TRUE,0,0,224,1,,,3.929
postgres,sieve,12,1-5,"1,2,3,4,5",5,11,0,31.225,31.173,TRUE,0,0,224,1,,,3.929
postgres,sieve,13,1-5,"1,2,3,4,5",5,6,0,30.927,31.377,TRUE,0,0,224,1,,,3.929
postgres,sieve,14,1-5,"1,2,3,4,5",5,4,30,31.051,31.276,TRUE,1,1,672,1,,,3.929
postgres,sieve,15,1-5,"1,2,3,4,5",5,8,30,30.885,,UNKNOWN,,,,0,db_error,"ERROR:  relation ""revenue0"" does not exist LINE 1: ... s_address, s_phone, total_revenue from supplier, revenue0 w...                                                              ^",3.929
postgres,sieve,16,1-5,"1,2,3,4,5",5,10,0,31.142,31.386,TRUE,0,0,-448,1,,,3.929
postgres,sieve,17,1-5,"1,2,3,4,5",5,5,30,31.174,31.397,TRUE,1,1,1075,1,,,3.929
postgres,sieve,18,1-5,"1,2,3,4,5",5,9,30,30.468,31.243,TRUE,0,0,1568,1,,,3.929
postgres,sieve,19,1-5,"1,2,3,4,5",5,28,30,30.645,31.392,TRUE,1,1,896,1,,,3.929
postgres,sieve,20,1-5,"1,2,3,4,5",5,14,30,31.239,31.420,TRUE,0,0,896,1,,,3.929
postgres,sieve,21,1-5,"1,2,3,4,5",5,17,30,31.217,30.961,TRUE,0,0,795,1,,,3.929
postgres,sieve,22,1-5,"1,2,3,4,5",5,9,0,31.087,31.323,TRUE,0,0,672,1,,,3.929
postgres,sieve_index,1,1-5,"1,2,3,4,5",5,4,30,31.259,31.401,TRUE,0,0,672,1,,,37.829
postgres,sieve_index,2,1-5,"1,2,3,4,5",5,15,0,30.951,31.371,TRUE,0,0,224,1,,,37.829
postgres,sieve_index,3,1-5,"1,2,3,4,5",5,8,0,31.156,31.354,TRUE,0,0,672,1,,,37.829
postgres,sieve_index,4,1-5,"1,2,3,4,5",5,9,30,31.009,31.198,TRUE,0,0,896,1,,,37.829
postgres,sieve_index,5,1-5,"1,2,3,4,5",5,12,0,31.149,31.411,TRUE,0,0,1344,1,,,37.829
postgres,sieve_index,6,1-5,"1,2,3,4,5",5,6,30,31.027,31.425,TRUE,1,1,1120,1,,,37.829
postgres,sieve_index,7,1-5,"1,2,3,4,5",5,15,0,30.900,31.081,TRUE,0,0,1344,1,,,37.829
postgres,sieve_index,8,1-5,"1,2,3,4,5",5,15,0,30.842,31.260,TRUE,0,0,1075,1,,,37.829
postgres,sieve_index,9,1-5,"1,2,3,4,5",5,11,0,31.213,31.331,TRUE,0,0,1336,1,,,37.829
postgres,sieve_index,10,1-5,"1,2,3,4,5",5,9,0,31.099,31.277,TRUE,0,0,1344,1,,,37.829
postgres,sieve_index,11,1-5,"1,2,3,4,5",5,9,0,30.925,31.256,TRUE,0,0,224,1,,,37.829
postgres,sieve_index,12,1-5,"1,2,3,4,5",5,11,0,31.145,31.123,TRUE,0,0,896,1,,,37.829
postgres,sieve_index,13,1-5,"1,2,3,4,5",5,6,0,31.082,31.453,TRUE,0,0,-224,1,,,37.829
postgres,sieve_index,14,1-5,"1,2,3,4,5",5,4,30,31.045,31.393,TRUE,1,1,1120,1,,,37.829
postgres,sieve_index,15,1-5,"1,2,3,4,5",5,8,30,30.786,,UNKNOWN,,,,0,db_error,"ERROR:  relation ""revenue0"" does not exist LINE 1: ... s_address, s_phone, total_revenue from supplier, revenue0 w...                                                              ^",37.829
postgres,sieve_index,16,1-5,"1,2,3,4,5",5,10,0,31.264,31.462,TRUE,0,0,-672,1,,,37.829
postgres,sieve_index,17,1-5,"1,2,3,4,5",5,5,30,31.037,31.365,TRUE,1,1,1299,1,,,37.829
postgres,sieve_index,18,1-5,"1,2,3,4,5",5,9,30,30.988,31.323,TRUE,0,0,1568,1,,,37.829
postgres,sieve_index,19,1-5,"1,2,3,4,5",5,28,30,30.944,31.259,TRUE,1,1,1120,1,,,37.829
postgres,sieve_index,20,1-5,"1,2,3,4,5",5,14,30,30.984,31.317,TRUE,0,0,1120,1,,,37.829
postgres,sieve_index,21,1-5,"1,2,3,4,5",5,17,30,31.007,31.037,TRUE,0,0,1447,1,,,37.829
postgres,sieve_index,22,1-5,"1,2,3,4,5",5,9,0,31.078,31.364,TRUE,0,0,0,1,,,37.829
postgres,ours,1,1-5,"1,2,3,4,5",5,4,30,30.705,31.802,TRUE,0,0,8691,1,,,10.400
postgres,ours,2,1-5,"1,2,3,4,5",5,15,0,31.644,31.792,TRUE,0,0,7616,1,,,10.400
postgres,ours,3,1-5,"1,2,3,4,5",5,8,0,31.621,31.727,TRUE,0,0,8064,1,,,10.400
postgres,ours,4,1-5,"1,2,3,4,5",5,9,30,31.441,31.645,TRUE,0,0,8736,1,,,10.400
postgres,ours,5,1-5,"1,2,3,4,5",5,12,0,31.734,31.746,TRUE,0,0,8064,1,,,10.400
postgres,ours,6,1-5,"1,2,3,4,5",5,6,30,31.723,31.761,TRUE,1,1,8960,1,,,10.400
postgres,ours,7,1-5,"1,2,3,4,5",5,15,0,30.906,31.728,TRUE,0,0,8288,1,,,10.400
postgres,ours,8,1-5,"1,2,3,4,5",5,15,0,31.116,31.717,TRUE,0,0,8512,1,,,10.400
postgres,ours,9,1-5,"1,2,3,4,5",5,11,0,31.661,31.794,TRUE,0,0,8109,1,,,10.400
postgres,ours,10,1-5,"1,2,3,4,5",5,9,0,31.503,31.797,TRUE,0,0,8288,1,,,10.400
postgres,ours,11,1-5,"1,2,3,4,5",5,9,0,31.050,31.502,TRUE,0,0,7616,1,,,10.400
postgres,ours,12,1-5,"1,2,3,4,5",5,11,0,31.631,31.654,TRUE,0,0,8736,1,,,10.400
postgres,ours,13,1-5,"1,2,3,4,5",5,6,0,31.552,31.469,TRUE,0,0,6944,1,,,10.400
postgres,ours,14,1-5,"1,2,3,4,5",5,4,30,31.245,31.883,TRUE,1,1,8512,1,,,10.400
postgres,ours,15,1-5,"1,2,3,4,5",5,8,30,31.541,,UNKNOWN,,,,0,db_error,"ERROR:  relation ""revenue0"" does not exist LINE 1: ... s_address, s_phone, total_revenue from supplier, revenue0 w...                                                              ^",10.400
postgres,ours,16,1-5,"1,2,3,4,5",5,10,0,31.873,31.769,TRUE,0,0,6944,1,,,10.400
postgres,ours,17,1-5,"1,2,3,4,5",5,5,30,31.568,31.774,TRUE,1,1,8960,1,,,10.400
postgres,ours,18,1-5,"1,2,3,4,5",5,9,30,31.572,31.721,TRUE,0,0,8288,1,,,10.400
postgres,ours,19,1-5,"1,2,3,4,5",5,28,30,30.623,31.798,TRUE,1,1,8601,1,,,10.400
postgres,ours,20,1-5,"1,2,3,4,5",5,14,30,30.586,31.871,TRUE,0,0,8064,1,,,10.400
postgres,ours,21,1-5,"1,2,3,4,5",5,17,30,31.033,31.920,TRUE,0,0,8736,1,,,10.400
postgres,ours,22,1-5,"1,2,3,4,5",5,9,0,30.799,30.478,TRUE,0,0,7392,1,,,10.400
postgres,no_policy,1,1-10,"1,2,3,4,5,6,7,8,9,10",10,4,30,30.492,31.284,TRUE,0,0,0,1,,,0.000
postgres,no_policy,2,1-10,"1,2,3,4,5,6,7,8,9,10",10,15,0,31.050,31.264,TRUE,0,0,0,1,,,0.000
postgres,no_policy,3,1-10,"1,2,3,4,5,6,7,8,9,10",10,8,27,31.302,31.327,TRUE,0,0,0,1,,,0.000
postgres,no_policy,4,1-10,"1,2,3,4,5,6,7,8,9,10",10,9,30,31.205,31.368,TRUE,0,0,0,1,,,0.000
postgres,no_policy,5,1-10,"1,2,3,4,5,6,7,8,9,10",10,12,27,31.020,31.290,TRUE,0,0,0,1,,,0.000
postgres,no_policy,6,1-10,"1,2,3,4,5,6,7,8,9,10",10,6,30,31.198,31.135,TRUE,1,1,0,1,,,0.000
postgres,no_policy,7,1-10,"1,2,3,4,5,6,7,8,9,10",10,15,0,31.009,31.288,TRUE,0,0,0,1,,,0.000
postgres,no_policy,8,1-10,"1,2,3,4,5,6,7,8,9,10",10,15,0,31.121,31.281,TRUE,0,0,0,1,,,0.000
postgres,no_policy,9,1-10,"1,2,3,4,5,6,7,8,9,10",10,11,0,30.973,31.372,TRUE,0,0,0,1,,,0.000
postgres,no_policy,10,1-10,"1,2,3,4,5,6,7,8,9,10",10,9,27,31.035,31.077,TRUE,0,0,0,1,,,0.000
postgres,no_policy,11,1-10,"1,2,3,4,5,6,7,8,9,10",10,9,0,30.960,31.110,TRUE,0,0,0,1,,,0.000
postgres,no_policy,12,1-10,"1,2,3,4,5,6,7,8,9,10",10,11,0,31.063,31.223,TRUE,0,0,0,1,,,0.000
postgres,no_policy,13,1-10,"1,2,3,4,5,6,7,8,9,10",10,6,27,31.179,31.120,TRUE,0,0,0,1,,,0.000
postgres,no_policy,14,1-10,"1,2,3,4,5,6,7,8,9,10",10,4,30,31.052,31.294,TRUE,1,1,0,1,,,0.000
postgres,no_policy,15,1-10,"1,2,3,4,5,6,7,8,9,10",10,8,30,31.095,,UNKNOWN,,,,0,db_error,"ERROR:  relation ""revenue0"" does not exist LINE 1: ... s_address, s_phone, total_revenue from supplier, revenue0 w...                                                              ^",0.000
postgres,no_policy,16,1-10,"1,2,3,4,5,6,7,8,9,10",10,10,0,30.695,31.306,TRUE,0,0,0,1,,,0.000
postgres,no_policy,17,1-10,"1,2,3,4,5,6,7,8,9,10",10,5,30,31.189,31.209,TRUE,1,1,0,1,,,0.000
postgres,no_policy,18,1-10,"1,2,3,4,5,6,7,8,9,10",10,9,57,30.941,31.105,TRUE,0,0,0,1,,,0.000
postgres,no_policy,19,1-10,"1,2,3,4,5,6,7,8,9,10",10,28,30,31.025,31.220,TRUE,1,1,0,1,,,0.000
postgres,no_policy,20,1-10,"1,2,3,4,5,6,7,8,9,10",10,14,30,30.690,31.303,TRUE,0,0,0,1,,,0.000
postgres,no_policy,21,1-10,"1,2,3,4,5,6,7,8,9,10",10,17,30,31.132,31.325,TRUE,0,0,0,1,,,0.000
postgres,no_policy,22,1-10,"1,2,3,4,5,6,7,8,9,10",10,9,27,31.067,31.137,TRUE,0,0,0,1,,,0.000
postgres,view_based,1,1-10,"1,2,3,4,5,6,7,8,9,10",10,4,30,30.389,30.857,TRUE,0,0,762,1,,,5.275
postgres,view_based,2,1-10,"1,2,3,4,5,6,7,8,9,10",10,15,0,30.364,31.198,TRUE,0,0,224,1,,,5.275
postgres,view_based,3,1-10,"1,2,3,4,5,6,7,8,9,10",10,8,27,31.211,31.187,TRUE,0,0,-224,1,,,5.275
postgres,view_based,4,1-10,"1,2,3,4,5,6,7,8,9,10",10,9,30,30.937,31.203,TRUE,0,0,45,1,,,5.275
postgres,view_based,5,1-10,"1,2,3,4,5,6,7,8,9,10",10,12,27,30.412,31.059,TRUE,0,0,-448,1,,,5.275
postgres,view_based,6,1-10,"1,2,3,4,5,6,7,8,9,10",10,6,30,30.915,31.303,TRUE,1,1,448,1,,,5.275
postgres,view_based,7,1-10,"1,2,3,4,5,6,7,8,9,10",10,15,0,31.098,31.317,TRUE,0,0,-492,1,,,5.275
postgres,view_based,8,1-10,"1,2,3,4,5,6,7,8,9,10",10,15,0,31.206,31.254,TRUE,0,0,391,1,,,5.275
postgres,view_based,9,1-10,"1,2,3,4,5,6,7,8,9,10",10,11,0,30.997,31.263,TRUE,0,0,-493,1,,,5.275
postgres,view_based,10,1-10,"1,2,3,4,5,6,7,8,9,10",10,9,27,31.304,31.321,TRUE,0,0,0,1,,,5.275
postgres,view_based,11,1-10,"1,2,3,4,5,6,7,8,9,10",10,9,0,31.151,31.372,TRUE,0,0,0,1,,,5.275
postgres,view_based,12,1-10,"1,2,3,4,5,6,7,8,9,10",10,11,0,30.977,31.078,TRUE,0,0,224,1,,,5.275
postgres,view_based,13,1-10,"1,2,3,4,5,6,7,8,9,10",10,6,27,31.029,30.902,TRUE,0,0,896,1,,,5.275
postgres,view_based,14,1-10,"1,2,3,4,5,6,7,8,9,10",10,4,30,31.139,31.083,TRUE,1,1,-448,1,,,5.275
postgres,view_based,15,1-10,"1,2,3,4,5,6,7,8,9,10",10,8,30,30.836,,UNKNOWN,,,,0,db_error,"ERROR:  relation ""revenue0"" does not exist LINE 1: ... s_address, s_phone, total_revenue from supplier, revenue0 w...                                                              ^",5.275
postgres,view_based,16,1-10,"1,2,3,4,5,6,7,8,9,10",10,10,0,31.370,31.288,TRUE,0,0,-224,1,,,5.275
postgres,view_based,17,1-10,"1,2,3,4,5,6,7,8,9,10",10,5,30,31.138,30.887,TRUE,1,1,45,1,,,5.275
postgres,view_based,18,1-10,"1,2,3,4,5,6,7,8,9,10",10,9,57,30.697,31.256,TRUE,0,0,-224,1,,,5.275
postgres,view_based,19,1-10,"1,2,3,4,5,6,7,8,9,10",10,28,30,31.089,31.185,TRUE,1,1,-448,1,,,5.275
postgres,view_based,20,1-10,"1,2,3,4,5,6,7,8,9,10",10,14,30,30.424,30.614,TRUE,0,0,224,1,,,5.275
postgres,view_based,21,1-10,"1,2,3,4,5,6,7,8,9,10",10,17,30,31.227,31.308,TRUE,0,0,356,1,,,5.275
postgres,view_based,22,1-10,"1,2,3,4,5,6,7,8,9,10",10,9,27,31.489,31.106,TRUE,0,0,-672,1,,,5.275
postgres,rls,1,1-10,"1,2,3,4,5,6,7,8,9,10",10,4,30,30.473,30.830,TRUE,0,0,762,1,,,0.000
postgres,rls,2,1-10,"1,2,3,4,5,6,7,8,9,10",10,15,0,30.552,30.817,TRUE,0,0,448,1,,,0.000
postgres,rls,3,1-10,"1,2,3,4,5,6,7,8,9,10",10,8,27,30.721,30.715,TRUE,0,0,-896,1,,,0.000
postgres,rls,4,1-10,"1,2,3,4,5,6,7,8,9,10",10,9,30,30.520,30.694,TRUE,0,0,-627,1,,,0.000
postgres,rls,5,1-10,"1,2,3,4,5,6,7,8,9,10",10,12,27,30.528,30.625,TRUE,0,0,-1344,1,,,0.000
postgres,rls,6,1-10,"1,2,3,4,5,6,7,8,9,10",10,6,30,30.412,30.490,TRUE,1,1,-672,1,,,0.000
postgres,rls,7,1-10,"1,2,3,4,5,6,7,8,9,10",10,15,0,31.231,31.247,TRUE,0,0,-851,1,,,0.000
postgres,rls,8,1-10,"1,2,3,4,5,6,7,8,9,10",10,15,0,30.560,31.067,TRUE,0,0,-448,1,,,0.000
postgres,rls,9,1-10,"1,2,3,4,5,6,7,8,9,10",10,11,0,30.969,31.188,TRUE,0,0,-896,1,,,0.000
postgres,rls,10,1-10,"1,2,3,4,5,6,7,8,9,10",10,9,27,31.107,30.731,TRUE,0,0,-672,1,,,0.000
postgres,rls,11,1-10,"1,2,3,4,5,6,7,8,9,10",10,9,0,30.556,30.648,TRUE,0,0,224,1,,,0.000
postgres,rls,12,1-10,"1,2,3,4,5,6,7,8,9,10",10,11,0,30.554,30.685,TRUE,0,0,0,1,,,0.000
postgres,rls,13,1-10,"1,2,3,4,5,6,7,8,9,10",10,6,27,30.579,30.600,TRUE,0,0,-448,1,,,0.000
postgres,rls,14,1-10,"1,2,3,4,5,6,7,8,9,10",10,4,30,30.652,30.734,TRUE,1,1,-448,1,,,0.000
postgres,rls,15,1-10,"1,2,3,4,5,6,7,8,9,10",10,8,30,30.540,,UNKNOWN,,,,0,db_error,"ERROR:  relation ""revenue0"" does not exist LINE 1: ... s_address, s_phone, total_revenue from supplier, revenue0 w...                                                              ^",0.000
postgres,rls,16,1-10,"1,2,3,4,5,6,7,8,9,10",10,10,0,30.642,30.845,TRUE,0,0,448,1,,,0.000
postgres,rls,17,1-10,"1,2,3,4,5,6,7,8,9,10",10,5,30,30.712,30.748,TRUE,1,1,-179,1,,,0.000
postgres,rls,18,1-10,"1,2,3,4,5,6,7,8,9,10",10,9,57,30.465,30.687,TRUE,0,0,-896,1,,,0.000
postgres,rls,19,1-10,"1,2,3,4,5,6,7,8,9,10",10,28,30,30.519,30.665,TRUE,1,1,0,1,,,0.000
postgres,rls,20,1-10,"1,2,3,4,5,6,7,8,9,10",10,14,30,30.508,30.373,TRUE,0,0,-672,1,,,0.000
postgres,rls,21,1-10,"1,2,3,4,5,6,7,8,9,10",10,17,30,30.370,30.504,TRUE,0,0,-627,1,,,0.000
postgres,rls,22,1-10,"1,2,3,4,5,6,7,8,9,10",10,9,27,30.458,30.530,TRUE,0,0,-672,1,,,0.000
postgres,rls_index,1,1-10,"1,2,3,4,5,6,7,8,9,10",10,4,30,30.536,30.598,TRUE,0,0,986,1,,,43.576
postgres,rls_index,2,1-10,"1,2,3,4,5,6,7,8,9,10",10,15,0,30.553,30.630,TRUE,0,0,448,1,,,43.576
postgres,rls_index,3,1-10,"1,2,3,4,5,6,7,8,9,10",10,8,27,30.334,30.507,TRUE,0,0,-896,1,,,43.576
postgres,rls_index,4,1-10,"1,2,3,4,5,6,7,8,9,10",10,9,30,30.476,30.604,TRUE,0,0,-851,1,,,43.576
postgres,rls_index,5,1-10,"1,2,3,4,5,6,7,8,9,10",10,12,27,30.561,30.588,TRUE,0,0,-1165,1,,,43.576
postgres,rls_index,6,1-10,"1,2,3,4,5,6,7,8,9,10",10,6,30,30.518,30.607,TRUE,1,1,-672,1,,,43.576
postgres,rls_index,7,1-10,"1,2,3,4,5,6,7,8,9,10",10,15,0,30.823,30.617,TRUE,0,0,-1075,1,,,43.576
postgres,rls_index,8,1-10,"1,2,3,4,5,6,7,8,9,10",10,15,0,30.609,30.604,TRUE,0,0,-448,1,,,43.576
postgres,rls_index,9,1-10,"1,2,3,4,5,6,7,8,9,10",10,11,0,30.333,30.584,TRUE,0,0,-941,1,,,43.576
postgres,rls_index,10,1-10,"1,2,3,4,5,6,7,8,9,10",10,9,27,30.672,30.623,TRUE,0,0,-672,1,,,43.576
postgres,rls_index,11,1-10,"1,2,3,4,5,6,7,8,9,10",10,9,0,30.457,30.589,TRUE,0,0,0,1,,,43.576
postgres,rls_index,12,1-10,"1,2,3,4,5,6,7,8,9,10",10,11,0,30.587,30.680,TRUE,0,0,-224,1,,,43.576
postgres,rls_index,13,1-10,"1,2,3,4,5,6,7,8,9,10",10,6,27,30.542,30.670,TRUE,0,0,-493,1,,,43.576
postgres,rls_index,14,1-10,"1,2,3,4,5,6,7,8,9,10",10,4,30,30.407,30.746,TRUE,1,1,-896,1,,,43.576
postgres,rls_index,15,1-10,"1,2,3,4,5,6,7,8,9,10",10,8,30,30.595,,UNKNOWN,,,,0,db_error,"ERROR:  relation ""revenue0"" does not exist LINE 1: ... s_address, s_phone, total_revenue from supplier, revenue0 w...                                                              ^",43.576
postgres,rls_index,16,1-10,"1,2,3,4,5,6,7,8,9,10",10,10,0,30.711,30.669,TRUE,0,0,448,1,,,43.576
postgres,rls_index,17,1-10,"1,2,3,4,5,6,7,8,9,10",10,5,30,30.583,30.736,TRUE,1,1,-179,1,,,43.576
postgres,rls_index,18,1-10,"1,2,3,4,5,6,7,8,9,10",10,9,57,30.595,30.702,TRUE,0,0,-672,1,,,43.576
postgres,rls_index,19,1-10,"1,2,3,4,5,6,7,8,9,10",10,28,30,30.624,30.730,TRUE,1,1,0,1,,,43.576
postgres,rls_index,20,1-10,"1,2,3,4,5,6,7,8,9,10",10,14,30,30.390,30.523,TRUE,0,0,-896,1,,,43.576
postgres,rls_index,21,1-10,"1,2,3,4,5,6,7,8,9,10",10,17,30,30.434,30.733,TRUE,0,0,-403,1,,,43.576
postgres,rls_index,22,1-10,"1,2,3,4,5,6,7,8,9,10",10,9,27,30.629,30.714,TRUE,0,0,-224,1,,,43.576
postgres,sieve,1,1-10,"1,2,3,4,5,6,7,8,9,10",10,4,30,30.681,30.693,TRUE,0,0,762,1,,,65.755
postgres,sieve,2,1-10,"1,2,3,4,5,6,7,8,9,10",10,15,0,30.347,30.570,TRUE,0,0,403,1,,,65.755
postgres,sieve,3,1-10,"1,2,3,4,5,6,7,8,9,10",10,8,27,30.551,30.498,TRUE,0,0,672,1,,,65.755
postgres,sieve,4,1-10,"1,2,3,4,5,6,7,8,9,10",10,9,30,30.419,30.453,TRUE,0,0,45,1,,,65.755
postgres,sieve,5,1-10,"1,2,3,4,5,6,7,8,9,10",10,12,27,30.564,30.641,TRUE,0,0,171,1,,,65.755
postgres,sieve,6,1-10,"1,2,3,4,5,6,7,8,9,10",10,6,30,30.518,30.745,TRUE,1,1,896,1,,,65.755
postgres,sieve,7,1-10,"1,2,3,4,5,6,7,8,9,10",10,15,0,30.499,30.892,TRUE,0,0,717,1,,,65.755
postgres,sieve,8,1-10,"1,2,3,4,5,6,7,8,9,10",10,15,0,30.617,30.841,TRUE,0,0,615,1,,,65.755
postgres,sieve,9,1-10,"1,2,3,4,5,6,7,8,9,10",10,11,0,30.550,30.578,TRUE,0,0,224,1,,,65.755
postgres,sieve,10,1-10,"1,2,3,4,5,6,7,8,9,10",10,9,27,30.541,30.610,TRUE,0,0,672,1,,,65.755
postgres,sieve,11,1-10,"1,2,3,4,5,6,7,8,9,10",10,9,0,30.453,30.506,TRUE,0,0,0,1,,,65.755
postgres,sieve,12,1-10,"1,2,3,4,5,6,7,8,9,10",10,11,0,30.445,30.593,TRUE,0,0,672,1,,,65.755
postgres,sieve,13,1-10,"1,2,3,4,5,6,7,8,9,10",10,6,27,30.491,30.687,TRUE,0,0,1120,1,,,65.755
postgres,sieve,14,1-10,"1,2,3,4,5,6,7,8,9,10",10,4,30,30.543,30.681,TRUE,1,1,-132,1,,,65.755
postgres,sieve,15,1-10,"1,2,3,4,5,6,7,8,9,10",10,8,30,30.589,,UNKNOWN,,,,0,db_error,"ERROR:  relation ""revenue0"" does not exist LINE 1: ... s_address, s_phone, total_revenue from supplier, revenue0 w...                                                              ^",65.755
postgres,sieve,16,1-10,"1,2,3,4,5,6,7,8,9,10",10,10,0,30.418,30.799,TRUE,0,0,224,1,,,65.755
postgres,sieve,17,1-10,"1,2,3,4,5,6,7,8,9,10",10,5,30,30.746,30.735,TRUE,1,1,941,1,,,65.755
postgres,sieve,18,1-10,"1,2,3,4,5,6,7,8,9,10",10,9,57,30.518,30.552,TRUE,0,0,448,1,,,65.755
postgres,sieve,19,1-10,"1,2,3,4,5,6,7,8,9,10",10,28,30,30.628,30.631,TRUE,1,1,896,1,,,65.755
postgres,sieve,20,1-10,"1,2,3,4,5,6,7,8,9,10",10,14,30,30.663,30.780,TRUE,0,0,448,1,,,65.755
postgres,sieve,21,1-10,"1,2,3,4,5,6,7,8,9,10",10,17,30,30.919,30.899,TRUE,0,0,1080,1,,,65.755
postgres,sieve,22,1-10,"1,2,3,4,5,6,7,8,9,10",10,9,27,30.605,30.837,TRUE,0,0,896,1,,,65.755
postgres,sieve_index,1,1-10,"1,2,3,4,5,6,7,8,9,10",10,4,30,30.770,30.703,TRUE,0,0,1523,1,,,58.237
postgres,sieve_index,2,1-10,"1,2,3,4,5,6,7,8,9,10",10,15,0,30.524,30.688,TRUE,0,0,896,1,,,58.237
postgres,sieve_index,3,1-10,"1,2,3,4,5,6,7,8,9,10",10,8,27,30.420,30.825,TRUE,0,0,896,1,,,58.237
postgres,sieve_index,4,1-10,"1,2,3,4,5,6,7,8,9,10",10,9,30,31.072,31.300,TRUE,0,0,941,1,,,58.237
postgres,sieve_index,5,1-10,"1,2,3,4,5,6,7,8,9,10",10,12,27,30.949,31.078,TRUE,0,0,731,1,,,58.237
postgres,sieve_index,6,1-10,"1,2,3,4,5,6,7,8,9,10",10,6,30,30.627,31.433,TRUE,1,1,1120,1,,,58.237
postgres,sieve_index,7,1-10,"1,2,3,4,5,6,7,8,9,10",10,15,0,31.161,31.420,TRUE,0,0,1448,1,,,58.237
postgres,sieve_index,8,1-10,"1,2,3,4,5,6,7,8,9,10",10,15,0,31.221,31.098,TRUE,0,0,1703,1,,,58.237
postgres,sieve_index,9,1-10,"1,2,3,4,5,6,7,8,9,10",10,11,0,30.948,31.331,TRUE,0,0,582,1,,,58.237
postgres,sieve_index,10,1-10,"1,2,3,4,5,6,7,8,9,10",10,9,27,30.863,31.189,TRUE,0,0,1299,1,,,58.237
postgres,sieve_index,11,1-10,"1,2,3,4,5,6,7,8,9,10",10,9,0,31.004,31.345,TRUE,0,0,403,1,,,58.237
postgres,sieve_index,12,1-10,"1,2,3,4,5,6,7,8,9,10",10,11,0,31.041,31.393,TRUE,0,0,1344,1,,,58.237
postgres,sieve_index,13,1-10,"1,2,3,4,5,6,7,8,9,10",10,6,27,30.887,31.103,TRUE,0,0,1344,1,,,58.237
postgres,sieve_index,14,1-10,"1,2,3,4,5,6,7,8,9,10",10,4,30,30.906,31.259,TRUE,1,1,448,1,,,58.237
postgres,sieve_index,15,1-10,"1,2,3,4,5,6,7,8,9,10",10,8,30,31.416,,UNKNOWN,,,,0,db_error,"ERROR:  relation ""revenue0"" does not exist LINE 1: ... s_address, s_phone, total_revenue from supplier, revenue0 w...                                                              ^",58.237
postgres,sieve_index,16,1-10,"1,2,3,4,5,6,7,8,9,10",10,10,0,31.340,31.508,TRUE,0,0,-224,1,,,58.237
postgres,sieve_index,17,1-10,"1,2,3,4,5,6,7,8,9,10",10,5,30,31.109,31.307,TRUE,1,1,269,1,,,58.237
postgres,sieve_index,18,1-10,"1,2,3,4,5,6,7,8,9,10",10,9,57,31.078,31.954,TRUE,0,0,1226,1,,,58.237
postgres,sieve_index,19,1-10,"1,2,3,4,5,6,7,8,9,10",10,28,30,30.540,31.348,TRUE,1,1,1120,1,,,58.237
postgres,sieve_index,20,1-10,"1,2,3,4,5,6,7,8,9,10",10,14,30,31.255,31.379,TRUE,0,0,896,1,,,58.237
postgres,sieve_index,21,1-10,"1,2,3,4,5,6,7,8,9,10",10,17,30,30.887,31.364,TRUE,0,0,1752,1,,,58.237
postgres,sieve_index,22,1-10,"1,2,3,4,5,6,7,8,9,10",10,9,27,31.503,31.441,TRUE,0,0,1051,1,,,58.237
postgres,ours,1,1-10,"1,2,3,4,5,6,7,8,9,10",10,4,30,30.854,31.261,TRUE,0,0,8826,1,,,11.654
postgres,ours,2,1-10,"1,2,3,4,5,6,7,8,9,10",10,15,0,31.813,31.948,TRUE,0,0,7616,1,,,11.654
postgres,ours,3,1-10,"1,2,3,4,5,6,7,8,9,10",10,8,27,31.327,31.862,TRUE,0,0,7392,1,,,11.654
postgres,ours,4,1-10,"1,2,3,4,5,6,7,8,9,10",10,9,30,31.345,31.931,TRUE,0,0,7885,1,,,11.654
postgres,ours,5,1-10,"1,2,3,4,5,6,7,8,9,10",10,12,27,31.446,31.983,TRUE,0,0,7795,1,,,11.654
postgres,ours,6,1-10,"1,2,3,4,5,6,7,8,9,10",10,6,30,31.892,31.919,TRUE,1,1,8736,1,,,11.654
postgres,ours,7,1-10,"1,2,3,4,5,6,7,8,9,10",10,15,0,31.086,31.880,TRUE,0,0,7526,1,,,11.654
postgres,ours,8,1-10,"1,2,3,4,5,6,7,8,9,10",10,15,0,31.858,32.023,TRUE,0,0,7840,1,,,11.654
postgres,ours,9,1-10,"1,2,3,4,5,6,7,8,9,10",10,11,0,31.891,31.685,TRUE,0,0,7123,1,,,11.654
postgres,ours,10,1-10,"1,2,3,4,5,6,7,8,9,10",10,9,27,31.171,32.012,TRUE,0,0,7840,1,,,11.654
postgres,ours,11,1-10,"1,2,3,4,5,6,7,8,9,10",10,9,0,32.295,32.022,TRUE,0,0,6944,1,,,11.654
postgres,ours,12,1-10,"1,2,3,4,5,6,7,8,9,10",10,11,0,31.234,31.672,TRUE,0,0,8288,1,,,11.654
postgres,ours,13,1-10,"1,2,3,4,5,6,7,8,9,10",10,6,27,31.405,31.532,TRUE,0,0,7840,1,,,11.654
postgres,ours,14,1-10,"1,2,3,4,5,6,7,8,9,10",10,4,30,31.919,31.849,TRUE,1,1,7168,1,,,11.654
postgres,ours,15,1-10,"1,2,3,4,5,6,7,8,9,10",10,8,30,31.517,,UNKNOWN,,,,0,db_error,"ERROR:  relation ""revenue0"" does not exist LINE 1: ... s_address, s_phone, total_revenue from supplier, revenue0 w...                                                              ^",11.654
postgres,ours,16,1-10,"1,2,3,4,5,6,7,8,9,10",10,10,0,31.788,31.717,TRUE,0,0,6944,1,,,11.654
postgres,ours,17,1-10,"1,2,3,4,5,6,7,8,9,10",10,5,30,31.500,32.003,TRUE,1,1,8333,1,,,11.654
postgres,ours,18,1-10,"1,2,3,4,5,6,7,8,9,10",10,9,57,31.310,31.936,TRUE,0,0,7526,1,,,11.654
postgres,ours,19,1-10,"1,2,3,4,5,6,7,8,9,10",10,28,30,31.589,31.864,TRUE,1,1,8198,1,,,11.654
postgres,ours,20,1-10,"1,2,3,4,5,6,7,8,9,10",10,14,30,32.032,32.208,TRUE,0,0,8064,1,,,11.654
postgres,ours,21,1-10,"1,2,3,4,5,6,7,8,9,10",10,17,30,31.715,31.727,TRUE,0,0,7885,1,,,11.654
postgres,ours,22,1-10,"1,2,3,4,5,6,7,8,9,10",10,9,27,31.809,31.816,TRUE,0,0,7929,1,,,11.654
postgres,no_policy,1,11-15,"11,12,13,14,15",5,4,11,30.588,30.893,TRUE,0,0,0,1,,,0.000
postgres,no_policy,2,11-15,"11,12,13,14,15",5,15,0,30.936,30.956,TRUE,0,0,0,1,,,0.000
postgres,no_policy,3,11-15,"11,12,13,14,15",5,8,23,30.470,30.654,TRUE,0,0,0,1,,,0.000
postgres,no_policy,4,11-15,"11,12,13,14,15",5,9,34,30.490,30.752,TRUE,0,0,0,1,,,0.000
postgres,no_policy,5,11-15,"11,12,13,14,15",5,12,23,30.707,30.659,TRUE,0,0,0,1,,,0.000
postgres,no_policy,6,11-15,"11,12,13,14,15",5,6,11,30.348,30.646,TRUE,1,1,0,1,,,0.000
postgres,no_policy,7,11-15,"11,12,13,14,15",5,15,0,30.541,30.504,TRUE,0,0,0,1,,,0.000
postgres,no_policy,8,11-15,"11,12,13,14,15",5,15,0,30.642,30.780,TRUE,0,0,0,1,,,0.000
postgres,no_policy,9,11-15,"11,12,13,14,15",5,11,0,30.601,30.736,TRUE,0,0,0,1,,,0.000
postgres,no_policy,10,11-15,"11,12,13,14,15",5,9,23,30.419,30.612,TRUE,0,0,0,1,,,0.000
postgres,no_policy,11,11-15,"11,12,13,14,15",5,9,0,30.659,30.798,TRUE,0,0,0,1,,,0.000
postgres,no_policy,12,11-15,"11,12,13,14,15",5,11,34,30.628,30.825,TRUE,0,0,0,1,,,0.000
postgres,no_policy,13,11-15,"11,12,13,14,15",5,6,34,30.686,30.703,TRUE,0,0,0,1,,,0.000
postgres,no_policy,14,11-15,"11,12,13,14,15",5,4,11,30.595,30.452,TRUE,1,1,0,1,,,0.000
postgres,no_policy,15,11-15,"11,12,13,14,15",5,8,11,30.503,,UNKNOWN,,,,0,db_error,"ERROR:  relation ""revenue0"" does not exist LINE 1: ... s_address, s_phone, total_revenue from supplier, revenue0 w...                                                              ^",0.000
postgres,no_policy,16,11-15,"11,12,13,14,15",5,10,0,30.540,30.658,TRUE,0,0,0,1,,,0.000
postgres,no_policy,17,11-15,"11,12,13,14,15",5,5,11,30.602,30.536,TRUE,1,1,0,1,,,0.000
postgres,no_policy,18,11-15,"11,12,13,14,15",5,9,34,30.731,30.707,TRUE,0,0,0,1,,,0.000
postgres,no_policy,19,11-15,"11,12,13,14,15",5,28,11,30.483,30.562,TRUE,1,1,0,1,,,0.000
postgres,no_policy,20,11-15,"11,12,13,14,15",5,14,11,30.433,30.354,TRUE,0,0,0,1,,,0.000
postgres,no_policy,21,11-15,"11,12,13,14,15",5,17,11,30.418,30.441,TRUE,0,0,0,1,,,0.000
postgres,no_policy,22,11-15,"11,12,13,14,15",5,9,34,30.483,30.631,TRUE,0,0,0,1,,,0.000
postgres,view_based,1,11-15,"11,12,13,14,15",5,4,11,30.535,30.696,TRUE,0,0,1210,1,,,4.374
postgres,view_based,2,11-15,"11,12,13,14,15",5,15,0,30.702,30.769,TRUE,0,0,-448,1,,,4.374
postgres,view_based,3,11-15,"11,12,13,14,15",5,8,23,30.505,30.525,TRUE,0,0,556,1,,,4.374
postgres,view_based,4,11-15,"11,12,13,14,15",5,9,34,30.466,30.511,TRUE,0,0,1120,1,,,4.374
postgres,view_based,5,11-15,"11,12,13,14,15",5,12,23,30.297,30.356,TRUE,0,0,-377,1,,,4.374
postgres,view_based,6,11-15,"11,12,13,14,15",5,6,11,30.358,30.396,TRUE,1,1,1344,1,,,4.374
postgres,view_based,7,11-15,"11,12,13,14,15",5,15,0,30.628,30.601,TRUE,0,0,27,1,,,4.374
postgres,view_based,8,11-15,"11,12,13,14,15",5,15,0,30.605,30.560,TRUE,0,0,265,1,,,4.374
postgres,view_based,9,11-15,"11,12,13,14,15",5,11,0,30.650,30.549,TRUE,0,0,255,1,,,4.374
postgres,view_based,10,11-15,"11,12,13,14,15",5,9,23,30.367,30.546,TRUE,0,0,135,1,,,4.374
postgres,view_based,11,11-15,"11,12,13,14,15",5,9,0,30.680,30.583,TRUE,0,0,-224,1,,,4.374
postgres,view_based,12,11-15,"11,12,13,14,15",5,11,34,30.312,30.438,TRUE,0,0,575,1,,,4.374
postgres,view_based,13,11-15,"11,12,13,14,15",5,6,34,30.443,30.496,TRUE,0,0,896,1,,,4.374
postgres,view_based,14,11-15,"11,12,13,14,15",5,4,11,30.585,30.647,TRUE,1,1,896,1,,,4.374
postgres,view_based,15,11-15,"11,12,13,14,15",5,8,11,30.571,,UNKNOWN,,,,0,db_error,"ERROR:  relation ""revenue0"" does not exist LINE 1: ... s_address, s_phone, total_revenue from supplier, revenue0 w...                                                              ^",4.374
postgres,view_based,16,11-15,"11,12,13,14,15",5,10,0,30.560,30.627,TRUE,0,0,0,1,,,4.374
postgres,view_based,17,11-15,"11,12,13,14,15",5,5,11,30.688,30.637,TRUE,1,1,896,1,,,4.374
postgres,view_based,18,11-15,"11,12,13,14,15",5,9,34,30.323,30.575,TRUE,0,0,873,1,,,4.374
postgres,view_based,19,11-15,"11,12,13,14,15",5,28,11,30.286,30.498,TRUE,1,1,1747,1,,,4.374
postgres,view_based,20,11-15,"11,12,13,14,15",5,14,11,30.590,30.640,TRUE,0,0,448,1,,,4.374
postgres,view_based,21,11-15,"11,12,13,14,15",5,17,11,30.343,30.402,TRUE,0,0,389,1,,,4.374
postgres,view_based,22,11-15,"11,12,13,14,15",5,9,34,30.598,30.705,TRUE,0,0,717,1,,,4.374
postgres,rls,1,11-15,"11,12,13,14,15",5,4,11,30.576,30.526,TRUE,0,0,1369,1,,,0.000
postgres,rls,2,11-15,"11,12,13,14,15",5,15,0,30.464,30.653,TRUE,0,0,-448,1,,,0.000
postgres,rls,3,11-15,"11,12,13,14,15",5,8,23,30.474,30.649,TRUE,0,0,-1140,1,,,0.000
postgres,rls,4,11-15,"11,12,13,14,15",5,9,34,30.491,30.586,TRUE,0,0,-269,1,,,0.000
postgres,rls,5,11-15,"11,12,13,14,15",5,12,23,30.413,30.536,TRUE,0,0,-1344,1,,,0.000
postgres,rls,6,11-15,"11,12,13,14,15",5,6,11,30.760,30.650,TRUE,1,1,-224,1,,,0.000
postgres,rls,7,11-15,"11,12,13,14,15",5,15,0,30.622,30.624,TRUE,0,0,-1120,1,,,0.000
postgres,rls,8,11-15,"11,12,13,14,15",5,15,0,30.539,30.483,TRUE,0,0,-995,1,,,0.000
postgres,rls,9,11-15,"11,12,13,14,15",5,11,0,30.293,30.548,TRUE,0,0,-1120,1,,,0.000
postgres,rls,10,11-15,"11,12,13,14,15",5,9,23,30.483,30.708,TRUE,0,0,-1120,1,,,0.000
postgres,rls,11,11-15,"11,12,13,14,15",5,9,0,30.670,30.542,TRUE,0,0,0,1,,,0.000
postgres,rls,12,11-15,"11,12,13,14,15",5,11,34,30.356,30.648,TRUE,0,0,-896,1,,,0.000
postgres,rls,13,11-15,"11,12,13,14,15",5,6,34,30.639,30.595,TRUE,0,0,-448,1,,,0.000
postgres,rls,14,11-15,"11,12,13,14,15",5,4,11,30.369,30.598,TRUE,1,1,-224,1,,,0.000
postgres,rls,15,11-15,"11,12,13,14,15",5,8,11,30.533,,UNKNOWN,,,,0,db_error,"ERROR:  relation ""revenue0"" does not exist LINE 1: ... s_address, s_phone, total_revenue from supplier, revenue0 w...                                                              ^",0.000
postgres,rls,16,11-15,"11,12,13,14,15",5,10,0,30.336,30.415,TRUE,0,0,0,1,,,0.000
postgres,rls,17,11-15,"11,12,13,14,15",5,5,11,30.583,30.747,TRUE,1,1,-672,1,,,0.000
postgres,rls,18,11-15,"11,12,13,14,15",5,9,34,30.383,30.581,TRUE,0,0,-896,1,,,0.000
postgres,rls,19,11-15,"11,12,13,14,15",5,28,11,30.603,30.550,TRUE,1,1,896,1,,,0.000
postgres,rls,20,11-15,"11,12,13,14,15",5,14,11,30.481,30.592,TRUE,0,0,0,1,,,0.000
postgres,rls,21,11-15,"11,12,13,14,15",5,17,11,30.377,30.489,TRUE,0,0,-896,1,,,0.000
postgres,rls,22,11-15,"11,12,13,14,15",5,9,34,30.500,30.669,TRUE,0,0,-179,1,,,0.000
postgres,rls_index,1,11-15,"11,12,13,14,15",5,4,11,30.448,30.650,TRUE,0,0,314,1,,,65.732
postgres,rls_index,2,11-15,"11,12,13,14,15",5,15,0,30.469,30.526,TRUE,0,0,-224,1,,,65.732
postgres,rls_index,3,11-15,"11,12,13,14,15",5,8,23,30.505,30.576,TRUE,0,0,-692,1,,,65.732
postgres,rls_index,4,11-15,"11,12,13,14,15",5,9,34,30.671,30.657,TRUE,0,0,-269,1,,,65.732
postgres,rls_index,5,11-15,"11,12,13,14,15",5,12,23,30.577,30.615,TRUE,0,0,-1344,1,,,65.732
postgres,rls_index,6,11-15,"11,12,13,14,15",5,6,11,30.429,30.680,TRUE,1,1,-896,1,,,65.732
postgres,rls_index,7,11-15,"11,12,13,14,15",5,15,0,30.474,30.401,TRUE,0,0,-1792,1,,,65.732
postgres,rls_index,8,11-15,"11,12,13,14,15",5,15,0,30.632,30.547,TRUE,0,0,-995,1,,,65.732
postgres,rls_index,9,11-15,"11,12,13,14,15",5,11,0,30.414,30.693,TRUE,0,0,-1344,1,,,65.732
postgres,rls_index,10,11-15,"11,12,13,14,15",5,9,23,30.510,30.532,TRUE,0,0,-1120,1,,,65.732
postgres,rls_index,11,11-15,"11,12,13,14,15",5,9,0,30.416,30.558,TRUE,0,0,0,1,,,65.732
postgres,rls_index,12,11-15,"11,12,13,14,15",5,11,34,30.434,30.662,TRUE,0,0,-896,1,,,65.732
postgres,rls_index,13,11-15,"11,12,13,14,15",5,6,34,30.543,30.527,TRUE,0,0,-448,1,,,65.732
postgres,rls_index,14,11-15,"11,12,13,14,15",5,4,11,30.450,30.448,TRUE,1,1,0,1,,,65.732
postgres,rls_index,15,11-15,"11,12,13,14,15",5,8,11,30.673,,UNKNOWN,,,,0,db_error,"ERROR:  relation ""revenue0"" does not exist LINE 1: ... s_address, s_phone, total_revenue from supplier, revenue0 w...                                                              ^",65.732
postgres,rls_index,16,11-15,"11,12,13,14,15",5,10,0,30.495,30.606,TRUE,0,0,0,1,,,65.732
postgres,rls_index,17,11-15,"11,12,13,14,15",5,5,11,30.451,30.656,TRUE,1,1,-224,1,,,65.732
postgres,rls_index,18,11-15,"11,12,13,14,15",5,9,34,30.467,30.612,TRUE,0,0,-672,1,,,65.732
postgres,rls_index,19,11-15,"11,12,13,14,15",5,28,11,30.474,30.505,TRUE,1,1,672,1,,,65.732
postgres,rls_index,20,11-15,"11,12,13,14,15",5,14,11,30.700,30.977,TRUE,0,0,-224,1,,,65.732
postgres,rls_index,21,11-15,"11,12,13,14,15",5,17,11,31.098,31.069,TRUE,0,0,-672,1,,,65.732
postgres,rls_index,22,11-15,"11,12,13,14,15",5,9,34,31.057,31.089,TRUE,0,0,-403,1,,,65.732
postgres,sieve,1,11-15,"11,12,13,14,15",5,4,11,30.873,31.145,TRUE,0,0,1210,1,,,10.763
postgres,sieve,2,11-15,"11,12,13,14,15",5,15,0,31.177,31.144,TRUE,0,0,224,1,,,10.763
postgres,sieve,3,11-15,"11,12,13,14,15",5,8,23,30.457,31.365,TRUE,0,0,1042,1,,,10.763
postgres,sieve,4,11-15,"11,12,13,14,15",5,9,34,30.705,31.208,TRUE,0,0,1321,1,,,10.763
postgres,sieve,5,11-15,"11,12,13,14,15",5,12,23,31.183,31.339,TRUE,0,0,-155,1,,,10.763
postgres,sieve,6,11-15,"11,12,13,14,15",5,6,11,30.659,31.285,TRUE,1,1,2016,1,,,10.763
postgres,sieve,7,11-15,"11,12,13,14,15",5,15,0,30.842,31.079,TRUE,0,0,-244,1,,,10.763
postgres,sieve,8,11-15,"11,12,13,14,15",5,15,0,30.812,31.184,TRUE,0,0,121,1,,,10.763
postgres,sieve,9,11-15,"11,12,13,14,15",5,11,0,30.765,31.285,TRUE,0,0,973,1,,,10.763
postgres,sieve,10,11-15,"11,12,13,14,15",5,9,23,31.115,31.468,TRUE,0,0,710,1,,,10.763
postgres,sieve,11,11-15,"11,12,13,14,15",5,9,0,30.649,31.283,TRUE,0,0,448,1,,,10.763
postgres,sieve,12,11-15,"11,12,13,14,15",5,11,34,30.917,31.358,TRUE,0,0,840,1,,,10.763
postgres,sieve,13,11-15,"11,12,13,14,15",5,6,34,30.999,31.425,TRUE,0,0,851,1,,,10.763
postgres,sieve,14,11-15,"11,12,13,14,15",5,4,11,31.386,31.537,TRUE,1,1,1568,1,,,10.763
postgres,sieve,15,11-15,"11,12,13,14,15",5,8,11,30.940,,UNKNOWN,,,,0,db_error,"ERROR:  relation ""revenue0"" does not exist LINE 1: ... s_address, s_phone, total_revenue from supplier, revenue0 w...                                                              ^",10.763
postgres,sieve,16,11-15,"11,12,13,14,15",5,10,0,31.092,31.297,TRUE,0,0,896,1,,,10.763
postgres,sieve,17,11-15,"11,12,13,14,15",5,5,11,31.028,31.422,TRUE,1,1,1765,1,,,10.763
postgres,sieve,18,11-15,"11,12,13,14,15",5,9,34,30.748,31.224,TRUE,0,0,1534,1,,,10.763
postgres,sieve,19,11-15,"11,12,13,14,15",5,28,11,30.920,31.379,TRUE,1,1,1719,1,,,10.763
postgres,sieve,20,11-15,"11,12,13,14,15",5,14,11,30.850,31.464,TRUE,0,0,1372,1,,,10.763
postgres,sieve,21,11-15,"11,12,13,14,15",5,17,11,30.833,31.052,TRUE,0,0,1573,1,,,10.763
postgres,sieve,22,11-15,"11,12,13,14,15",5,9,34,30.437,31.196,TRUE,0,0,941,1,,,10.763
postgres,sieve_index,1,11-15,"11,12,13,14,15",5,4,11,30.433,30.991,TRUE,0,0,2679,1,,,67.329
postgres,sieve_index,2,11-15,"11,12,13,14,15",5,15,0,30.974,31.145,TRUE,0,0,-45,1,,,67.329
postgres,sieve_index,3,11-15,"11,12,13,14,15",5,8,23,30.672,31.057,TRUE,0,0,1981,1,,,67.329
postgres,sieve_index,4,11-15,"11,12,13,14,15",5,9,34,31.085,31.021,TRUE,0,0,1940,1,,,67.329
postgres,sieve_index,5,11-15,"11,12,13,14,15",5,12,23,30.588,31.055,TRUE,0,0,741,1,,,67.329
postgres,sieve_index,6,11-15,"11,12,13,14,15",5,6,11,30.942,31.038,TRUE,1,1,2775,1,,,67.329
postgres,sieve_index,7,11-15,"11,12,13,14,15",5,15,0,31.001,31.019,TRUE,0,0,1097,1,,,67.329
postgres,sieve_index,8,11-15,"11,12,13,14,15",5,15,0,30.701,31.319,TRUE,0,0,1085,1,,,67.329
postgres,sieve_index,9,11-15,"11,12,13,14,15",5,11,0,30.948,31.140,TRUE,0,0,1012,1,,,67.329
postgres,sieve_index,10,11-15,"11,12,13,14,15",5,9,23,31.079,31.073,TRUE,0,0,974,1,,,67.329
postgres,sieve_index,11,11-15,"11,12,13,14,15",5,9,0,31.096,31.267,TRUE,0,0,-448,1,,,67.329
postgres,sieve_index,12,11-15,"11,12,13,14,15",5,11,34,31.145,31.048,TRUE,0,0,1491,1,,,67.329
postgres,sieve_index,13,11-15,"11,12,13,14,15",5,6,34,31.113,31.232,TRUE,0,0,2326,1,,,67.329
postgres,sieve_index,14,11-15,"11,12,13,14,15",5,4,11,31.060,31.030,TRUE,1,1,2938,1,,,67.329
postgres,sieve_index,15,11-15,"11,12,13,14,15",5,8,11,31.111,,UNKNOWN,,,,0,db_error,"ERROR:  relation ""revenue0"" does not exist LINE 1: ... s_address, s_phone, total_revenue from supplier, revenue0 w...                                                              ^",67.329
postgres,sieve_index,16,11-15,"11,12,13,14,15",5,10,0,31.073,31.213,TRUE,0,0,-448,1,,,67.329
postgres,sieve_index,17,11-15,"11,12,13,14,15",5,5,11,31.071,31.382,TRUE,1,1,2103,1,,,67.329
postgres,sieve_index,18,11-15,"11,12,13,14,15",5,9,34,30.859,31.139,TRUE,0,0,2276,1,,,67.329
postgres,sieve_index,19,11-15,"11,12,13,14,15",5,28,11,31.029,31.017,TRUE,1,1,3114,1,,,67.329
postgres,sieve_index,20,11-15,"11,12,13,14,15",5,14,11,30.528,31.094,TRUE,0,0,2180,1,,,67.329
postgres,sieve_index,21,11-15,"11,12,13,14,15",5,17,11,30.727,30.643,TRUE,0,0,8316,1,,,67.329
postgres,sieve_index,22,11-15,"11,12,13,14,15",5,9,34,30.278,30.535,TRUE,0,0,-179,1,,,67.329
postgres,ours,1,11-15,"11,12,13,14,15",5,4,11,30.637,30.779,TRUE,0,0,8602,1,,,4.021
postgres,ours,2,11-15,"11,12,13,14,15",5,15,0,30.544,30.806,TRUE,0,0,6496,1,,,4.021
postgres,ours,3,11-15,"11,12,13,14,15",5,8,23,30.598,30.662,TRUE,0,0,7551,1,,,4.021
postgres,ours,4,11-15,"11,12,13,14,15",5,9,34,30.764,30.908,TRUE,0,0,8064,1,,,4.021
postgres,ours,5,11-15,"11,12,13,14,15",5,12,23,30.768,30.703,TRUE,0,0,7168,1,,,4.021
postgres,ours,6,11-15,"11,12,13,14,15",5,6,11,30.833,30.979,TRUE,1,1,8736,1,,,4.021
postgres,ours,7,11-15,"11,12,13,14,15",5,15,0,30.555,30.840,TRUE,0,0,6812,1,,,4.021
postgres,ours,8,11-15,"11,12,13,14,15",5,15,0,30.727,30.644,TRUE,0,0,6621,1,,,4.021
postgres,ours,9,11-15,"11,12,13,14,15",5,11,0,30.879,30.799,TRUE,0,0,8064,1,,,4.021
postgres,ours,10,11-15,"11,12,13,14,15",5,9,23,30.747,30.775,TRUE,0,0,6720,1,,,4.021
postgres,ours,11,11-15,"11,12,13,14,15",5,9,0,30.500,30.820,TRUE,0,0,6944,1,,,4.021
postgres,ours,12,11-15,"11,12,13,14,15",5,11,34,30.577,30.839,TRUE,0,0,8019,1,,,4.021
postgres,ours,13,11-15,"11,12,13,14,15",5,6,34,30.582,30.682,TRUE,0,0,8467,1,,,4.021
postgres,ours,14,11-15,"11,12,13,14,15",5,4,11,30.721,30.817,TRUE,1,1,8512,1,,,4.021
postgres,ours,15,11-15,"11,12,13,14,15",5,8,11,30.548,,UNKNOWN,,,,0,db_error,"ERROR:  relation ""revenue0"" does not exist LINE 1: ... s_address, s_phone, total_revenue from supplier, revenue0 w...                                                              ^",4.021
postgres,ours,16,11-15,"11,12,13,14,15",5,10,0,30.957,30.849,TRUE,0,0,7392,1,,,4.021
postgres,ours,17,11-15,"11,12,13,14,15",5,5,11,30.604,30.680,TRUE,1,1,8467,1,,,4.021
postgres,ours,18,11-15,"11,12,13,14,15",5,9,34,30.675,30.679,TRUE,0,0,8288,1,,,4.021
postgres,ours,19,11-15,"11,12,13,14,15",5,28,11,30.663,30.679,TRUE,1,1,9811,1,,,4.021
postgres,ours,20,11-15,"11,12,13,14,15",5,14,11,30.556,30.753,TRUE,0,0,9856,1,,,4.021
postgres,ours,21,11-15,"11,12,13,14,15",5,17,11,30.929,30.823,TRUE,0,0,9632,1,,,4.021
postgres,ours,22,11-15,"11,12,13,14,15",5,9,34,30.805,30.535,TRUE,0,0,9229,1,,,4.021
postgres,no_policy,1,11-20,"11,12,13,14,15,16,17,18,19,20",10,4,55,30.702,30.612,TRUE,0,0,0,1,,,0.000
postgres,no_policy,2,11-20,"11,12,13,14,15,16,17,18,19,20",10,15,34,30.482,30.577,TRUE,0,0,0,1,,,0.000
postgres,no_policy,3,11-20,"11,12,13,14,15,16,17,18,19,20",10,8,58,30.401,30.728,TRUE,0,0,0,1,,,0.000
postgres,no_policy,4,11-20,"11,12,13,14,15,16,17,18,19,20",10,9,78,30.553,30.592,TRUE,0,0,0,1,,,0.000
postgres,no_policy,5,11-20,"11,12,13,14,15,16,17,18,19,20",10,12,58,30.429,30.539,TRUE,0,0,0,1,,,0.000
postgres,no_policy,6,11-20,"11,12,13,14,15,16,17,18,19,20",10,6,55,30.614,30.641,TRUE,1,1,0,1,,,0.000
postgres,no_policy,7,11-20,"11,12,13,14,15,16,17,18,19,20",10,15,26,30.384,30.623,TRUE,0,0,0,1,,,0.000
postgres,no_policy,8,11-20,"11,12,13,14,15,16,17,18,19,20",10,15,34,30.613,30.731,TRUE,0,0,0,1,,,0.000
postgres,no_policy,9,11-20,"11,12,13,14,15,16,17,18,19,20",10,11,34,30.391,30.623,TRUE,0,0,0,1,,,0.000
postgres,no_policy,10,11-20,"11,12,13,14,15,16,17,18,19,20",10,9,58,30.528,30.572,TRUE,0,0,0,1,,,0.000
postgres,no_policy,11,11-20,"11,12,13,14,15,16,17,18,19,20",10,9,34,30.476,30.682,TRUE,0,0,0,1,,,0.000
postgres,no_policy,12,11-20,"11,12,13,14,15,16,17,18,19,20",10,11,69,30.411,30.635,TRUE,0,0,0,1,,,0.000
postgres,no_policy,13,11-20,"11,12,13,14,15,16,17,18,19,20",10,6,69,30.408,30.709,TRUE,0,0,0,1,,,0.000
postgres,no_policy,14,11-20,"11,12,13,14,15,16,17,18,19,20",10,4,55,30.325,30.662,TRUE,1,1,0,1,,,0.000
postgres,no_policy,15,11-20,"11,12,13,14,15,16,17,18,19,20",10,8,72,30.571,,UNKNOWN,,,,0,db_error,"ERROR:  relation ""revenue0"" does not exist LINE 1: ... s_address, s_phone, total_revenue from supplier, revenue0 w...                                                              ^",0.000
postgres,no_policy,16,11-20,"11,12,13,14,15,16,17,18,19,20",10,10,43,30.535,30.658,TRUE,0,0,0,1,,,0.000
postgres,no_policy,17,11-20,"11,12,13,14,15,16,17,18,19,20",10,5,55,30.456,30.673,TRUE,1,1,0,1,,,0.000
postgres,no_policy,18,11-20,"11,12,13,14,15,16,17,18,19,20",10,9,78,30.499,30.551,TRUE,0,0,0,1,,,0.000
postgres,no_policy,19,11-20,"11,12,13,14,15,16,17,18,19,20",10,28,55,30.298,30.634,TRUE,1,1,0,1,,,0.000
postgres,no_policy,20,11-20,"11,12,13,14,15,16,17,18,19,20",10,14,72,30.410,30.542,TRUE,0,0,0,1,,,0.000
postgres,no_policy,21,11-20,"11,12,13,14,15,16,17,18,19,20",10,17,72,30.416,30.604,TRUE,0,0,0,1,,,0.000
postgres,no_policy,22,11-20,"11,12,13,14,15,16,17,18,19,20",10,9,69,30.714,30.502,TRUE,0,0,0,1,,,0.000
postgres,view_based,1,11-20,"11,12,13,14,15,16,17,18,19,20",10,4,55,30.579,30.431,TRUE,0,0,2291,1,,,8.041
postgres,view_based,2,11-20,"11,12,13,14,15,16,17,18,19,20",10,15,34,30.709,30.621,TRUE,0,0,224,1,,,8.041
postgres,view_based,3,11-20,"11,12,13,14,15,16,17,18,19,20",10,8,58,30.407,30.661,TRUE,0,0,1599,1,,,8.041
postgres,view_based,4,11-20,"11,12,13,14,15,16,17,18,19,20",10,9,78,30.596,30.465,TRUE,0,0,1519,1,,,8.041
postgres,view_based,5,11-20,"11,12,13,14,15,16,17,18,19,20",10,12,58,30.894,30.565,TRUE,0,0,1249,1,,,8.041
postgres,view_based,6,11-20,"11,12,13,14,15,16,17,18,19,20",10,6,55,30.655,30.574,TRUE,1,1,2688,1,,,8.041
postgres,view_based,7,11-20,"11,12,13,14,15,16,17,18,19,20",10,15,26,30.447,30.473,TRUE,0,0,997,1,,,8.041
postgres,view_based,8,11-20,"11,12,13,14,15,16,17,18,19,20",10,15,34,30.916,30.475,TRUE,0,0,841,1,,,8.041
postgres,view_based,9,11-20,"11,12,13,14,15,16,17,18,19,20",10,11,34,30.574,30.501,TRUE,0,0,1186,1,,,8.041
postgres,view_based,10,11-20,"11,12,13,14,15,16,17,18,19,20",10,9,58,30.386,30.709,TRUE,0,0,2110,1,,,8.041
postgres,view_based,11,11-20,"11,12,13,14,15,16,17,18,19,20",10,9,34,30.552,30.638,TRUE,0,0,896,1,,,8.041
postgres,view_based,12,11-20,"11,12,13,14,15,16,17,18,19,20",10,11,69,30.515,30.651,TRUE,0,0,1784,1,,,8.041
postgres,view_based,13,11-20,"11,12,13,14,15,16,17,18,19,20",10,6,69,30.442,30.548,TRUE,0,0,1568,1,,,8.041
postgres,view_based,14,11-20,"11,12,13,14,15,16,17,18,19,20",10,4,55,30.755,30.751,TRUE,1,1,1792,1,,,8.041
postgres,view_based,15,11-20,"11,12,13,14,15,16,17,18,19,20",10,8,72,30.490,,UNKNOWN,,,,0,db_error,"ERROR:  relation ""revenue0"" does not exist LINE 1: ... s_address, s_phone, total_revenue from supplier, revenue0 w...                                                              ^",8.041
postgres,view_based,16,11-20,"11,12,13,14,15,16,17,18,19,20",10,10,43,30.535,30.639,TRUE,0,0,0,1,,,8.041
postgres,view_based,17,11-20,"11,12,13,14,15,16,17,18,19,20",10,5,55,30.455,30.710,TRUE,1,1,2005,1,,,8.041
postgres,view_based,18,11-20,"11,12,13,14,15,16,17,18,19,20",10,9,78,30.280,30.585,TRUE,0,0,3584,1,,,8.041
postgres,view_based,19,11-20,"11,12,13,14,15,16,17,18,19,20",10,28,55,30.375,30.544,TRUE,1,1,1107,1,,,8.041
postgres,view_based,20,11-20,"11,12,13,14,15,16,17,18,19,20",10,14,72,30.585,30.463,TRUE,0,0,1354,1,,,8.041
postgres,view_based,21,11-20,"11,12,13,14,15,16,17,18,19,20",10,17,72,30.419,30.606,TRUE,0,0,3245,1,,,8.041
postgres,view_based,22,11-20,"11,12,13,14,15,16,17,18,19,20",10,9,69,30.407,30.520,TRUE,0,0,672,1,,,8.041
postgres,rls,1,11-20,"11,12,13,14,15,16,17,18,19,20",10,4,55,30.526,30.586,TRUE,0,0,3472,1,,,0.000
postgres,rls,2,11-20,"11,12,13,14,15,16,17,18,19,20",10,15,34,30.542,30.590,TRUE,0,0,448,1,,,0.000
postgres,rls,3,11-20,"11,12,13,14,15,16,17,18,19,20",10,8,58,30.561,30.603,TRUE,0,0,3581,1,,,0.000
postgres,rls,4,11-20,"11,12,13,14,15,16,17,18,19,20",10,9,78,30.336,30.709,TRUE,0,0,4059,1,,,0.000
postgres,rls,5,11-20,"11,12,13,14,15,16,17,18,19,20",10,12,58,30.565,30.597,TRUE,0,0,3743,1,,,0.000
postgres,rls,6,11-20,"11,12,13,14,15,16,17,18,19,20",10,6,55,30.469,30.645,TRUE,1,1,4244,1,,,0.000
postgres,rls,7,11-20,"11,12,13,14,15,16,17,18,19,20",10,15,26,30.663,30.662,TRUE,0,0,3936,1,,,0.000
postgres,rls,8,11-20,"11,12,13,14,15,16,17,18,19,20",10,15,34,30.697,30.665,TRUE,0,0,3890,1,,,0.000
postgres,rls,9,11-20,"11,12,13,14,15,16,17,18,19,20",10,11,34,30.541,30.664,TRUE,0,0,3471,1,,,0.000
postgres,rls,10,11-20,"11,12,13,14,15,16,17,18,19,20",10,9,58,30.658,30.626,TRUE,0,0,4244,1,,,0.000
postgres,rls,11,11-20,"11,12,13,14,15,16,17,18,19,20",10,9,34,30.470,30.475,TRUE,0,0,672,1,,,0.000
postgres,rls,12,11-20,"11,12,13,14,15,16,17,18,19,20",10,11,69,30.690,30.659,TRUE,0,0,3781,1,,,0.000
postgres,rls,13,11-20,"11,12,13,14,15,16,17,18,19,20",10,6,69,30.638,30.722,TRUE,0,0,1792,1,,,0.000
postgres,rls,14,11-20,"11,12,13,14,15,16,17,18,19,20",10,4,55,30.474,30.754,TRUE,1,1,1612,1,,,0.000
postgres,rls,15,11-20,"11,12,13,14,15,16,17,18,19,20",10,8,72,30.474,,UNKNOWN,,,,0,db_error,"ERROR:  relation ""revenue0"" does not exist LINE 1: ... s_address, s_phone, total_revenue from supplier, revenue0 w...                                                              ^",0.000
postgres,rls,16,11-20,"11,12,13,14,15,16,17,18,19,20",10,10,43,30.311,30.576,TRUE,0,0,-224,1,,,0.000
postgres,rls,17,11-20,"11,12,13,14,15,16,17,18,19,20",10,5,55,30.512,30.629,TRUE,1,1,-224,1,,,0.000
postgres,rls,18,11-20,"11,12,13,14,15,16,17,18,19,20",10,9,78,30.457,30.599,TRUE,0,0,448,1,,,0.000
postgres,rls,19,11-20,"11,12,13,14,15,16,17,18,19,20",10,28,55,30.576,30.687,TRUE,1,1,-224,1,,,0.000
postgres,rls,20,11-20,"11,12,13,14,15,16,17,18,19,20",10,14,72,30.484,30.752,TRUE,0,0,224,1,,,0.000
postgres,rls,21,11-20,"11,12,13,14,15,16,17,18,19,20",10,17,72,30.342,30.635,TRUE,0,0,45,1,,,0.000
postgres,rls,22,11-20,"11,12,13,14,15,16,17,18,19,20",10,9,69,30.580,30.625,TRUE,0,0,224,1,,,0.000
postgres,rls_index,1,11-20,"11,12,13,14,15,16,17,18,19,20",10,4,55,30.611,30.663,TRUE,0,0,5770,1,,,100.608
postgres,rls_index,2,11-20,"11,12,13,14,15,16,17,18,19,20",10,15,34,30.633,30.534,TRUE,0,0,1568,1,,,100.608
postgres,rls_index,3,11-20,"11,12,13,14,15,16,17,18,19,20",10,8,58,30.342,30.557,TRUE,0,0,6091,1,,,100.608
postgres,rls_index,4,11-20,"11,12,13,14,15,16,17,18,19,20",10,9,78,30.367,30.642,TRUE,0,0,6412,1,,,100.608
postgres,rls_index,5,11-20,"11,12,13,14,15,16,17,18,19,20",10,12,58,30.609,30.685,TRUE,0,0,6055,1,,,100.608
postgres,rls_index,6,11-20,"11,12,13,14,15,16,17,18,19,20",10,6,55,30.517,30.694,TRUE,1,1,6260,1,,,100.608
postgres,rls_index,7,11-20,"11,12,13,14,15,16,17,18,19,20",10,15,26,30.542,30.636,TRUE,0,0,5650,1,,,100.608
postgres,rls_index,8,11-20,"11,12,13,14,15,16,17,18,19,20",10,15,34,30.286,30.473,TRUE,0,0,6061,1,,,100.608
postgres,rls_index,9,11-20,"11,12,13,14,15,16,17,18,19,20",10,11,34,30.455,30.553,TRUE,0,0,5070,1,,,100.608
postgres,rls_index,10,11-20,"11,12,13,14,15,16,17,18,19,20",10,9,58,30.413,30.648,TRUE,0,0,6211,1,,,100.608
postgres,rls_index,11,11-20,"11,12,13,14,15,16,17,18,19,20",10,9,34,30.425,30.607,TRUE,0,0,1792,1,,,100.608
postgres,rls_index,12,11-20,"11,12,13,14,15,16,17,18,19,20",10,11,69,30.602,30.648,TRUE,0,0,6164,1,,,100.608
postgres,rls_index,13,11-20,"11,12,13,14,15,16,17,18,19,20",10,6,69,30.642,30.704,TRUE,0,0,2604,1,,,100.608
postgres,rls_index,14,11-20,"11,12,13,14,15,16,17,18,19,20",10,4,55,30.400,30.571,TRUE,1,1,5321,1,,,100.608
postgres,rls_index,15,11-20,"11,12,13,14,15,16,17,18,19,20",10,8,72,30.485,,UNKNOWN,,,,0,db_error,"ERROR:  relation ""revenue0"" does not exist LINE 1: ... s_address, s_phone, total_revenue from supplier, revenue0 w...                                                              ^",100.608
postgres,rls_index,16,11-20,"11,12,13,14,15,16,17,18,19,20",10,10,43,30.521,30.483,TRUE,0,0,672,1,,,100.608
postgres,rls_index,17,11-20,"11,12,13,14,15,16,17,18,19,20",10,5,55,30.576,30.568,TRUE,1,1,1120,1,,,100.608
postgres,rls_index,18,11-20,"11,12,13,14,15,16,17,18,19,20",10,9,78,30.512,30.604,TRUE,0,0,1344,1,,,100.608
postgres,rls_index,19,11-20,"11,12,13,14,15,16,17,18,19,20",10,28,55,30.508,30.541,TRUE,1,1,672,1,,,100.608
postgres,rls_index,20,11-20,"11,12,13,14,15,16,17,18,19,20",10,14,72,30.471,30.653,TRUE,0,0,1120,1,,,100.608
postgres,rls_index,21,11-20,"11,12,13,14,15,16,17,18,19,20",10,17,72,30.685,30.619,TRUE,0,0,1165,1,,,100.608
postgres,rls_index,22,11-20,"11,12,13,14,15,16,17,18,19,20",10,9,69,30.611,30.632,TRUE,0,0,224,1,,,100.608
postgres,sieve,1,11-20,"11,12,13,14,15,16,17,18,19,20",10,4,55,30.607,30.659,TRUE,0,0,4072,1,,,9.347
postgres,sieve,2,11-20,"11,12,13,14,15,16,17,18,19,20",10,15,34,30.336,30.699,TRUE,0,0,448,1,,,9.347
postgres,sieve,3,11-20,"11,12,13,14,15,16,17,18,19,20",10,8,58,30.520,30.532,TRUE,0,0,3982,1,,,9.347
postgres,sieve,4,11-20,"11,12,13,14,15,16,17,18,19,20",10,9,78,30.466,30.349,TRUE,0,0,4335,1,,,9.347
postgres,sieve,5,11-20,"11,12,13,14,15,16,17,18,19,20",10,12,58,30.549,30.670,TRUE,0,0,3485,1,,,9.347
postgres,sieve,6,11-20,"11,12,13,14,15,16,17,18,19,20",10,6,55,30.628,30.648,TRUE,1,1,4251,1,,,9.347
postgres,sieve,7,11-20,"11,12,13,14,15,16,17,18,19,20",10,15,26,30.708,30.660,TRUE,0,0,3881,1,,,9.347
postgres,sieve,8,11-20,"11,12,13,14,15,16,17,18,19,20",10,15,34,30.527,30.622,TRUE,0,0,3898,1,,,9.347
postgres,sieve,9,11-20,"11,12,13,14,15,16,17,18,19,20",10,11,34,30.577,30.562,TRUE,0,0,1540,1,,,9.347
postgres,sieve,10,11-20,"11,12,13,14,15,16,17,18,19,20",10,9,58,30.484,30.585,TRUE,0,0,4590,1,,,9.347
postgres,sieve,11,11-20,"11,12,13,14,15,16,17,18,19,20",10,9,34,30.430,30.546,TRUE,0,0,1120,1,,,9.347
postgres,sieve,12,11-20,"11,12,13,14,15,16,17,18,19,20",10,11,69,30.358,30.579,TRUE,0,0,3922,1,,,9.347
postgres,sieve,13,11-20,"11,12,13,14,15,16,17,18,19,20",10,6,69,30.433,30.722,TRUE,0,0,2195,1,,,9.347
postgres,sieve,14,11-20,"11,12,13,14,15,16,17,18,19,20",10,4,55,30.457,30.676,TRUE,1,1,3552,1,,,9.347
postgres,sieve,15,11-20,"11,12,13,14,15,16,17,18,19,20",10,8,72,30.380,,UNKNOWN,,,,0,db_error,"ERROR:  relation ""revenue0"" does not exist LINE 1: ... s_address, s_phone, total_revenue from supplier, revenue0 w...                                                              ^",9.347
postgres,sieve,16,11-20,"11,12,13,14,15,16,17,18,19,20",10,10,43,30.605,30.573,TRUE,0,0,1120,1,,,9.347
postgres,sieve,17,11-20,"11,12,13,14,15,16,17,18,19,20",10,5,55,30.460,30.677,TRUE,1,1,6505,1,,,9.347
postgres,sieve,18,11-20,"11,12,13,14,15,16,17,18,19,20",10,9,78,30.409,30.594,TRUE,0,0,7910,1,,,9.347
postgres,sieve,19,11-20,"11,12,13,14,15,16,17,18,19,20",10,28,55,30.396,30.736,TRUE,1,1,4386,1,,,9.347
postgres,sieve,20,11-20,"11,12,13,14,15,16,17,18,19,20",10,14,72,30.491,30.691,TRUE,0,0,4751,1,,,9.347
postgres,sieve,21,11-20,"11,12,13,14,15,16,17,18,19,20",10,17,72,30.491,30.679,TRUE,0,0,11500,1,,,9.347
postgres,sieve,22,11-20,"11,12,13,14,15,16,17,18,19,20",10,9,69,30.472,30.581,TRUE,0,0,1344,1,,,9.347
postgres,sieve_index,1,11-20,"11,12,13,14,15,16,17,18,19,20",10,4,55,30.747,30.513,TRUE,0,0,6622,1,,,98.966
postgres,sieve_index,2,11-20,"11,12,13,14,15,16,17,18,19,20",10,15,34,30.284,30.664,TRUE,0,0,1344,1,,,98.966
postgres,sieve_index,3,11-20,"11,12,13,14,15,16,17,18,19,20",10,8,58,30.405,30.587,TRUE,0,0,6481,1,,,98.966
postgres,sieve_index,4,11-20,"11,12,13,14,15,16,17,18,19,20",10,9,78,30.439,30.679,TRUE,0,0,6219,1,,,98.966
postgres,sieve_index,5,11-20,"11,12,13,14,15,16,17,18,19,20",10,12,58,30.349,30.666,TRUE,0,0,5988,1,,,98.966
postgres,sieve_index,6,11-20,"11,12,13,14,15,16,17,18,19,20",10,6,55,30.417,30.565,TRUE,1,1,6572,1,,,98.966
postgres,sieve_index,7,11-20,"11,12,13,14,15,16,17,18,19,20",10,15,26,30.480,30.605,TRUE,0,0,5980,1,,,98.966
postgres,sieve_index,8,11-20,"11,12,13,14,15,16,17,18,19,20",10,15,34,30.328,30.505,TRUE,0,0,6280,1,,,98.966
postgres,sieve_index,9,11-20,"11,12,13,14,15,16,17,18,19,20",10,11,34,30.588,30.556,TRUE,0,0,5330,1,,,98.966
postgres,sieve_index,10,11-20,"11,12,13,14,15,16,17,18,19,20",10,9,58,30.654,30.707,TRUE,0,0,6509,1,,,98.966
postgres,sieve_index,11,11-20,"11,12,13,14,15,16,17,18,19,20",10,9,34,30.429,30.647,TRUE,0,0,1344,1,,,98.966
postgres,sieve_index,12,11-20,"11,12,13,14,15,16,17,18,19,20",10,11,69,30.516,30.735,TRUE,0,0,6357,1,,,98.966
postgres,sieve_index,13,11-20,"11,12,13,14,15,16,17,18,19,20",10,6,69,30.433,30.542,TRUE,0,0,3091,1,,,98.966
postgres,sieve_index,14,11-20,"11,12,13,14,15,16,17,18,19,20",10,4,55,30.666,30.706,TRUE,1,1,1030,1,,,98.966
postgres,sieve_index,15,11-20,"11,12,13,14,15,16,17,18,19,20",10,8,72,30.618,,UNKNOWN,,,,0,db_error,"ERROR:  relation ""revenue0"" does not exist LINE 1: ... s_address, s_phone, total_revenue from supplier, revenue0 w...                                                              ^",98.966
postgres,sieve_index,16,11-20,"11,12,13,14,15,16,17,18,19,20",10,10,43,30.547,30.548,TRUE,0,0,448,1,,,98.966
postgres,sieve_index,17,11-20,"11,12,13,14,15,16,17,18,19,20",10,5,55,30.602,30.570,TRUE,1,1,1344,1,,,98.966
postgres,sieve_index,18,11-20,"11,12,13,14,15,16,17,18,19,20",10,9,78,30.378,30.610,TRUE,0,0,1487,1,,,98.966
postgres,sieve_index,19,11-20,"11,12,13,14,15,16,17,18,19,20",10,28,55,30.541,30.675,TRUE,1,1,403,1,,,98.966
postgres,sieve_index,20,11-20,"11,12,13,14,15,16,17,18,19,20",10,14,72,30.349,30.601,TRUE,0,0,896,1,,,98.966
postgres,sieve_index,21,11-20,"11,12,13,14,15,16,17,18,19,20",10,17,72,30.417,30.655,TRUE,0,0,1235,1,,,98.966
postgres,sieve_index,22,11-20,"11,12,13,14,15,16,17,18,19,20",10,9,69,30.527,30.574,TRUE,0,0,896,1,,,98.966
postgres,ours,1,11-20,"11,12,13,14,15,16,17,18,19,20",10,4,55,30.907,30.836,TRUE,0,0,9408,1,,,7.398
postgres,ours,2,11-20,"11,12,13,14,15,16,17,18,19,20",10,15,34,30.693,30.947,TRUE,0,0,7840,1,,,7.398
postgres,ours,3,11-20,"11,12,13,14,15,16,17,18,19,20",10,8,58,30.661,30.884,TRUE,0,0,8960,1,,,7.398
postgres,ours,4,11-20,"11,12,13,14,15,16,17,18,19,20",10,9,78,30.720,30.871,TRUE,0,0,9096,1,,,7.398
postgres,ours,5,11-20,"11,12,13,14,15,16,17,18,19,20",10,12,58,31.039,30.785,TRUE,0,0,8915,1,,,7.398
postgres,ours,6,11-20,"11,12,13,14,15,16,17,18,19,20",10,6,55,30.886,30.819,TRUE,1,1,10080,1,,,7.398
postgres,ours,7,11-20,"11,12,13,14,15,16,17,18,19,20",10,15,26,30.675,30.653,TRUE,0,0,9184,1,,,7.398
postgres,ours,8,11-20,"11,12,13,14,15,16,17,18,19,20",10,15,34,30.686,30.763,TRUE,0,0,9184,1,,,7.398
postgres,ours,9,11-20,"11,12,13,14,15,16,17,18,19,20",10,11,34,30.782,30.774,TRUE,0,0,8960,1,,,7.398
postgres,ours,10,11-20,"11,12,13,14,15,16,17,18,19,20",10,9,58,30.906,30.798,TRUE,0,0,9408,1,,,7.398
postgres,ours,11,11-20,"11,12,13,14,15,16,17,18,19,20",10,9,34,30.568,30.844,TRUE,0,0,9094,1,,,7.398
postgres,ours,12,11-20,"11,12,13,14,15,16,17,18,19,20",10,11,69,30.726,30.922,TRUE,0,0,9408,1,,,7.398
postgres,ours,13,11-20,"11,12,13,14,15,16,17,18,19,20",10,6,69,30.813,30.708,TRUE,0,0,9408,1,,,7.398
postgres,ours,14,11-20,"11,12,13,14,15,16,17,18,19,20",10,4,55,30.911,30.783,TRUE,1,1,9856,1,,,7.398
postgres,ours,15,11-20,"11,12,13,14,15,16,17,18,19,20",10,8,72,30.734,,UNKNOWN,,,,0,db_error,"ERROR:  relation ""revenue0"" does not exist LINE 1: ... s_address, s_phone, total_revenue from supplier, revenue0 w...                                                              ^",7.398
postgres,ours,16,11-20,"11,12,13,14,15,16,17,18,19,20",10,10,43,30.784,30.804,TRUE,0,0,8736,1,,,7.398
postgres,ours,17,11-20,"11,12,13,14,15,16,17,18,19,20",10,5,55,30.732,30.784,TRUE,1,1,9632,1,,,7.398
postgres,ours,18,11-20,"11,12,13,14,15,16,17,18,19,20",10,9,78,30.815,30.788,TRUE,0,0,9945,1,,,7.398
postgres,ours,19,11-20,"11,12,13,14,15,16,17,18,19,20",10,28,55,30.845,30.951,TRUE,1,1,9184,1,,,7.398
postgres,ours,20,11-20,"11,12,13,14,15,16,17,18,19,20",10,14,72,30.680,30.753,TRUE,0,0,10304,1,,,7.398
postgres,ours,21,11-20,"11,12,13,14,15,16,17,18,19,20",10,17,72,31.121,30.977,TRUE,0,0,9945,1,,,7.398
postgres,ours,22,11-20,"11,12,13,14,15,16,17,18,19,20",10,9,69,30.765,30.825,TRUE,0,0,8960,1,,,7.398
postgres,no_policy,1,21-25,"21,22,23,24,25",5,4,6,30.422,30.662,TRUE,0,0,0,1,,,0.000
postgres,no_policy,2,21-25,"21,22,23,24,25",5,15,2,30.452,30.664,TRUE,0,0,0,1,,,0.000
postgres,no_policy,3,21-25,"21,22,23,24,25",5,8,0,30.487,30.592,TRUE,0,0,0,1,,,0.000
postgres,no_policy,4,21-25,"21,22,23,24,25",5,9,6,30.363,30.570,TRUE,0,0,0,1,,,0.000
postgres,no_policy,5,21-25,"21,22,23,24,25",5,12,0,30.619,30.584,TRUE,0,0,0,1,,,0.000
postgres,no_policy,6,21-25,"21,22,23,24,25",5,6,6,30.468,30.694,TRUE,1,1,0,1,,,0.000
postgres,no_policy,7,21-25,"21,22,23,24,25",5,15,3,30.471,30.485,TRUE,0,0,0,1,,,0.000
postgres,no_policy,8,21-25,"21,22,23,24,25",5,15,0,30.693,30.692,TRUE,0,0,0,1,,,0.000
postgres,no_policy,9,21-25,"21,22,23,24,25",5,11,0,30.632,30.558,TRUE,0,0,0,1,,,0.000
postgres,no_policy,10,21-25,"21,22,23,24,25",5,9,0,30.582,30.543,TRUE,0,0,0,1,,,0.000
postgres,no_policy,11,21-25,"21,22,23,24,25",5,9,2,30.441,30.610,TRUE,0,0,0,1,,,0.000
postgres,no_policy,12,21-25,"21,22,23,24,25",5,11,0,30.509,30.741,TRUE,0,0,0,1,,,0.000
postgres,no_policy,13,21-25,"21,22,23,24,25",5,6,0,30.440,30.671,TRUE,0,0,0,1,,,0.000
postgres,no_policy,14,21-25,"21,22,23,24,25",5,4,6,30.556,30.617,TRUE,1,1,0,1,,,0.000
postgres,no_policy,15,21-25,"21,22,23,24,25",5,8,9,30.322,,UNKNOWN,,,,0,db_error,"ERROR:  relation ""revenue0"" does not exist LINE 1: ... s_address, s_phone, total_revenue from supplier, revenue0 w...                                                              ^",0.000
postgres,no_policy,16,21-25,"21,22,23,24,25",5,10,5,30.726,30.650,TRUE,0,0,0,1,,,0.000
postgres,no_policy,17,21-25,"21,22,23,24,25",5,5,6,30.472,30.630,TRUE,1,1,0,1,,,0.000
postgres,no_policy,18,21-25,"21,22,23,24,25",5,9,6,30.597,30.484,TRUE,0,0,0,1,,,0.000
postgres,no_policy,19,21-25,"21,22,23,24,25",5,28,6,30.382,30.561,TRUE,1,1,0,1,,,0.000
postgres,no_policy,20,21-25,"21,22,23,24,25",5,14,11,30.567,30.644,TRUE,0,0,0,1,,,0.000
postgres,no_policy,21,21-25,"21,22,23,24,25",5,17,9,30.536,30.636,TRUE,0,0,0,1,,,0.000
postgres,no_policy,22,21-25,"21,22,23,24,25",5,9,0,30.484,30.691,TRUE,0,0,0,1,,,0.000
postgres,view_based,1,21-25,"21,22,23,24,25",5,4,6,30.525,30.589,TRUE,0,0,1120,1,,,8.199
postgres,view_based,2,21-25,"21,22,23,24,25",5,15,2,30.399,30.463,TRUE,0,0,448,1,,,8.199
postgres,view_based,3,21-25,"21,22,23,24,25",5,8,0,30.421,30.578,TRUE,0,0,1120,1,,,8.199
postgres,view_based,4,21-25,"21,22,23,24,25",5,9,6,30.480,30.747,TRUE,0,0,1344,1,,,8.199
postgres,view_based,5,21-25,"21,22,23,24,25",5,12,0,30.354,30.409,TRUE,0,0,1031,1,,,8.199
postgres,view_based,6,21-25,"21,22,23,24,25",5,6,6,30.386,30.561,TRUE,1,1,1120,1,,,8.199
postgres,view_based,7,21-25,"21,22,23,24,25",5,15,3,30.420,30.663,TRUE,0,0,1344,1,,,8.199
postgres,view_based,8,21-25,"21,22,23,24,25",5,15,0,30.486,30.580,TRUE,0,0,967,1,,,8.199
postgres,view_based,9,21-25,"21,22,23,24,25",5,11,0,30.559,30.467,TRUE,0,0,717,1,,,8.199
postgres,view_based,10,21-25,"21,22,23,24,25",5,9,0,30.603,30.666,TRUE,0,0,672,1,,,8.199
postgres,view_based,11,21-25,"21,22,23,24,25",5,9,2,30.572,30.557,TRUE,0,0,672,1,,,8.199
postgres,view_based,12,21-25,"21,22,23,24,25",5,11,0,30.554,30.611,TRUE,0,0,1120,1,,,8.199
postgres,view_based,13,21-25,"21,22,23,24,25",5,6,0,30.485,30.420,TRUE,0,0,-448,1,,,8.199
postgres,view_based,14,21-25,"21,22,23,24,25",5,4,6,30.781,30.569,TRUE,1,1,1344,1,,,8.199
postgres,view_based,15,21-25,"21,22,23,24,25",5,8,9,30.422,,UNKNOWN,,,,0,db_error,"ERROR:  relation ""revenue0"" does not exist LINE 1: ...phone, total_revenue from cf_v_supplier supplier, revenue0 w...                                                              ^",8.199
postgres,view_based,16,21-25,"21,22,23,24,25",5,10,5,30.559,30.755,TRUE,0,0,448,1,,,8.199
postgres,view_based,17,21-25,"21,22,23,24,25",5,5,6,30.640,30.602,TRUE,1,1,1696,1,,,8.199
postgres,view_based,18,21-25,"21,22,23,24,25",5,9,6,30.490,30.400,TRUE,0,0,1344,1,,,8.199
postgres,view_based,19,21-25,"21,22,23,24,25",5,28,6,30.639,30.539,TRUE,1,1,1523,1,,,8.199
postgres,view_based,20,21-25,"21,22,23,24,25",5,14,11,30.583,30.667,TRUE,0,0,1344,1,,,8.199
postgres,view_based,21,21-25,"21,22,23,24,25",5,17,9,30.287,30.468,TRUE,0,0,1344,1,,,8.199
postgres,view_based,22,21-25,"21,22,23,24,25",5,9,0,30.451,30.522,TRUE,0,0,0,1,,,8.199
postgres,rls,1,21-25,"21,22,23,24,25",5,4,6,30.660,30.611,TRUE,0,0,1120,1,,,0.000
postgres,rls,2,21-25,"21,22,23,24,25",5,15,2,30.486,30.590,TRUE,0,0,448,1,,,0.000
postgres,rls,3,21-25,"21,22,23,24,25",5,8,0,30.457,30.560,TRUE,0,0,672,1,,,0.000
postgres,rls,4,21-25,"21,22,23,24,25",5,9,6,30.322,30.586,TRUE,0,0,224,1,,,0.000
postgres,rls,5,21-25,"21,22,23,24,25",5,12,0,30.620,30.612,TRUE,0,0,672,1,,,0.000
postgres,rls,6,21-25,"21,22,23,24,25",5,6,6,30.500,30.595,TRUE,1,1,448,1,,,0.000
postgres,rls,7,21-25,"21,22,23,24,25",5,15,3,30.455,30.589,TRUE,0,0,1120,1,,,0.000
postgres,rls,8,21-25,"21,22,23,24,25",5,15,0,30.583,30.585,TRUE,0,0,672,1,,,0.000
postgres,rls,9,21-25,"21,22,23,24,25",5,11,0,30.565,30.639,TRUE,0,0,45,1,,,0.000
postgres,rls,10,21-25,"21,22,23,24,25",5,9,0,30.456,30.684,TRUE,0,0,224,1,,,0.000
postgres,rls,11,21-25,"21,22,23,24,25",5,9,2,30.538,30.629,TRUE,0,0,896,1,,,0.000
postgres,rls,12,21-25,"21,22,23,24,25",5,11,0,30.540,30.666,TRUE,0,0,692,1,,,0.000
postgres,rls,13,21-25,"21,22,23,24,25",5,6,0,30.699,30.560,TRUE,0,0,0,1,,,0.000
postgres,rls,14,21-25,"21,22,23,24,25",5,4,6,30.409,30.597,TRUE,1,1,0,1,,,0.000
postgres,rls,15,21-25,"21,22,23,24,25",5,8,9,30.947,,UNKNOWN,,,,0,db_error,"ERROR:  relation ""revenue0"" does not exist LINE 1: ... s_address, s_phone, total_revenue from supplier, revenue0 w...                                                              ^",0.000
postgres,rls,16,21-25,"21,22,23,24,25",5,10,5,30.643,30.571,TRUE,0,0,-448,1,,,0.000
postgres,rls,17,21-25,"21,22,23,24,25",5,5,6,30.613,30.557,TRUE,1,1,800,1,,,0.000
postgres,rls,18,21-25,"21,22,23,24,25",5,9,6,30.472,30.609,TRUE,0,0,672,1,,,0.000
postgres,rls,19,21-25,"21,22,23,24,25",5,28,6,30.304,30.667,TRUE,1,1,672,1,,,0.000
postgres,rls,20,21-25,"21,22,23,24,25",5,14,11,30.785,30.626,TRUE,0,0,672,1,,,0.000
postgres,rls,21,21-25,"21,22,23,24,25",5,17,9,30.538,30.594,TRUE,0,0,-224,1,,,0.000
postgres,rls,22,21-25,"21,22,23,24,25",5,9,0,30.499,30.588,TRUE,0,0,0,1,,,0.000
postgres,rls_index,1,21-25,"21,22,23,24,25",5,4,6,30.738,30.725,TRUE,0,0,1344,1,,,38.267
postgres,rls_index,2,21-25,"21,22,23,24,25",5,15,2,30.550,30.597,TRUE,0,0,896,1,,,38.267
postgres,rls_index,3,21-25,"21,22,23,24,25",5,8,0,30.409,30.686,TRUE,0,0,672,1,,,38.267
postgres,rls_index,4,21-25,"21,22,23,24,25",5,9,6,30.456,30.586,TRUE,0,0,1568,1,,,38.267
postgres,rls_index,5,21-25,"21,22,23,24,25",5,12,0,30.552,30.503,TRUE,0,0,1344,1,,,38.267
postgres,rls_index,6,21-25,"21,22,23,24,25",5,6,6,30.373,30.593,TRUE,1,1,1344,1,,,38.267
postgres,rls_index,7,21-25,"21,22,23,24,25",5,15,3,30.584,30.575,TRUE,0,0,1792,1,,,38.267
postgres,rls_index,8,21-25,"21,22,23,24,25",5,15,0,30.530,30.627,TRUE,0,0,1120,1,,,38.267
postgres,rls_index,9,21-25,"21,22,23,24,25",5,11,0,30.890,31.221,TRUE,0,0,1165,1,,,38.267
postgres,rls_index,10,21-25,"21,22,23,24,25",5,9,0,31.198,31.086,TRUE,0,0,896,1,,,38.267
postgres,rls_index,11,21-25,"21,22,23,24,25",5,9,2,31.105,31.146,TRUE,0,0,896,1,,,38.267
postgres,rls_index,12,21-25,"21,22,23,24,25",5,11,0,30.990,31.213,TRUE,0,0,1344,1,,,38.267
postgres,rls_index,13,21-25,"21,22,23,24,25",5,6,0,31.062,30.895,TRUE,0,0,-224,1,,,38.267
postgres,rls_index,14,21-25,"21,22,23,24,25",5,4,6,31.161,31.369,TRUE,1,1,1120,1,,,38.267
postgres,rls_index,15,21-25,"21,22,23,24,25",5,8,9,30.812,,UNKNOWN,,,,0,db_error,"ERROR:  relation ""revenue0"" does not exist LINE 1: ... s_address, s_phone, total_revenue from supplier, revenue0 w...                                                              ^",38.267
postgres,rls_index,16,21-25,"21,22,23,24,25",5,10,5,31.139,31.352,TRUE,0,0,0,1,,,38.267
postgres,rls_index,17,21-25,"21,22,23,24,25",5,5,6,31.006,31.046,TRUE,1,1,1472,1,,,38.267
postgres,rls_index,18,21-25,"21,22,23,24,25",5,9,6,30.459,31.226,TRUE,0,0,1344,1,,,38.267
postgres,rls_index,19,21-25,"21,22,23,24,25",5,28,6,31.103,31.325,TRUE,1,1,896,1,,,38.267
postgres,rls_index,20,21-25,"21,22,23,24,25",5,14,11,30.366,30.964,TRUE,0,0,1344,1,,,38.267
postgres,rls_index,21,21-25,"21,22,23,24,25",5,17,9,30.983,31.086,TRUE,0,0,1299,1,,,38.267
postgres,rls_index,22,21-25,"21,22,23,24,25",5,9,0,30.967,31.227,TRUE,0,0,224,1,,,38.267
postgres,sieve,1,21-25,"21,22,23,24,25",5,4,6,31.092,31.265,TRUE,0,0,627,1,,,15.552
postgres,sieve,2,21-25,"21,22,23,24,25",5,15,2,30.976,31.112,TRUE,0,0,224,1,,,15.552
postgres,sieve,3,21-25,"21,22,23,24,25",5,8,0,31.001,31.312,TRUE,0,0,672,1,,,15.552
postgres,sieve,4,21-25,"21,22,23,24,25",5,9,6,31.123,31.230,TRUE,0,0,1568,1,,,15.552
postgres,sieve,5,21-25,"21,22,23,24,25",5,12,0,31.138,31.082,TRUE,0,0,851,1,,,15.552
postgres,sieve,6,21-25,"21,22,23,24,25",5,6,6,30.996,31.172,TRUE,1,1,896,1,,,15.552
postgres,sieve,7,21-25,"21,22,23,24,25",5,15,3,30.944,31.303,TRUE,0,0,1299,1,,,15.552
postgres,sieve,8,21-25,"21,22,23,24,25",5,15,0,30.998,31.104,TRUE,0,0,851,1,,,15.552
postgres,sieve,9,21-25,"21,22,23,24,25",5,11,0,31.003,31.258,TRUE,0,0,717,1,,,15.552
postgres,sieve,10,21-25,"21,22,23,24,25",5,9,0,30.978,31.275,TRUE,0,0,448,1,,,15.552
postgres,sieve,11,21-25,"21,22,23,24,25",5,9,2,31.019,31.100,TRUE,0,0,-156,1,,,15.552
postgres,sieve,12,21-25,"21,22,23,24,25",5,11,0,30.985,31.266,TRUE,0,0,1120,1,,,15.552
postgres,sieve,13,21-25,"21,22,23,24,25",5,6,0,31.017,30.784,TRUE,0,0,-448,1,,,15.552
postgres,sieve,14,21-25,"21,22,23,24,25",5,4,6,30.907,30.998,TRUE,1,1,1299,1,,,15.552
postgres,sieve,15,21-25,"21,22,23,24,25",5,8,9,31.171,,UNKNOWN,,,,0,db_error,"ERROR:  relation ""revenue0"" does not exist LINE 1: ...hone, total_revenue from cf_sv_supplier supplier, revenue0 w...                                                              ^",15.552
postgres,sieve,16,21-25,"21,22,23,24,25",5,10,5,31.194,31.299,TRUE,0,0,1344,1,,,15.552
postgres,sieve,17,21-25,"21,22,23,24,25",5,5,6,30.877,30.962,TRUE,1,1,2144,1,,,15.552
postgres,sieve,18,21-25,"21,22,23,24,25",5,9,6,31.041,31.096,TRUE,0,0,2240,1,,,15.552
postgres,sieve,19,21-25,"21,22,23,24,25",5,28,6,31.108,31.279,TRUE,1,1,2464,1,,,15.552
postgres,sieve,20,21-25,"21,22,23,24,25",5,14,11,31.125,31.309,TRUE,0,0,2688,1,,,15.552
postgres,sieve,21,21-25,"21,22,23,24,25",5,17,9,30.842,31.132,TRUE,0,0,2374,1,,,15.552
postgres,sieve,22,21-25,"21,22,23,24,25",5,9,0,30.934,31.164,TRUE,0,0,672,1,,,15.552
postgres,sieve_index,1,21-25,"21,22,23,24,25",5,4,6,30.566,31.372,TRUE,0,0,1344,1,,,47.643
postgres,sieve_index,2,21-25,"21,22,23,24,25",5,15,2,31.179,31.297,TRUE,0,0,672,1,,,47.643
postgres,sieve_index,3,21-25,"21,22,23,24,25",5,8,0,31.080,31.219,TRUE,0,0,1344,1,,,47.643
postgres,sieve_index,4,21-25,"21,22,23,24,25",5,9,6,30.847,31.159,TRUE,0,0,1568,1,,,47.643
postgres,sieve_index,5,21-25,"21,22,23,24,25",5,12,0,30.957,31.260,TRUE,0,0,1568,1,,,47.643
postgres,sieve_index,6,21-25,"21,22,23,24,25",5,6,6,31.078,31.338,TRUE,1,1,1792,1,,,47.643
postgres,sieve_index,7,21-25,"21,22,23,24,25",5,15,3,31.220,31.327,TRUE,0,0,1568,1,,,47.643
postgres,sieve_index,8,21-25,"21,22,23,24,25",5,15,0,31.066,31.201,TRUE,0,0,1344,1,,,47.643
postgres,sieve_index,9,21-25,"21,22,23,24,25",5,11,0,31.123,31.213,TRUE,0,0,1389,1,,,47.643
postgres,sieve_index,10,21-25,"21,22,23,24,25",5,9,0,31.022,31.352,TRUE,0,0,1120,1,,,47.643
postgres,sieve_index,11,21-25,"21,22,23,24,25",5,9,2,31.020,31.353,TRUE,0,0,896,1,,,47.643
postgres,sieve_index,12,21-25,"21,22,23,24,25",5,11,0,31.116,31.274,TRUE,0,0,1568,1,,,47.643
postgres,sieve_index,13,21-25,"21,22,23,24,25",5,6,0,31.173,30.963,TRUE,0,0,-672,1,,,47.643
postgres,sieve_index,14,21-25,"21,22,23,24,25",5,4,6,30.937,31.133,TRUE,1,1,1344,1,,,47.643
postgres,sieve_index,15,21-25,"21,22,23,24,25",5,8,9,31.133,,UNKNOWN,,,,0,db_error,"ERROR:  relation ""revenue0"" does not exist LINE 1: ...hone, total_revenue from cf_sv_supplier supplier, revenue0 w...                                                              ^",47.643
postgres,sieve_index,16,21-25,"21,22,23,24,25",5,10,5,31.103,31.288,TRUE,0,0,672,1,,,47.643
postgres,sieve_index,17,21-25,"21,22,23,24,25",5,5,6,30.384,31.181,TRUE,1,1,1920,1,,,47.643
postgres,sieve_index,18,21-25,"21,22,23,24,25",5,9,6,31.053,30.968,TRUE,0,0,1747,1,,,47.643
postgres,sieve_index,19,21-25,"21,22,23,24,25",5,28,6,30.914,31.172,TRUE,1,1,1344,1,,,47.643
postgres,sieve_index,20,21-25,"21,22,23,24,25",5,14,11,30.906,31.377,TRUE,0,0,1747,1,,,47.643
postgres,sieve_index,21,21-25,"21,22,23,24,25",5,17,9,31.117,31.101,TRUE,0,0,880,1,,,47.643
postgres,sieve_index,22,21-25,"21,22,23,24,25",5,9,0,31.271,31.336,TRUE,0,0,-448,1,,,47.643
postgres,ours,1,21-25,"21,22,23,24,25",5,4,6,31.409,31.598,TRUE,0,0,8512,1,,,13.358
postgres,ours,2,21-25,"21,22,23,24,25",5,15,2,31.318,31.625,TRUE,0,0,8512,1,,,13.358
postgres,ours,3,21-25,"21,22,23,24,25",5,8,0,31.395,31.587,TRUE,0,0,8019,1,,,13.358
postgres,ours,4,21-25,"21,22,23,24,25",5,9,6,31.019,31.401,TRUE,0,0,8915,1,,,13.358
postgres,ours,5,21-25,"21,22,23,24,25",5,12,0,31.204,31.550,TRUE,0,0,7840,1,,,13.358
postgres,ours,6,21-25,"21,22,23,24,25",5,6,6,30.914,31.559,TRUE,1,1,8915,1,,,13.358
postgres,ours,7,21-25,"21,22,23,24,25",5,15,3,30.773,31.431,TRUE,0,0,8736,1,,,13.358
postgres,ours,8,21-25,"21,22,23,24,25",5,15,0,31.338,31.238,TRUE,0,0,7840,1,,,13.358
postgres,ours,9,21-25,"21,22,23,24,25",5,11,0,30.962,31.466,TRUE,0,0,8109,1,,,13.358
postgres,ours,10,21-25,"21,22,23,24,25",5,9,0,30.885,31.524,TRUE,0,0,8064,1,,,13.358
postgres,ours,11,21-25,"21,22,23,24,25",5,9,2,31.516,31.177,TRUE,0,0,8288,1,,,13.358
postgres,ours,12,21-25,"21,22,23,24,25",5,11,0,30.687,31.475,TRUE,0,0,9004,1,,,13.358
postgres,ours,13,21-25,"21,22,23,24,25",5,6,0,30.945,31.493,TRUE,0,0,7616,1,,,13.358
postgres,ours,14,21-25,"21,22,23,24,25",5,4,6,31.574,31.719,TRUE,1,1,8288,1,,,13.358
postgres,ours,15,21-25,"21,22,23,24,25",5,8,9,31.676,,UNKNOWN,,,,0,db_error,"ERROR:  relation ""revenue0"" does not exist LINE 1: ... s_address, s_phone, total_revenue from supplier, revenue0 w...                                                              ^",13.358
postgres,ours,16,21-25,"21,22,23,24,25",5,10,5,31.341,31.705,TRUE,0,0,8288,1,,,13.358
postgres,ours,17,21-25,"21,22,23,24,25",5,5,6,30.850,31.482,TRUE,1,1,9760,1,,,13.358
postgres,ours,18,21-25,"21,22,23,24,25",5,9,6,31.512,31.641,TRUE,0,0,8915,1,,,13.358
postgres,ours,19,21-25,"21,22,23,24,25",5,28,6,30.545,30.868,TRUE,1,1,10080,1,,,13.358
postgres,ours,20,21-25,"21,22,23,24,25",5,14,11,30.699,30.588,TRUE,0,0,9856,1,,,13.358
postgres,ours,21,21-25,"21,22,23,24,25",5,17,9,30.638,30.731,TRUE,0,0,9363,1,,,13.358
postgres,ours,22,21-25,"21,22,23,24,25",5,9,0,30.544,30.807,TRUE,0,0,7616,1,,,13.358
postgres,no_policy,1,21-30,"21,22,23,24,25,26,27,28,29,30",10,4,13,30.475,30.768,TRUE,0,0,0,1,,,0.000
postgres,no_policy,2,21-30,"21,22,23,24,25,26,27,28,29,30",10,15,10,30.610,30.646,TRUE,0,0,0,1,,,0.000
postgres,no_policy,3,21-30,"21,22,23,24,25,26,27,28,29,30",10,8,8,30.589,30.796,TRUE,0,0,0,1,,,0.000
postgres,no_policy,4,21-30,"21,22,23,24,25,26,27,28,29,30",10,9,16,30.663,30.774,TRUE,0,0,0,1,,,0.000
postgres,no_policy,5,21-30,"21,22,23,24,25,26,27,28,29,30",10,12,8,30.697,30.822,TRUE,0,0,0,1,,,0.000
postgres,no_policy,6,21-30,"21,22,23,24,25,26,27,28,29,30",10,6,13,30.780,30.788,TRUE,1,1,0,1,,,0.000
postgres,no_policy,7,21-30,"21,22,23,24,25,26,27,28,29,30",10,15,8,30.535,30.743,TRUE,0,0,0,1,,,0.000
postgres,no_policy,8,21-30,"21,22,23,24,25,26,27,28,29,30",10,15,4,30.767,30.745,TRUE,0,0,0,1,,,0.000
postgres,no_policy,9,21-30,"21,22,23,24,25,26,27,28,29,30",10,11,4,30.498,30.654,TRUE,0,0,0,1,,,0.000
postgres,no_policy,10,21-30,"21,22,23,24,25,26,27,28,29,30",10,9,8,30.509,30.879,TRUE,0,0,0,1,,,0.000
postgres,no_policy,11,21-30,"21,22,23,24,25,26,27,28,29,30",10,9,10,30.349,30.467,TRUE,0,0,0,1,,,0.000
postgres,no_policy,12,21-30,"21,22,23,24,25,26,27,28,29,30",10,11,6,30.421,30.536,TRUE,0,0,0,1,,,0.000
postgres,no_policy,13,21-30,"21,22,23,24,25,26,27,28,29,30",10,6,11,30.322,30.494,TRUE,0,0,0,1,,,0.000
postgres,no_policy,14,21-30,"21,22,23,24,25,26,27,28,29,30",10,4,13,30.646,31.042,TRUE,1,1,0,1,,,0.000
postgres,no_policy,15,21-30,"21,22,23,24,25,26,27,28,29,30",10,8,21,30.874,,UNKNOWN,,,,0,db_error,"ERROR:  relation ""revenue0"" does not exist LINE 1: ... s_address, s_phone, total_revenue from supplier, revenue0 w...                                                              ^",0.000
postgres,no_policy,16,21-30,"21,22,23,24,25,26,27,28,29,30",10,10,18,30.682,30.730,TRUE,0,0,0,1,,,0.000
postgres,no_policy,17,21-30,"21,22,23,24,25,26,27,28,29,30",10,5,13,30.425,30.647,TRUE,1,1,0,1,,,0.000
postgres,no_policy,18,21-30,"21,22,23,24,25,26,27,28,29,30",10,9,21,30.503,30.479,TRUE,0,0,0,1,,,0.000
postgres,no_policy,19,21-30,"21,22,23,24,25,26,27,28,29,30",10,28,13,30.591,30.641,TRUE,1,1,0,1,,,0.000
postgres,no_policy,20,21-30,"21,22,23,24,25,26,27,28,29,30",10,14,27,30.344,30.690,TRUE,0,0,0,1,,,0.000
postgres,no_policy,21,21-30,"21,22,23,24,25,26,27,28,29,30",10,17,21,30.526,30.617,TRUE,0,0,0,1,,,0.000
postgres,no_policy,22,21-30,"21,22,23,24,25,26,27,28,29,30",10,9,11,30.356,30.699,TRUE,0,0,0,1,,,0.000
postgres,view_based,1,21-30,"21,22,23,24,25,26,27,28,29,30",10,4,13,30.682,30.598,TRUE,0,0,448,1,,,9.134
postgres,view_based,2,21-30,"21,22,23,24,25,26,27,28,29,30",10,15,10,30.495,30.756,TRUE,0,0,224,1,,,9.134
postgres,view_based,3,21-30,"21,22,23,24,25,26,27,28,29,30",10,8,8,30.495,30.590,TRUE,0,0,448,1,,,9.134
postgres,view_based,4,21-30,"21,22,23,24,25,26,27,28,29,30",10,9,16,30.346,30.644,TRUE,0,0,1210,1,,,9.134
postgres,view_based,5,21-30,"21,22,23,24,25,26,27,28,29,30",10,12,8,30.473,30.684,TRUE,0,0,896,1,,,9.134
postgres,view_based,6,21-30,"21,22,23,24,25,26,27,28,29,30",10,6,13,30.475,30.559,TRUE,1,1,1120,1,,,9.134
postgres,view_based,7,21-30,"21,22,23,24,25,26,27,28,29,30",10,15,8,30.577,30.571,TRUE,0,0,896,1,,,9.134
postgres,view_based,8,21-30,"21,22,23,24,25,26,27,28,29,30",10,15,4,30.443,30.621,TRUE,0,0,448,1,,,9.134
postgres,view_based,9,21-30,"21,22,23,24,25,26,27,28,29,30",10,11,4,30.509,30.619,TRUE,0,0,941,1,,,9.134
postgres,view_based,10,21-30,"21,22,23,24,25,26,27,28,29,30",10,9,8,30.376,30.472,TRUE,0,0,896,1,,,9.134
postgres,view_based,11,21-30,"21,22,23,24,25,26,27,28,29,30",10,9,10,30.649,30.547,TRUE,0,0,1344,1,,,9.134
postgres,view_based,12,21-30,"21,22,23,24,25,26,27,28,29,30",10,11,6,30.728,30.650,TRUE,0,0,896,1,,,9.134
postgres,view_based,13,21-30,"21,22,23,24,25,26,27,28,29,30",10,6,11,30.552,30.723,TRUE,0,0,672,1,,,9.134
postgres,view_based,14,21-30,"21,22,23,24,25,26,27,28,29,30",10,4,13,30.336,30.654,TRUE,1,1,672,1,,,9.134
postgres,view_based,15,21-30,"21,22,23,24,25,26,27,28,29,30",10,8,21,30.367,,UNKNOWN,,,,0,db_error,"ERROR:  relation ""revenue0"" does not exist LINE 1: ...phone, total_revenue from cf_v_supplier supplier, revenue0 w...                                                              ^",9.134
postgres,view_based,16,21-30,"21,22,23,24,25,26,27,28,29,30",10,10,18,30.464,30.728,TRUE,0,0,672,1,,,9.134
postgres,view_based,17,21-30,"21,22,23,24,25,26,27,28,29,30",10,5,13,30.667,30.802,TRUE,1,1,896,1,,,9.134
postgres,view_based,18,21-30,"21,22,23,24,25,26,27,28,29,30",10,9,21,30.475,30.596,TRUE,0,0,448,1,,,9.134
postgres,view_based,19,21-30,"21,22,23,24,25,26,27,28,29,30",10,28,13,30.445,30.646,TRUE,1,1,896,1,,,9.134
postgres,view_based,20,21-30,"21,22,23,24,25,26,27,28,29,30",10,14,27,30.819,30.684,TRUE,0,0,1120,1,,,9.134
postgres,view_based,21,21-30,"21,22,23,24,25,26,27,28,29,30",10,17,21,30.435,30.635,TRUE,0,0,843,1,,,9.134
postgres,view_based,22,21-30,"21,22,23,24,25,26,27,28,29,30",10,9,11,30.571,30.598,TRUE,0,0,717,1,,,9.134
postgres,rls,1,21-30,"21,22,23,24,25,26,27,28,29,30",10,4,13,30.327,30.607,TRUE,0,0,448,1,,,0.000
postgres,rls,2,21-30,"21,22,23,24,25,26,27,28,29,30",10,15,10,30.433,30.522,TRUE,0,0,448,1,,,0.000
postgres,rls,3,21-30,"21,22,23,24,25,26,27,28,29,30",10,8,8,30.701,30.649,TRUE,0,0,896,1,,,0.000
postgres,rls,4,21-30,"21,22,23,24,25,26,27,28,29,30",10,9,16,30.439,30.645,TRUE,0,0,986,1,,,0.000
postgres,rls,5,21-30,"21,22,23,24,25,26,27,28,29,30",10,12,8,30.626,30.792,TRUE,0,0,672,1,,,0.000
postgres,rls,6,21-30,"21,22,23,24,25,26,27,28,29,30",10,6,13,30.463,30.794,TRUE,1,1,1120,1,,,0.000
postgres,rls,7,21-30,"21,22,23,24,25,26,27,28,29,30",10,15,8,30.582,30.712,TRUE,0,0,1120,1,,,0.000
postgres,rls,8,21-30,"21,22,23,24,25,26,27,28,29,30",10,15,4,30.605,30.609,TRUE,0,0,739,1,,,0.000
postgres,rls,9,21-30,"21,22,23,24,25,26,27,28,29,30",10,11,4,30.648,30.781,TRUE,0,0,269,1,,,0.000
postgres,rls,10,21-30,"21,22,23,24,25,26,27,28,29,30",10,9,8,30.509,30.533,TRUE,0,0,896,1,,,0.000
postgres,rls,11,21-30,"21,22,23,24,25,26,27,28,29,30",10,9,10,30.434,30.608,TRUE,0,0,896,1,,,0.000
postgres,rls,12,21-30,"21,22,23,24,25,26,27,28,29,30",10,11,6,30.670,30.598,TRUE,0,0,1120,1,,,0.000
postgres,rls,13,21-30,"21,22,23,24,25,26,27,28,29,30",10,6,11,30.729,30.895,TRUE,0,0,403,1,,,0.000
postgres,rls,14,21-30,"21,22,23,24,25,26,27,28,29,30",10,4,13,30.502,30.903,TRUE,1,1,-224,1,,,0.000
postgres,rls,15,21-30,"21,22,23,24,25,26,27,28,29,30",10,8,21,30.707,,UNKNOWN,,,,0,db_error,"ERROR:  relation ""revenue0"" does not exist LINE 1: ... s_address, s_phone, total_revenue from supplier, revenue0 w...                                                              ^",0.000
postgres,rls,16,21-30,"21,22,23,24,25,26,27,28,29,30",10,10,18,30.914,30.956,TRUE,0,0,-896,1,,,0.000
postgres,rls,17,21-30,"21,22,23,24,25,26,27,28,29,30",10,5,13,30.761,30.588,TRUE,1,1,0,1,,,0.000
postgres,rls,18,21-30,"21,22,23,24,25,26,27,28,29,30",10,9,21,30.425,30.487,TRUE,0,0,-448,1,,,0.000
postgres,rls,19,21-30,"21,22,23,24,25,26,27,28,29,30",10,28,13,30.510,30.729,TRUE,1,1,224,1,,,0.000
postgres,rls,20,21-30,"21,22,23,24,25,26,27,28,29,30",10,14,27,30.360,30.460,TRUE,0,0,-448,1,,,0.000
postgres,rls,21,21-30,"21,22,23,24,25,26,27,28,29,30",10,17,21,30.415,30.571,TRUE,0,0,0,1,,,0.000
postgres,rls,22,21-30,"21,22,23,24,25,26,27,28,29,30",10,9,11,30.400,30.369,TRUE,0,0,493,1,,,0.000
postgres,rls_index,1,21-30,"21,22,23,24,25,26,27,28,29,30",10,4,13,30.480,30.685,TRUE,0,0,1792,1,,,92.509
postgres,rls_index,2,21-30,"21,22,23,24,25,26,27,28,29,30",10,15,10,30.622,30.603,TRUE,0,0,2016,1,,,92.509
postgres,rls_index,3,21-30,"21,22,23,24,25,26,27,28,29,30",10,8,8,30.474,30.712,TRUE,0,0,1792,1,,,92.509
postgres,rls_index,4,21-30,"21,22,23,24,25,26,27,28,29,30",10,9,16,30.549,30.541,TRUE,0,0,2554,1,,,92.509
postgres,rls_index,5,21-30,"21,22,23,24,25,26,27,28,29,30",10,12,8,30.608,30.797,TRUE,0,0,2016,1,,,92.509
postgres,rls_index,6,21-30,"21,22,23,24,25,26,27,28,29,30",10,6,13,30.916,30.594,TRUE,1,1,2688,1,,,92.509
postgres,rls_index,7,21-30,"21,22,23,24,25,26,27,28,29,30",10,15,8,30.562,30.728,TRUE,0,0,2464,1,,,92.509
postgres,rls_index,8,21-30,"21,22,23,24,25,26,27,28,29,30",10,15,4,30.654,30.756,TRUE,0,0,2395,1,,,92.509
postgres,rls_index,9,21-30,"21,22,23,24,25,26,27,28,29,30",10,11,4,30.500,30.632,TRUE,0,0,1837,1,,,92.509
postgres,rls_index,10,21-30,"21,22,23,24,25,26,27,28,29,30",10,9,8,30.480,30.695,TRUE,0,0,2016,1,,,92.509
postgres,rls_index,11,21-30,"21,22,23,24,25,26,27,28,29,30",10,9,10,30.550,30.622,TRUE,0,0,2016,1,,,92.509
postgres,rls_index,12,21-30,"21,22,23,24,25,26,27,28,29,30",10,11,6,30.609,30.724,TRUE,0,0,2464,1,,,92.509
postgres,rls_index,13,21-30,"21,22,23,24,25,26,27,28,29,30",10,6,11,30.666,30.740,TRUE,0,0,1568,1,,,92.509
postgres,rls_index,14,21-30,"21,22,23,24,25,26,27,28,29,30",10,4,13,30.548,30.627,TRUE,1,1,2240,1,,,92.509
postgres,rls_index,15,21-30,"21,22,23,24,25,26,27,28,29,30",10,8,21,30.646,,UNKNOWN,,,,0,db_error,"ERROR:  relation ""revenue0"" does not exist LINE 1: ... s_address, s_phone, total_revenue from supplier, revenue0 w...                                                              ^",92.509
postgres,rls_index,16,21-30,"21,22,23,24,25,26,27,28,29,30",10,10,18,30.613,30.802,TRUE,0,0,1352,1,,,92.509
postgres,rls_index,17,21-30,"21,22,23,24,25,26,27,28,29,30",10,5,13,30.804,30.710,TRUE,1,1,2419,1,,,92.509
postgres,rls_index,18,21-30,"21,22,23,24,25,26,27,28,29,30",10,9,21,30.626,30.729,TRUE,0,0,6073,1,,,92.509
postgres,rls_index,19,21-30,"21,22,23,24,25,26,27,28,29,30",10,28,13,30.319,30.440,TRUE,1,1,1506,1,,,92.509
postgres,rls_index,20,21-30,"21,22,23,24,25,26,27,28,29,30",10,14,27,30.350,30.550,TRUE,0,0,1770,1,,,92.509
postgres,rls_index,21,21-30,"21,22,23,24,25,26,27,28,29,30",10,17,21,30.383,30.367,TRUE,0,0,7721,1,,,92.509
postgres,rls_index,22,21-30,"21,22,23,24,25,26,27,28,29,30",10,9,11,30.531,30.615,TRUE,0,0,1648,1,,,92.509
postgres,sieve,1,21-30,"21,22,23,24,25,26,27,28,29,30",10,4,13,30.562,30.580,TRUE,0,0,672,1,,,10.344
postgres,sieve,2,21-30,"21,22,23,24,25,26,27,28,29,30",10,15,10,30.432,30.588,TRUE,0,0,224,1,,,10.344
postgres,sieve,3,21-30,"21,22,23,24,25,26,27,28,29,30",10,8,8,30.698,30.747,TRUE,0,0,896,1,,,10.344
postgres,sieve,4,21-30,"21,22,23,24,25,26,27,28,29,30",10,9,16,30.614,30.778,TRUE,0,0,1210,1,,,10.344
postgres,sieve,5,21-30,"21,22,23,24,25,26,27,28,29,30",10,12,8,30.554,30.647,TRUE,0,0,448,1,,,10.344
postgres,sieve,6,21-30,"21,22,23,24,25,26,27,28,29,30",10,6,13,30.464,30.710,TRUE,1,1,896,1,,,10.344
postgres,sieve,7,21-30,"21,22,23,24,25,26,27,28,29,30",10,15,8,30.751,30.649,TRUE,0,0,1247,1,,,10.344
postgres,sieve,8,21-30,"21,22,23,24,25,26,27,28,29,30",10,15,4,30.760,30.651,TRUE,0,0,896,1,,,10.344
postgres,sieve,9,21-30,"21,22,23,24,25,26,27,28,29,30",10,11,4,30.369,30.645,TRUE,0,0,717,1,,,10.344
postgres,sieve,10,21-30,"21,22,23,24,25,26,27,28,29,30",10,9,8,30.599,30.664,TRUE,0,0,448,1,,,10.344
postgres,sieve,11,21-30,"21,22,23,24,25,26,27,28,29,30",10,9,10,30.405,30.484,TRUE,0,0,908,1,,,10.344
postgres,sieve,12,21-30,"21,22,23,24,25,26,27,28,29,30",10,11,6,30.469,30.664,TRUE,0,0,896,1,,,10.344
postgres,sieve,13,21-30,"21,22,23,24,25,26,27,28,29,30",10,6,11,30.710,30.640,TRUE,0,0,0,1,,,10.344
postgres,sieve,14,21-30,"21,22,23,24,25,26,27,28,29,30",10,4,13,30.628,30.665,TRUE,1,1,1120,1,,,10.344
postgres,sieve,15,21-30,"21,22,23,24,25,26,27,28,29,30",10,8,21,30.520,,UNKNOWN,,,,0,db_error,"ERROR:  relation ""revenue0"" does not exist LINE 1: ...hone, total_revenue from cf_sv_supplier supplier, revenue0 w...                                                              ^",10.344
postgres,sieve,16,21-30,"21,22,23,24,25,26,27,28,29,30",10,10,18,30.495,30.512,TRUE,0,0,979,1,,,10.344
postgres,sieve,17,21-30,"21,22,23,24,25,26,27,28,29,30",10,5,13,30.422,30.479,TRUE,1,1,761,1,,,10.344
postgres,sieve,18,21-30,"21,22,23,24,25,26,27,28,29,30",10,9,21,30.634,30.695,TRUE,0,0,2465,1,,,10.344
postgres,sieve,19,21-30,"21,22,23,24,25,26,27,28,29,30",10,28,13,30.372,30.714,TRUE,1,1,3808,1,,,10.344
postgres,sieve,20,21-30,"21,22,23,24,25,26,27,28,29,30",10,14,27,30.670,30.562,TRUE,0,0,4928,1,,,10.344
postgres,sieve,21,21-30,"21,22,23,24,25,26,27,28,29,30",10,17,21,30.421,30.459,TRUE,0,0,4686,1,,,10.344
postgres,sieve,22,21-30,"21,22,23,24,25,26,27,28,29,30",10,9,11,30.556,30.558,TRUE,0,0,2733,1,,,10.344
postgres,sieve_index,1,21-30,"21,22,23,24,25,26,27,28,29,30",10,4,13,30.428,30.443,TRUE,0,0,2688,1,,,93.951
postgres,sieve_index,2,21-30,"21,22,23,24,25,26,27,28,29,30",10,15,10,30.434,30.382,TRUE,0,0,2016,1,,,93.951
postgres,sieve_index,3,21-30,"21,22,23,24,25,26,27,28,29,30",10,8,8,30.649,30.576,TRUE,0,0,2536,1,,,93.951
postgres,sieve_index,4,21-30,"21,22,23,24,25,26,27,28,29,30",10,9,16,30.525,30.553,TRUE,0,0,3226,1,,,93.951
postgres,sieve_index,5,21-30,"21,22,23,24,25,26,27,28,29,30",10,12,8,30.347,30.621,TRUE,0,0,2643,1,,,93.951
postgres,sieve_index,6,21-30,"21,22,23,24,25,26,27,28,29,30",10,6,13,30.381,30.688,TRUE,1,1,3136,1,,,93.951
postgres,sieve_index,7,21-30,"21,22,23,24,25,26,27,28,29,30",10,15,8,30.409,30.669,TRUE,0,0,2395,1,,,93.951
postgres,sieve_index,8,21-30,"21,22,23,24,25,26,27,28,29,30",10,15,4,30.357,30.524,TRUE,0,0,2583,1,,,93.951
postgres,sieve_index,9,21-30,"21,22,23,24,25,26,27,28,29,30",10,11,4,30.316,30.457,TRUE,0,0,2844,1,,,93.951
postgres,sieve_index,10,21-30,"21,22,23,24,25,26,27,28,29,30",10,9,8,30.521,30.621,TRUE,0,0,2688,1,,,93.951
postgres,sieve_index,11,21-30,"21,22,23,24,25,26,27,28,29,30",10,9,10,30.634,30.893,TRUE,0,0,2240,1,,,93.951
postgres,sieve_index,12,21-30,"21,22,23,24,25,26,27,28,29,30",10,11,6,30.822,30.691,TRUE,0,0,2688,1,,,93.951
postgres,sieve_index,13,21-30,"21,22,23,24,25,26,27,28,29,30",10,6,11,30.374,30.641,TRUE,0,0,672,1,,,93.951
postgres,sieve_index,14,21-30,"21,22,23,24,25,26,27,28,29,30",10,4,13,30.455,30.447,TRUE,1,1,3136,1,,,93.951
postgres,sieve_index,15,21-30,"21,22,23,24,25,26,27,28,29,30",10,8,21,30.391,,UNKNOWN,,,,0,db_error,"ERROR:  relation ""revenue0"" does not exist LINE 1: ...hone, total_revenue from cf_sv_supplier supplier, revenue0 w...                                                              ^",93.951
postgres,sieve_index,16,21-30,"21,22,23,24,25,26,27,28,29,30",10,10,18,30.610,30.626,TRUE,0,0,2240,1,,,93.951
postgres,sieve_index,17,21-30,"21,22,23,24,25,26,27,28,29,30",10,5,13,30.518,30.515,TRUE,1,1,2912,1,,,93.951
postgres,sieve_index,18,21-30,"21,22,23,24,25,26,27,28,29,30",10,9,21,30.574,30.637,TRUE,0,0,7601,1,,,93.951
postgres,sieve_index,19,21-30,"21,22,23,24,25,26,27,28,29,30",10,28,13,30.380,30.627,TRUE,1,1,1967,1,,,93.951
postgres,sieve_index,20,21-30,"21,22,23,24,25,26,27,28,29,30",10,14,27,30.602,30.616,TRUE,0,0,1948,1,,,93.951
postgres,sieve_index,21,21-30,"21,22,23,24,25,26,27,28,29,30",10,17,21,30.622,30.581,TRUE,0,0,12266,1,,,93.951
postgres,sieve_index,22,21-30,"21,22,23,24,25,26,27,28,29,30",10,9,11,30.568,30.738,TRUE,0,0,2207,1,,,93.951
postgres,ours,1,21-30,"21,22,23,24,25,26,27,28,29,30",10,4,13,30.573,30.622,TRUE,0,0,8960,1,,,7.055
postgres,ours,2,21-30,"21,22,23,24,25,26,27,28,29,30",10,15,10,30.741,30.762,TRUE,0,0,8736,1,,,7.055
postgres,ours,3,21-30,"21,22,23,24,25,26,27,28,29,30",10,8,8,30.471,30.962,TRUE,0,0,8512,1,,,7.055
postgres,ours,4,21-30,"21,22,23,24,25,26,27,28,29,30",10,9,16,30.520,31.134,TRUE,0,0,9050,1,,,7.055
postgres,ours,5,21-30,"21,22,23,24,25,26,27,28,29,30",10,12,8,30.672,30.747,TRUE,0,0,8512,1,,,7.055
postgres,ours,6,21-30,"21,22,23,24,25,26,27,28,29,30",10,6,13,30.520,30.752,TRUE,1,1,9408,1,,,7.055
postgres,ours,7,21-30,"21,22,23,24,25,26,27,28,29,30",10,15,8,30.515,30.603,TRUE,0,0,8736,1,,,7.055
postgres,ours,8,21-30,"21,22,23,24,25,26,27,28,29,30",10,15,4,30.810,30.689,TRUE,0,0,9049,1,,,7.055
postgres,ours,9,21-30,"21,22,23,24,25,26,27,28,29,30",10,11,4,30.576,30.816,TRUE,0,0,8557,1,,,7.055
postgres,ours,10,21-30,"21,22,23,24,25,26,27,28,29,30",10,9,8,30.646,30.931,TRUE,0,0,8691,1,,,7.055
postgres,ours,11,21-30,"21,22,23,24,25,26,27,28,29,30",10,9,10,30.859,30.770,TRUE,0,0,8960,1,,,7.055
postgres,ours,12,21-30,"21,22,23,24,25,26,27,28,29,30",10,11,6,30.641,30.692,TRUE,0,0,8736,1,,,7.055
postgres,ours,13,21-30,"21,22,23,24,25,26,27,28,29,30",10,6,11,30.665,30.847,TRUE,0,0,9184,1,,,7.055
postgres,ours,14,21-30,"21,22,23,24,25,26,27,28,29,30",10,4,13,30.695,30.770,TRUE,1,1,8960,1,,,7.055
postgres,ours,15,21-30,"21,22,23,24,25,26,27,28,29,30",10,8,21,31.005,,UNKNOWN,,,,0,db_error,"ERROR:  relation ""revenue0"" does not exist LINE 1: ... s_address, s_phone, total_revenue from supplier, revenue0 w...                                                              ^",7.055
postgres,ours,16,21-30,"21,22,23,24,25,26,27,28,29,30",10,10,18,30.687,30.794,TRUE,0,0,8512,1,,,7.055
postgres,ours,17,21-30,"21,22,23,24,25,26,27,28,29,30",10,5,13,30.813,31.006,TRUE,1,1,9408,1,,,7.055
postgres,ours,18,21-30,"21,22,23,24,25,26,27,28,29,30",10,9,21,30.831,30.904,TRUE,0,0,9632,1,,,7.055
postgres,ours,19,21-30,"21,22,23,24,25,26,27,28,29,30",10,28,13,30.983,30.850,TRUE,1,1,9856,1,,,7.055
postgres,ours,20,21-30,"21,22,23,24,25,26,27,28,29,30",10,14,27,30.840,30.600,TRUE,0,0,9856,1,,,7.055
postgres,ours,21,21-30,"21,22,23,24,25,26,27,28,29,30",10,17,21,30.605,30.781,TRUE,0,0,10035,1,,,7.055
postgres,ours,22,21-30,"21,22,23,24,25,26,27,28,29,30",10,9,11,30.680,30.686,TRUE,0,0,10349,1,,,7.055
postgres,no_policy,1,5-15_U_25-30,"5,6,7,8,9,10,11,12,13,14,15,25,26,27,28,29,30",17,4,29,30.383,30.524,TRUE,0,0,0,1,,,0.000
postgres,no_policy,2,5-15_U_25-30,"5,6,7,8,9,10,11,12,13,14,15,25,26,27,28,29,30",17,15,8,30.657,30.611,TRUE,0,0,0,1,,,0.000
postgres,no_policy,3,5-15_U_25-30,"5,6,7,8,9,10,11,12,13,14,15,25,26,27,28,29,30",17,8,58,30.727,30.662,TRUE,0,0,0,1,,,0.000
postgres,no_policy,4,5-15_U_25-30,"5,6,7,8,9,10,11,12,13,14,15,25,26,27,28,29,30",17,9,55,30.635,30.642,TRUE,0,0,0,1,,,0.000
postgres,no_policy,5,5-15_U_25-30,"5,6,7,8,9,10,11,12,13,14,15,25,26,27,28,29,30",17,12,58,30.643,30.605,TRUE,0,0,0,1,,,0.000
postgres,no_policy,6,5-15_U_25-30,"5,6,7,8,9,10,11,12,13,14,15,25,26,27,28,29,30",17,6,29,30.403,30.488,TRUE,1,1,0,1,,,0.000
postgres,no_policy,7,5-15_U_25-30,"5,6,7,8,9,10,11,12,13,14,15,25,26,27,28,29,30",17,15,8,30.648,30.595,TRUE,0,0,0,1,,,0.000
postgres,no_policy,8,5-15_U_25-30,"5,6,7,8,9,10,11,12,13,14,15,25,26,27,28,29,30",17,15,4,30.688,30.484,TRUE,0,0,0,1,,,0.000
postgres,no_policy,9,5-15_U_25-30,"5,6,7,8,9,10,11,12,13,14,15,25,26,27,28,29,30",17,11,4,30.561,30.635,TRUE,0,0,0,1,,,0.000
postgres,no_policy,10,5-15_U_25-30,"5,6,7,8,9,10,11,12,13,14,15,25,26,27,28,29,30",17,9,58,30.595,30.633,TRUE,0,0,0,1,,,0.000
postgres,no_policy,11,5-15_U_25-30,"5,6,7,8,9,10,11,12,13,14,15,25,26,27,28,29,30",17,9,8,30.586,30.598,TRUE,0,0,0,1,,,0.000
postgres,no_policy,12,5-15_U_25-30,"5,6,7,8,9,10,11,12,13,14,15,25,26,27,28,29,30",17,11,40,30.424,30.660,TRUE,0,0,0,1,,,0.000
postgres,no_policy,13,5-15_U_25-30,"5,6,7,8,9,10,11,12,13,14,15,25,26,27,28,29,30",17,6,72,30.551,30.532,TRUE,0,0,0,1,,,0.000
postgres,no_policy,14,5-15_U_25-30,"5,6,7,8,9,10,11,12,13,14,15,25,26,27,28,29,30",17,4,29,30.460,30.541,TRUE,1,1,0,1,,,0.000
postgres,no_policy,15,5-15_U_25-30,"5,6,7,8,9,10,11,12,13,14,15,25,26,27,28,29,30",17,8,37,30.773,,UNKNOWN,,,,0,db_error,"ERROR:  relation ""revenue0"" does not exist LINE 1: ... s_address, s_phone, total_revenue from supplier, revenue0 w...                                                              ^",0.000
postgres,no_policy,16,5-15_U_25-30,"5,6,7,8,9,10,11,12,13,14,15,25,26,27,28,29,30",17,10,16,30.786,30.705,TRUE,0,0,0,1,,,0.000
postgres,no_policy,17,5-15_U_25-30,"5,6,7,8,9,10,11,12,13,14,15,25,26,27,28,29,30",17,5,29,30.628,30.626,TRUE,1,1,0,1,,,0.000
postgres,no_policy,18,5-15_U_25-30,"5,6,7,8,9,10,11,12,13,14,15,25,26,27,28,29,30",17,9,87,30.417,30.508,TRUE,0,0,0,1,,,0.000
postgres,no_policy,19,5-15_U_25-30,"5,6,7,8,9,10,11,12,13,14,15,25,26,27,28,29,30",17,28,29,30.433,30.625,TRUE,1,1,0,1,,,0.000
postgres,no_policy,20,5-15_U_25-30,"5,6,7,8,9,10,11,12,13,14,15,25,26,27,28,29,30",17,14,41,30.733,30.609,TRUE,0,0,0,1,,,0.000
postgres,no_policy,21,5-15_U_25-30,"5,6,7,8,9,10,11,12,13,14,15,25,26,27,28,29,30",17,17,37,30.362,30.491,TRUE,0,0,0,1,,,0.000
postgres,no_policy,22,5-15_U_25-30,"5,6,7,8,9,10,11,12,13,14,15,25,26,27,28,29,30",17,9,72,30.592,30.520,TRUE,0,0,0,1,,,0.000
postgres,view_based,1,5-15_U_25-30,"5,6,7,8,9,10,11,12,13,14,15,25,26,27,28,29,30",17,4,29,30.437,30.611,TRUE,0,0,1568,1,,,9.690
postgres,view_based,2,5-15_U_25-30,"5,6,7,8,9,10,11,12,13,14,15,25,26,27,28,29,30",17,15,8,30.482,30.636,TRUE,0,0,1120,1,,,9.690
postgres,view_based,3,5-15_U_25-30,"5,6,7,8,9,10,11,12,13,14,15,25,26,27,28,29,30",17,8,58,30.553,30.428,TRUE,0,0,1335,1,,,9.690
postgres,view_based,4,5-15_U_25-30,"5,6,7,8,9,10,11,12,13,14,15,25,26,27,28,29,30",17,9,55,30.471,30.664,TRUE,0,0,987,1,,,9.690
postgres,view_based,5,5-15_U_25-30,"5,6,7,8,9,10,11,12,13,14,15,25,26,27,28,29,30",17,12,58,30.573,30.463,TRUE,0,0,1457,1,,,9.690
postgres,view_based,6,5-15_U_25-30,"5,6,7,8,9,10,11,12,13,14,15,25,26,27,28,29,30",17,6,29,30.525,30.574,TRUE,1,1,1344,1,,,9.690
postgres,view_based,7,5-15_U_25-30,"5,6,7,8,9,10,11,12,13,14,15,25,26,27,28,29,30",17,15,8,30.338,30.511,TRUE,0,0,1296,1,,,9.690
postgres,view_based,8,5-15_U_25-30,"5,6,7,8,9,10,11,12,13,14,15,25,26,27,28,29,30",17,15,4,30.588,30.614,TRUE,0,0,1736,1,,,9.690
postgres,view_based,9,5-15_U_25-30,"5,6,7,8,9,10,11,12,13,14,15,25,26,27,28,29,30",17,11,4,30.483,30.426,TRUE,0,0,1162,1,,,9.690
postgres,view_based,10,5-15_U_25-30,"5,6,7,8,9,10,11,12,13,14,15,25,26,27,28,29,30",17,9,58,30.388,30.524,TRUE,0,0,1530,1,,,9.690
postgres,view_based,11,5-15_U_25-30,"5,6,7,8,9,10,11,12,13,14,15,25,26,27,28,29,30",17,9,8,30.471,30.603,TRUE,0,0,448,1,,,9.690
postgres,view_based,12,5-15_U_25-30,"5,6,7,8,9,10,11,12,13,14,15,25,26,27,28,29,30",17,11,40,30.515,30.649,TRUE,0,0,999,1,,,9.690
postgres,view_based,13,5-15_U_25-30,"5,6,7,8,9,10,11,12,13,14,15,25,26,27,28,29,30",17,6,72,30.490,30.834,TRUE,0,0,1623,1,,,9.690
postgres,view_based,14,5-15_U_25-30,"5,6,7,8,9,10,11,12,13,14,15,25,26,27,28,29,30",17,4,29,30.986,30.763,TRUE,1,1,896,1,,,9.690
postgres,view_based,15,5-15_U_25-30,"5,6,7,8,9,10,11,12,13,14,15,25,26,27,28,29,30",17,8,37,30.629,,UNKNOWN,,,,0,db_error,"ERROR:  relation ""revenue0"" does not exist LINE 1: ...phone, total_revenue from cf_v_supplier supplier, revenue0 w...                                                              ^",9.690
postgres,view_based,16,5-15_U_25-30,"5,6,7,8,9,10,11,12,13,14,15,25,26,27,28,29,30",17,10,16,30.621,30.674,TRUE,0,0,672,1,,,9.690
postgres,view_based,17,5-15_U_25-30,"5,6,7,8,9,10,11,12,13,14,15,25,26,27,28,29,30",17,5,29,30.558,30.688,TRUE,1,1,1120,1,,,9.690
postgres,view_based,18,5-15_U_25-30,"5,6,7,8,9,10,11,12,13,14,15,25,26,27,28,29,30",17,9,87,30.617,30.623,TRUE,0,0,1746,1,,,9.690
postgres,view_based,19,5-15_U_25-30,"5,6,7,8,9,10,11,12,13,14,15,25,26,27,28,29,30",17,28,29,30.358,30.528,TRUE,1,1,896,1,,,9.690
postgres,view_based,20,5-15_U_25-30,"5,6,7,8,9,10,11,12,13,14,15,25,26,27,28,29,30",17,14,41,30.552,30.984,TRUE,0,0,1344,1,,,9.690
postgres,view_based,21,5-15_U_25-30,"5,6,7,8,9,10,11,12,13,14,15,25,26,27,28,29,30",17,17,37,30.495,30.664,TRUE,0,0,1356,1,,,9.690
postgres,view_based,22,5-15_U_25-30,"5,6,7,8,9,10,11,12,13,14,15,25,26,27,28,29,30",17,9,72,30.718,30.590,TRUE,0,0,1591,1,,,9.690
postgres,rls,1,5-15_U_25-30,"5,6,7,8,9,10,11,12,13,14,15,25,26,27,28,29,30",17,4,29,30.556,30.676,TRUE,0,0,1975,1,,,0.000
postgres,rls,2,5-15_U_25-30,"5,6,7,8,9,10,11,12,13,14,15,25,26,27,28,29,30",17,15,8,30.758,30.772,TRUE,0,0,1568,1,,,0.000
postgres,rls,3,5-15_U_25-30,"5,6,7,8,9,10,11,12,13,14,15,25,26,27,28,29,30",17,8,58,30.816,30.712,TRUE,0,0,1524,1,,,0.000
postgres,rls,4,5-15_U_25-30,"5,6,7,8,9,10,11,12,13,14,15,25,26,27,28,29,30",17,9,55,30.640,30.744,TRUE,0,0,1895,1,,,0.000
postgres,rls,5,5-15_U_25-30,"5,6,7,8,9,10,11,12,13,14,15,25,26,27,28,29,30",17,12,58,30.792,30.720,TRUE,0,0,1541,1,,,0.000
postgres,rls,6,5-15_U_25-30,"5,6,7,8,9,10,11,12,13,14,15,25,26,27,28,29,30",17,6,29,30.569,30.667,TRUE,1,1,2848,1,,,0.000
postgres,rls,7,5-15_U_25-30,"5,6,7,8,9,10,11,12,13,14,15,25,26,27,28,29,30",17,15,8,30.519,30.791,TRUE,0,0,1945,1,,,0.000
postgres,rls,8,5-15_U_25-30,"5,6,7,8,9,10,11,12,13,14,15,25,26,27,28,29,30",17,15,4,30.635,30.916,TRUE,0,0,2165,1,,,0.000
postgres,rls,9,5-15_U_25-30,"5,6,7,8,9,10,11,12,13,14,15,25,26,27,28,29,30",17,11,4,30.755,30.827,TRUE,0,0,1413,1,,,0.000
postgres,rls,10,5-15_U_25-30,"5,6,7,8,9,10,11,12,13,14,15,25,26,27,28,29,30",17,9,58,30.725,30.711,TRUE,0,0,2007,1,,,0.000
postgres,rls,11,5-15_U_25-30,"5,6,7,8,9,10,11,12,13,14,15,25,26,27,28,29,30",17,9,8,30.826,30.761,TRUE,0,0,896,1,,,0.000
postgres,rls,12,5-15_U_25-30,"5,6,7,8,9,10,11,12,13,14,15,25,26,27,28,29,30",17,11,40,30.743,30.634,TRUE,0,0,2005,1,,,0.000
postgres,rls,13,5-15_U_25-30,"5,6,7,8,9,10,11,12,13,14,15,25,26,27,28,29,30",17,6,72,30.726,30.697,TRUE,0,0,2353,1,,,0.000
postgres,rls,14,5-15_U_25-30,"5,6,7,8,9,10,11,12,13,14,15,25,26,27,28,29,30",17,4,29,30.717,30.694,TRUE,1,1,1988,1,,,0.000
postgres,rls,15,5-15_U_25-30,"5,6,7,8,9,10,11,12,13,14,15,25,26,27,28,29,30",17,8,37,30.683,,UNKNOWN,,,,0,db_error,"ERROR:  relation ""revenue0"" does not exist LINE 1: ... s_address, s_phone, total_revenue from supplier, revenue0 w...                                                              ^",0.000
postgres,rls,16,5-15_U_25-30,"5,6,7,8,9,10,11,12,13,14,15,25,26,27,28,29,30",17,10,16,30.708,30.731,TRUE,0,0,1120,1,,,0.000
postgres,rls,17,5-15_U_25-30,"5,6,7,8,9,10,11,12,13,14,15,25,26,27,28,29,30",17,5,29,30.844,30.666,TRUE,1,1,1507,1,,,0.000
postgres,rls,18,5-15_U_25-30,"5,6,7,8,9,10,11,12,13,14,15,25,26,27,28,29,30",17,9,87,30.550,30.644,TRUE,0,0,6219,1,,,0.000
postgres,rls,19,5-15_U_25-30,"5,6,7,8,9,10,11,12,13,14,15,25,26,27,28,29,30",17,28,29,30.371,30.578,TRUE,1,1,1556,1,,,0.000
postgres,rls,20,5-15_U_25-30,"5,6,7,8,9,10,11,12,13,14,15,25,26,27,28,29,30",17,14,41,30.616,30.657,TRUE,0,0,1615,1,,,0.000
postgres,rls,21,5-15_U_25-30,"5,6,7,8,9,10,11,12,13,14,15,25,26,27,28,29,30",17,17,37,30.752,30.743,TRUE,0,0,7896,1,,,0.000
postgres,rls,22,5-15_U_25-30,"5,6,7,8,9,10,11,12,13,14,15,25,26,27,28,29,30",17,9,72,30.620,30.642,TRUE,0,0,1415,1,,,0.000
postgres,rls_index,1,5-15_U_25-30,"5,6,7,8,9,10,11,12,13,14,15,25,26,27,28,29,30",17,4,29,30.578,30.735,TRUE,0,0,3810,1,,,111.189
postgres,rls_index,2,5-15_U_25-30,"5,6,7,8,9,10,11,12,13,14,15,25,26,27,28,29,30",17,15,8,30.559,30.602,TRUE,0,0,1451,1,,,111.189
postgres,rls_index,3,5-15_U_25-30,"5,6,7,8,9,10,11,12,13,14,15,25,26,27,28,29,30",17,8,58,30.761,30.708,TRUE,0,0,3284,1,,,111.189
postgres,rls_index,4,5-15_U_25-30,"5,6,7,8,9,10,11,12,13,14,15,25,26,27,28,29,30",17,9,55,30.774,30.726,TRUE,0,0,3552,1,,,111.189
postgres,rls_index,5,5-15_U_25-30,"5,6,7,8,9,10,11,12,13,14,15,25,26,27,28,29,30",17,12,58,30.549,30.714,TRUE,0,0,6512,1,,,111.189
postgres,rls_index,6,5-15_U_25-30,"5,6,7,8,9,10,11,12,13,14,15,25,26,27,28,29,30",17,6,29,30.643,30.685,TRUE,1,1,4258,1,,,111.189
postgres,rls_index,7,5-15_U_25-30,"5,6,7,8,9,10,11,12,13,14,15,25,26,27,28,29,30",17,15,8,30.506,30.629,TRUE,0,0,3976,1,,,111.189
postgres,rls_index,8,5-15_U_25-30,"5,6,7,8,9,10,11,12,13,14,15,25,26,27,28,29,30",17,15,4,30.849,30.644,TRUE,0,0,6422,1,,,111.189
postgres,rls_index,9,5-15_U_25-30,"5,6,7,8,9,10,11,12,13,14,15,25,26,27,28,29,30",17,11,4,30.703,30.507,TRUE,0,0,2879,1,,,111.189
postgres,rls_index,10,5-15_U_25-30,"5,6,7,8,9,10,11,12,13,14,15,25,26,27,28,29,30",17,9,58,30.619,30.743,TRUE,0,0,3473,1,,,111.189
postgres,rls_index,11,5-15_U_25-30,"5,6,7,8,9,10,11,12,13,14,15,25,26,27,28,29,30",17,9,8,30.416,30.683,TRUE,0,0,2143,1,,,111.189
postgres,rls_index,12,5-15_U_25-30,"5,6,7,8,9,10,11,12,13,14,15,25,26,27,28,29,30",17,11,40,30.555,30.558,TRUE,0,0,3675,1,,,111.189
postgres,rls_index,13,5-15_U_25-30,"5,6,7,8,9,10,11,12,13,14,15,25,26,27,28,29,30",17,6,72,30.558,30.603,TRUE,0,0,3036,1,,,111.189
postgres,rls_index,14,5-15_U_25-30,"5,6,7,8,9,10,11,12,13,14,15,25,26,27,28,29,30",17,4,29,30.887,30.700,TRUE,1,1,3593,1,,,111.189
postgres,rls_index,15,5-15_U_25-30,"5,6,7,8,9,10,11,12,13,14,15,25,26,27,28,29,30",17,8,37,30.584,,UNKNOWN,,,,0,db_error,"ERROR:  relation ""revenue0"" does not exist LINE 1: ... s_address, s_phone, total_revenue from supplier, revenue0 w...                                                              ^",111.189
postgres,rls_index,16,5-15_U_25-30,"5,6,7,8,9,10,11,12,13,14,15,25,26,27,28,29,30",17,10,16,30.555,30.699,TRUE,0,0,2688,1,,,111.189
postgres,rls_index,17,5-15_U_25-30,"5,6,7,8,9,10,11,12,13,14,15,25,26,27,28,29,30",17,5,29,30.685,30.655,TRUE,1,1,8225,1,,,111.189
postgres,rls_index,18,5-15_U_25-30,"5,6,7,8,9,10,11,12,13,14,15,25,26,27,28,29,30",17,9,87,30.634,30.768,TRUE,0,0,9576,1,,,111.189
postgres,rls_index,19,5-15_U_25-30,"5,6,7,8,9,10,11,12,13,14,15,25,26,27,28,29,30",17,28,29,30.702,30.735,TRUE,1,1,3404,1,,,111.189
postgres,rls_index,20,5-15_U_25-30,"5,6,7,8,9,10,11,12,13,14,15,25,26,27,28,29,30",17,14,41,30.724,30.737,TRUE,0,0,3077,1,,,111.189
postgres,rls_index,21,5-15_U_25-30,"5,6,7,8,9,10,11,12,13,14,15,25,26,27,28,29,30",17,17,37,30.661,30.805,TRUE,0,0,5493,1,,,111.189
postgres,rls_index,22,5-15_U_25-30,"5,6,7,8,9,10,11,12,13,14,15,25,26,27,28,29,30",17,9,72,30.774,30.779,TRUE,0,0,2483,1,,,111.189
postgres,sieve,1,5-15_U_25-30,"5,6,7,8,9,10,11,12,13,14,15,25,26,27,28,29,30",17,4,29,30.721,30.719,TRUE,0,0,2352,1,,,16.257
postgres,sieve,2,5-15_U_25-30,"5,6,7,8,9,10,11,12,13,14,15,25,26,27,28,29,30",17,15,8,30.357,30.687,TRUE,0,0,775,1,,,16.257
postgres,sieve,3,5-15_U_25-30,"5,6,7,8,9,10,11,12,13,14,15,25,26,27,28,29,30",17,8,58,30.400,30.629,TRUE,0,0,2139,1,,,16.257
postgres,sieve,4,5-15_U_25-30,"5,6,7,8,9,10,11,12,13,14,15,25,26,27,28,29,30",17,9,55,30.543,30.648,TRUE,0,0,1928,1,,,16.257
postgres,sieve,5,5-15_U_25-30,"5,6,7,8,9,10,11,12,13,14,15,25,26,27,28,29,30",17,12,58,30.736,30.727,TRUE,0,0,1768,1,,,16.257
postgres,sieve,6,5-15_U_25-30,"5,6,7,8,9,10,11,12,13,14,15,25,26,27,28,29,30",17,6,29,30.693,30.767,TRUE,1,1,2859,1,,,16.257
postgres,sieve,7,5-15_U_25-30,"5,6,7,8,9,10,11,12,13,14,15,25,26,27,28,29,30",17,15,8,30.577,30.701,TRUE,0,0,2198,1,,,16.257
postgres,sieve,8,5-15_U_25-30,"5,6,7,8,9,10,11,12,13,14,15,25,26,27,28,29,30",17,15,4,30.420,30.612,TRUE,0,0,2265,1,,,16.257
postgres,sieve,9,5-15_U_25-30,"5,6,7,8,9,10,11,12,13,14,15,25,26,27,28,29,30",17,11,4,30.549,30.754,TRUE,0,0,1801,1,,,16.257
postgres,sieve,10,5-15_U_25-30,"5,6,7,8,9,10,11,12,13,14,15,25,26,27,28,29,30",17,9,58,30.739,30.685,TRUE,0,0,1932,1,,,16.257
postgres,sieve,11,5-15_U_25-30,"5,6,7,8,9,10,11,12,13,14,15,25,26,27,28,29,30",17,9,8,30.549,30.682,TRUE,0,0,1451,1,,,16.257
postgres,sieve,12,5-15_U_25-30,"5,6,7,8,9,10,11,12,13,14,15,25,26,27,28,29,30",17,11,40,30.591,30.731,TRUE,0,0,2394,1,,,16.257
postgres,sieve,13,5-15_U_25-30,"5,6,7,8,9,10,11,12,13,14,15,25,26,27,28,29,30",17,6,72,30.531,30.719,TRUE,0,0,1308,1,,,16.257
postgres,sieve,14,5-15_U_25-30,"5,6,7,8,9,10,11,12,13,14,15,25,26,27,28,29,30",17,4,29,30.733,30.725,TRUE,1,1,1712,1,,,16.257
postgres,sieve,15,5-15_U_25-30,"5,6,7,8,9,10,11,12,13,14,15,25,26,27,28,29,30",17,8,37,30.667,,UNKNOWN,,,,0,db_error,"ERROR:  relation ""revenue0"" does not exist LINE 1: ...hone, total_revenue from cf_sv_supplier supplier, revenue0 w...                                                              ^",16.257
postgres,sieve,16,5-15_U_25-30,"5,6,7,8,9,10,11,12,13,14,15,25,26,27,28,29,30",17,10,16,30.627,30.753,TRUE,0,0,1523,1,,,16.257
postgres,sieve,17,5-15_U_25-30,"5,6,7,8,9,10,11,12,13,14,15,25,26,27,28,29,30",17,5,29,30.701,30.643,TRUE,1,1,7064,1,,,16.257
postgres,sieve,18,5-15_U_25-30,"5,6,7,8,9,10,11,12,13,14,15,25,26,27,28,29,30",17,9,87,30.603,30.663,TRUE,0,0,8278,1,,,16.257
postgres,sieve,19,5-15_U_25-30,"5,6,7,8,9,10,11,12,13,14,15,25,26,27,28,29,30",17,28,29,30.875,30.659,TRUE,1,1,2001,1,,,16.257
postgres,sieve,20,5-15_U_25-30,"5,6,7,8,9,10,11,12,13,14,15,25,26,27,28,29,30",17,14,41,30.651,30.594,TRUE,0,0,1609,1,,,16.257
postgres,sieve,21,5-15_U_25-30,"5,6,7,8,9,10,11,12,13,14,15,25,26,27,28,29,30",17,17,37,30.836,30.767,TRUE,0,0,12118,1,,,16.257
postgres,sieve,22,5-15_U_25-30,"5,6,7,8,9,10,11,12,13,14,15,25,26,27,28,29,30",17,9,72,30.593,30.724,TRUE,0,0,1254,1,,,16.257
postgres,sieve_index,1,5-15_U_25-30,"5,6,7,8,9,10,11,12,13,14,15,25,26,27,28,29,30",17,4,29,30.610,30.754,TRUE,0,0,3762,1,,,129.280
postgres,sieve_index,2,5-15_U_25-30,"5,6,7,8,9,10,11,12,13,14,15,25,26,27,28,29,30",17,15,8,30.656,30.704,TRUE,0,0,2783,1,,,129.280
postgres,sieve_index,3,5-15_U_25-30,"5,6,7,8,9,10,11,12,13,14,15,25,26,27,28,29,30",17,8,58,30.850,30.708,TRUE,0,0,4044,1,,,129.280
postgres,sieve_index,4,5-15_U_25-30,"5,6,7,8,9,10,11,12,13,14,15,25,26,27,28,29,30",17,9,55,30.731,30.741,TRUE,0,0,3989,1,,,129.280
postgres,sieve_index,5,5-15_U_25-30,"5,6,7,8,9,10,11,12,13,14,15,25,26,27,28,29,30",17,12,58,30.676,30.637,TRUE,0,0,8391,1,,,129.280
postgres,sieve_index,6,5-15_U_25-30,"5,6,7,8,9,10,11,12,13,14,15,25,26,27,28,29,30",17,6,29,30.540,30.689,TRUE,1,1,4518,1,,,129.280
postgres,sieve_index,7,5-15_U_25-30,"5,6,7,8,9,10,11,12,13,14,15,25,26,27,28,29,30",17,15,8,30.533,30.623,TRUE,0,0,9487,1,,,129.280
postgres,sieve_index,8,5-15_U_25-30,"5,6,7,8,9,10,11,12,13,14,15,25,26,27,28,29,30",17,15,4,30.583,30.716,TRUE,0,0,9597,1,,,129.280
postgres,sieve_index,9,5-15_U_25-30,"5,6,7,8,9,10,11,12,13,14,15,25,26,27,28,29,30",17,11,4,30.395,30.580,TRUE,0,0,3624,1,,,129.280
postgres,sieve_index,10,5-15_U_25-30,"5,6,7,8,9,10,11,12,13,14,15,25,26,27,28,29,30",17,9,58,30.569,30.703,TRUE,0,0,8185,1,,,129.280
postgres,sieve_index,11,5-15_U_25-30,"5,6,7,8,9,10,11,12,13,14,15,25,26,27,28,29,30",17,9,8,30.510,30.722,TRUE,0,0,1866,1,,,129.280
postgres,sieve_index,12,5-15_U_25-30,"5,6,7,8,9,10,11,12,13,14,15,25,26,27,28,29,30",17,11,40,30.330,30.602,TRUE,0,0,3875,1,,,129.280
postgres,sieve_index,13,5-15_U_25-30,"5,6,7,8,9,10,11,12,13,14,15,25,26,27,28,29,30",17,6,72,30.313,30.633,TRUE,0,0,3225,1,,,129.280
postgres,sieve_index,14,5-15_U_25-30,"5,6,7,8,9,10,11,12,13,14,15,25,26,27,28,29,30",17,4,29,30.631,30.669,TRUE,1,1,3237,1,,,129.280
postgres,sieve_index,15,5-15_U_25-30,"5,6,7,8,9,10,11,12,13,14,15,25,26,27,28,29,30",17,8,37,30.487,,UNKNOWN,,,,0,db_error,"ERROR:  relation ""revenue0"" does not exist LINE 1: ...hone, total_revenue from cf_sv_supplier supplier, revenue0 w...                                                              ^",129.280
postgres,sieve_index,16,5-15_U_25-30,"5,6,7,8,9,10,11,12,13,14,15,25,26,27,28,29,30",17,10,16,30.581,30.627,TRUE,0,0,2464,1,,,129.280
postgres,sieve_index,17,5-15_U_25-30,"5,6,7,8,9,10,11,12,13,14,15,25,26,27,28,29,30",17,5,29,30.520,30.608,TRUE,1,1,10249,1,,,129.280
postgres,sieve_index,18,5-15_U_25-30,"5,6,7,8,9,10,11,12,13,14,15,25,26,27,28,29,30",17,9,87,30.504,30.582,TRUE,0,0,12065,1,,,129.280
postgres,sieve_index,19,5-15_U_25-30,"5,6,7,8,9,10,11,12,13,14,15,25,26,27,28,29,30",17,28,29,30.505,30.744,TRUE,1,1,3296,1,,,129.280
postgres,sieve_index,20,5-15_U_25-30,"5,6,7,8,9,10,11,12,13,14,15,25,26,27,28,29,30",17,14,41,30.482,30.618,TRUE,0,0,3654,1,,,129.280
postgres,sieve_index,21,5-15_U_25-30,"5,6,7,8,9,10,11,12,13,14,15,25,26,27,28,29,30",17,17,37,30.619,30.689,TRUE,0,0,17527,1,,,129.280
postgres,sieve_index,22,5-15_U_25-30,"5,6,7,8,9,10,11,12,13,14,15,25,26,27,28,29,30",17,9,72,30.688,30.540,TRUE,0,0,2838,1,,,129.280
postgres,ours,1,5-15_U_25-30,"5,6,7,8,9,10,11,12,13,14,15,25,26,27,28,29,30",17,4,29,30.835,30.840,TRUE,0,0,9184,1,,,7.012
postgres,ours,2,5-15_U_25-30,"5,6,7,8,9,10,11,12,13,14,15,25,26,27,28,29,30",17,15,8,31.001,30.973,TRUE,0,0,9184,1,,,7.012
postgres,ours,3,5-15_U_25-30,"5,6,7,8,9,10,11,12,13,14,15,25,26,27,28,29,30",17,8,58,30.834,30.787,TRUE,0,0,8960,1,,,7.012
postgres,ours,4,5-15_U_25-30,"5,6,7,8,9,10,11,12,13,14,15,25,26,27,28,29,30",17,9,55,30.699,30.963,TRUE,0,0,9184,1,,,7.012
postgres,ours,5,5-15_U_25-30,"5,6,7,8,9,10,11,12,13,14,15,25,26,27,28,29,30",17,12,58,30.811,30.877,TRUE,0,0,8960,1,,,7.012
postgres,ours,6,5-15_U_25-30,"5,6,7,8,9,10,11,12,13,14,15,25,26,27,28,29,30",17,6,29,30.575,30.930,TRUE,1,1,10080,1,,,7.012
postgres,ours,7,5-15_U_25-30,"5,6,7,8,9,10,11,12,13,14,15,25,26,27,28,29,30",17,15,8,30.835,30.691,TRUE,0,0,9363,1,,,7.012
postgres,ours,8,5-15_U_25-30,"5,6,7,8,9,10,11,12,13,14,15,25,26,27,28,29,30",17,15,4,30.827,30.713,TRUE,0,0,9267,1,,,7.012
postgres,ours,9,5-15_U_25-30,"5,6,7,8,9,10,11,12,13,14,15,25,26,27,28,29,30",17,11,4,31.143,30.728,TRUE,0,0,9318,1,,,7.012
postgres,ours,10,5-15_U_25-30,"5,6,7,8,9,10,11,12,13,14,15,25,26,27,28,29,30",17,9,58,31.032,30.657,TRUE,0,0,9318,1,,,7.012
postgres,ours,11,5-15_U_25-30,"5,6,7,8,9,10,11,12,13,14,15,25,26,27,28,29,30",17,9,8,30.840,31.012,TRUE,0,0,8736,1,,,7.012
postgres,ours,12,5-15_U_25-30,"5,6,7,8,9,10,11,12,13,14,15,25,26,27,28,29,30",17,11,40,31.066,30.877,TRUE,0,0,9184,1,,,7.012
postgres,ours,13,5-15_U_25-30,"5,6,7,8,9,10,11,12,13,14,15,25,26,27,28,29,30",17,6,72,30.893,30.872,TRUE,0,0,8915,1,,,7.012
postgres,ours,14,5-15_U_25-30,"5,6,7,8,9,10,11,12,13,14,15,25,26,27,28,29,30",17,4,29,30.713,30.814,TRUE,1,1,9184,1,,,7.012
postgres,ours,15,5-15_U_25-30,"5,6,7,8,9,10,11,12,13,14,15,25,26,27,28,29,30",17,8,37,31.041,,UNKNOWN,,,,0,db_error,"ERROR:  relation ""revenue0"" does not exist LINE 1: ... s_address, s_phone, total_revenue from supplier, revenue0 w...                                                              ^",7.012
postgres,ours,16,5-15_U_25-30,"5,6,7,8,9,10,11,12,13,14,15,25,26,27,28,29,30",17,10,16,30.899,30.935,TRUE,0,0,8960,1,,,7.012
postgres,ours,17,5-15_U_25-30,"5,6,7,8,9,10,11,12,13,14,15,25,26,27,28,29,30",17,5,29,31.104,30.898,TRUE,1,1,8960,1,,,7.012
postgres,ours,18,5-15_U_25-30,"5,6,7,8,9,10,11,12,13,14,15,25,26,27,28,29,30",17,9,87,30.714,30.933,TRUE,0,0,9318,1,,,7.012
postgres,ours,19,5-15_U_25-30,"5,6,7,8,9,10,11,12,13,14,15,25,26,27,28,29,30",17,28,29,30.851,30.761,TRUE,1,1,9139,1,,,7.012
postgres,ours,20,5-15_U_25-30,"5,6,7,8,9,10,11,12,13,14,15,25,26,27,28,29,30",17,14,41,30.871,31.008,TRUE,0,0,9139,1,,,7.012
postgres,ours,21,5-15_U_25-30,"5,6,7,8,9,10,11,12,13,14,15,25,26,27,28,29,30",17,17,37,30.869,30.875,TRUE,0,0,9184,1,,,7.012
postgres,ours,22,5-15_U_25-30,"5,6,7,8,9,10,11,12,13,14,15,25,26,27,28,29,30",17,9,72,30.824,30.898,TRUE,0,0,8870,1,,,7.012
