db,baseline,query_id,policy_set_name,policy_ids,num_policies,query_complexity,policy_complexity,cold_ms,hot_ms,correctness,baseline_rows,rls_index_rows,mem_overhead_kb,status,error_type,error_msg,pre_run_memory_building_ms
postgres,no_policy,1,1-5,"1,2,3,4,5",5,4,30,31.150,31.311,TRUE,0,0,0,1,,,0.000
postgres,no_policy,2,1-5,"1,2,3,4,5",5,15,0,30.982,30.992,TRUE,0,0,0,1,,,0.000
postgres,no_policy,3,1-5,"1,2,3,4,5",5,8,0,30.814,30.872,TRUE,0,0,0,1,,,0.000
postgres,no_policy,4,1-5,"1,2,3,4,5",5,9,30,30.559,30.777,TRUE,0,0,0,1,,,0.000
postgres,no_policy,5,1-5,"1,2,3,4,5",5,12,0,31.151,31.396,TRUE,0,0,0,1,,,0.000
postgres,no_policy,6,1-5,"1,2,3,4,5",5,6,30,30.990,31.419,TRUE,1,1,0,1,,,0.000
postgres,no_policy,7,1-5,"1,2,3,4,5",5,15,0,31.177,31.394,TRUE,0,0,0,1,,,0.000
postgres,no_policy,8,1-5,"1,2,3,4,5",5,15,0,31.196,31.503,TRUE,0,0,0,1,,,0.000
postgres,no_policy,9,1-5,"1,2,3,4,5",5,11,0,31.351,31.411,TRUE,0,0,0,1,,,0.000
postgres,no_policy,10,1-5,"1,2,3,4,5",5,9,0,30.409,30.641,TRUE,0,0,0,1,,,0.000
postgres,no_policy,11,1-5,"1,2,3,4,5",5,9,0,31.253,31.409,TRUE,0,0,0,1,,,0.000
postgres,no_policy,12,1-5,"1,2,3,4,5",5,11,0,31.205,31.603,TRUE,0,0,0,1,,,0.000
postgres,no_policy,13,1-5,"1,2,3,4,5",5,6,0,31.080,31.350,TRUE,0,0,0,1,,,0.000
postgres,no_policy,14,1-5,"1,2,3,4,5",5,4,30,31.353,31.394,TRUE,1,1,0,1,,,0.000
postgres,no_policy,15,1-5,"1,2,3,4,5",5,8,30,31.074,,UNKNOWN,,,,0,db_error,"ERROR:  relation ""revenue0"" does not exist LINE 1: ... s_address, s_phone, total_revenue from supplier, revenue0 w...                                                              ^",0.000
postgres,no_policy,16,1-5,"1,2,3,4,5",5,10,0,31.100,31.313,TRUE,0,0,0,1,,,0.000
postgres,no_policy,17,1-5,"1,2,3,4,5",5,5,30,30.942,31.465,TRUE,1,1,0,1,,,0.000
postgres,no_policy,18,1-5,"1,2,3,4,5",5,9,30,31.230,31.252,TRUE,0,0,0,1,,,0.000
postgres,no_policy,19,1-5,"1,2,3,4,5",5,28,30,31.150,31.494,TRUE,1,1,0,1,,,0.000
postgres,no_policy,20,1-5,"1,2,3,4,5",5,14,30,31.186,31.428,TRUE,0,0,0,1,,,0.000
postgres,no_policy,21,1-5,"1,2,3,4,5",5,17,30,31.140,31.353,TRUE,0,0,0,1,,,0.000
postgres,no_policy,22,1-5,"1,2,3,4,5",5,9,0,31.247,31.431,TRUE,0,0,0,1,,,0.000
postgres,view_based,1,1-5,"1,2,3,4,5",5,4,30,31.202,31.429,TRUE,0,0,896,1,,,6.166
postgres,view_based,2,1-5,"1,2,3,4,5",5,15,0,31.096,31.472,TRUE,0,0,-224,1,,,6.166
postgres,view_based,3,1-5,"1,2,3,4,5",5,8,0,31.088,31.498,TRUE,0,0,224,1,,,6.166
postgres,view_based,4,1-5,"1,2,3,4,5",5,9,30,31.085,31.498,TRUE,0,0,448,1,,,6.166
postgres,view_based,5,1-5,"1,2,3,4,5",5,12,0,31.241,31.417,TRUE,0,0,896,1,,,6.166
postgres,view_based,6,1-5,"1,2,3,4,5",5,6,30,31.074,31.441,TRUE,1,1,672,1,,,6.166
postgres,view_based,7,1-5,"1,2,3,4,5",5,15,0,31.101,31.510,TRUE,0,0,403,1,,,6.166
postgres,view_based,8,1-5,"1,2,3,4,5",5,15,0,30.899,31.438,TRUE,0,0,951,1,,,6.166
postgres,view_based,9,1-5,"1,2,3,4,5",5,11,0,31.197,31.515,TRUE,0,0,627,1,,,6.166
postgres,view_based,10,1-5,"1,2,3,4,5",5,9,0,31.126,31.441,TRUE,0,0,896,1,,,6.166
postgres,view_based,11,1-5,"1,2,3,4,5",5,9,0,30.966,31.204,TRUE,0,0,-224,1,,,6.166
postgres,view_based,12,1-5,"1,2,3,4,5",5,11,0,31.369,31.487,TRUE,0,0,224,1,,,6.166
postgres,view_based,13,1-5,"1,2,3,4,5",5,6,0,31.105,31.391,TRUE,0,0,-224,1,,,6.166
postgres,view_based,14,1-5,"1,2,3,4,5",5,4,30,30.941,31.286,TRUE,1,1,448,1,,,6.166
postgres,view_based,15,1-5,"1,2,3,4,5",5,8,30,31.047,,UNKNOWN,,,,0,db_error,"ERROR:  relation ""revenue0"" does not exist LINE 1: ... s_address, s_phone, total_revenue from supplier, revenue0 w...                                                              ^",6.166
postgres,view_based,16,1-5,"1,2,3,4,5",5,10,0,31.271,31.540,TRUE,0,0,-672,1,,,6.166
postgres,view_based,17,1-5,"1,2,3,4,5",5,5,30,31.135,31.485,TRUE,1,1,1120,1,,,6.166
postgres,view_based,18,1-5,"1,2,3,4,5",5,9,30,31.213,31.546,TRUE,0,0,668,1,,,6.166
postgres,view_based,19,1-5,"1,2,3,4,5",5,28,30,31.055,31.419,TRUE,1,1,896,1,,,6.166
postgres,view_based,20,1-5,"1,2,3,4,5",5,14,30,30.961,31.492,TRUE,0,0,896,1,,,6.166
postgres,view_based,21,1-5,"1,2,3,4,5",5,17,30,30.899,31.029,TRUE,0,0,763,1,,,6.166
postgres,view_based,22,1-5,"1,2,3,4,5",5,9,0,31.109,31.536,TRUE,0,0,45,1,,,6.166
postgres,rls,1,1-5,"1,2,3,4,5",5,4,30,30.666,31.410,TRUE,0,0,1568,1,,,0.000
postgres,rls,2,1-5,"1,2,3,4,5",5,15,0,31.331,31.566,TRUE,0,0,-672,1,,,0.000
postgres,rls,3,1-5,"1,2,3,4,5",5,8,0,31.285,31.476,TRUE,0,0,224,1,,,0.000
postgres,rls,4,1-5,"1,2,3,4,5",5,9,30,31.223,31.337,TRUE,0,0,448,1,,,0.000
postgres,rls,5,1-5,"1,2,3,4,5",5,12,0,31.091,31.281,TRUE,0,0,672,1,,,0.000
postgres,rls,6,1-5,"1,2,3,4,5",5,6,30,31.086,31.346,TRUE,1,1,672,1,,,0.000
postgres,rls,7,1-5,"1,2,3,4,5",5,15,0,31.201,31.673,TRUE,0,0,851,1,,,0.000
postgres,rls,8,1-5,"1,2,3,4,5",5,15,0,31.303,31.458,TRUE,0,0,448,1,,,0.000
postgres,rls,9,1-5,"1,2,3,4,5",5,11,0,31.003,31.289,TRUE,0,0,627,1,,,0.000
postgres,rls,10,1-5,"1,2,3,4,5",5,9,0,31.012,31.439,TRUE,0,0,1120,1,,,0.000
postgres,rls,11,1-5,"1,2,3,4,5",5,9,0,31.233,31.427,TRUE,0,0,0,1,,,0.000
postgres,rls,12,1-5,"1,2,3,4,5",5,11,0,31.120,31.183,TRUE,0,0,896,1,,,0.000
postgres,rls,13,1-5,"1,2,3,4,5",5,6,0,31.180,31.308,TRUE,0,0,224,1,,,0.000
postgres,rls,14,1-5,"1,2,3,4,5",5,4,30,31.184,31.344,TRUE,1,1,672,1,,,0.000
postgres,rls,15,1-5,"1,2,3,4,5",5,8,30,31.388,,UNKNOWN,,,,0,db_error,"ERROR:  relation ""revenue0"" does not exist LINE 1: ... s_address, s_phone, total_revenue from supplier, revenue0 w...                                                              ^",0.000
postgres,rls,16,1-5,"1,2,3,4,5",5,10,0,31.189,31.449,TRUE,0,0,224,1,,,0.000
postgres,rls,17,1-5,"1,2,3,4,5",5,5,30,31.175,31.424,TRUE,1,1,896,1,,,0.000
postgres,rls,18,1-5,"1,2,3,4,5",5,9,30,31.217,31.465,TRUE,0,0,896,1,,,0.000
postgres,rls,19,1-5,"1,2,3,4,5",5,28,30,31.012,31.407,TRUE,1,1,1120,1,,,0.000
postgres,rls,20,1-5,"1,2,3,4,5",5,14,30,31.194,31.395,TRUE,0,0,0,1,,,0.000
postgres,rls,21,1-5,"1,2,3,4,5",5,17,30,31.271,31.535,TRUE,0,0,1120,1,,,0.000
postgres,rls,22,1-5,"1,2,3,4,5",5,9,0,31.030,31.490,TRUE,0,0,493,1,,,0.000
postgres,rls_index,1,1-5,"1,2,3,4,5",5,4,30,30.737,31.575,TRUE,0,0,1568,1,,,32.077
postgres,rls_index,2,1-5,"1,2,3,4,5",5,15,0,31.392,31.621,TRUE,0,0,-448,1,,,32.077
postgres,rls_index,3,1-5,"1,2,3,4,5",5,8,0,31.112,31.376,TRUE,0,0,896,1,,,32.077
postgres,rls_index,4,1-5,"1,2,3,4,5",5,9,30,31.021,31.506,TRUE,0,0,1344,1,,,32.077
postgres,rls_index,5,1-5,"1,2,3,4,5",5,12,0,31.103,31.554,TRUE,0,0,1792,1,,,32.077
postgres,rls_index,6,1-5,"1,2,3,4,5",5,6,30,31.140,31.573,TRUE,1,1,896,1,,,32.077
postgres,rls_index,7,1-5,"1,2,3,4,5",5,15,0,31.221,31.464,TRUE,0,0,892,1,,,32.077
postgres,rls_index,8,1-5,"1,2,3,4,5",5,15,0,31.144,31.444,TRUE,0,0,1792,1,,,32.077
postgres,rls_index,9,1-5,"1,2,3,4,5",5,11,0,31.197,31.606,TRUE,0,0,1023,1,,,32.077
postgres,rls_index,10,1-5,"1,2,3,4,5",5,9,0,31.135,31.510,TRUE,0,0,1120,1,,,32.077
postgres,rls_index,11,1-5,"1,2,3,4,5",5,9,0,30.421,31.229,TRUE,0,0,224,1,,,32.077
postgres,rls_index,12,1-5,"1,2,3,4,5",5,11,0,31.145,31.393,TRUE,0,0,1344,1,,,32.077
postgres,rls_index,13,1-5,"1,2,3,4,5",5,6,0,31.190,31.350,TRUE,0,0,224,1,,,32.077
postgres,rls_index,14,1-5,"1,2,3,4,5",5,4,30,31.537,31.420,TRUE,1,1,896,1,,,32.077
postgres,rls_index,15,1-5,"1,2,3,4,5",5,8,30,31.141,,UNKNOWN,,,,0,db_error,"ERROR:  relation ""revenue0"" does not exist LINE 1: ... s_address, s_phone, total_revenue from supplier, revenue0 w...                                                              ^",32.077
postgres,rls_index,16,1-5,"1,2,3,4,5",5,10,0,31.154,31.391,TRUE,0,0,224,1,,,32.077
postgres,rls_index,17,1-5,"1,2,3,4,5",5,5,30,30.979,31.361,TRUE,1,1,1792,1,,,32.077
postgres,rls_index,18,1-5,"1,2,3,4,5",5,9,30,31.392,31.441,TRUE,0,0,1120,1,,,32.077
postgres,rls_index,19,1-5,"1,2,3,4,5",5,28,30,31.271,31.457,TRUE,1,1,1120,1,,,32.077
postgres,rls_index,20,1-5,"1,2,3,4,5",5,14,30,31.124,31.508,TRUE,0,0,1120,1,,,32.077
postgres,rls_index,21,1-5,"1,2,3,4,5",5,17,30,30.948,31.358,TRUE,0,0,1568,1,,,32.077
postgres,rls_index,22,1-5,"1,2,3,4,5",5,9,0,31.325,31.556,TRUE,0,0,0,1,,,32.077
postgres,sieve,1,1-5,"1,2,3,4,5",5,4,30,31.065,31.352,TRUE,0,0,672,1,,,8.381
postgres,sieve,2,1-5,"1,2,3,4,5",5,15,0,31.299,31.377,TRUE,0,0,-448,1,,,8.381
postgres,sieve,3,1-5,"1,2,3,4,5",5,8,0,31.345,31.375,TRUE,0,0,0,1,,,8.381
postgres,sieve,4,1-5,"1,2,3,4,5",5,9,30,31.052,31.405,TRUE,0,0,672,1,,,8.381
postgres,sieve,5,1-5,"1,2,3,4,5",5,12,0,30.582,31.249,TRUE,0,0,339,1,,,8.381
postgres,sieve,6,1-5,"1,2,3,4,5",5,6,30,31.160,31.511,TRUE,1,1,448,1,,,8.381
postgres,sieve,7,1-5,"1,2,3,4,5",5,15,0,31.008,31.379,TRUE,0,0,448,1,,,8.381
postgres,sieve,8,1-5,"1,2,3,4,5",5,15,0,31.137,30.994,TRUE,0,0,727,1,,,8.381
postgres,sieve,9,1-5,"1,2,3,4,5",5,11,0,31.040,31.350,TRUE,0,0,-224,1,,,8.381
postgres,sieve,10,1-5,"1,2,3,4,5",5,9,0,31.358,31.424,TRUE,0,0,851,1,,,8.381
postgres,sieve,11,1-5,"1,2,3,4,5",5,9,0,31.109,31.472,TRUE,0,0,-224,1,,,8.381
postgres,sieve,12,1-5,"1,2,3,4,5",5,11,0,31.086,31.465,TRUE,0,0,-224,1,,,8.381
postgres,sieve,13,1-5,"1,2,3,4,5",5,6,0,31.124,31.419,TRUE,0,0,0,1,,,8.381
postgres,sieve,14,1-5,"1,2,3,4,5",5,4,30,31.193,31.485,TRUE,1,1,224,1,,,8.381
postgres,sieve,15,1-5,"1,2,3,4,5",5,8,30,31.066,,UNKNOWN,,,,0,db_error,"ERROR:  relation ""revenue0"" does not exist LINE 1: ... s_address, s_phone, total_revenue from supplier, revenue0 w...                                                              ^",8.381
postgres,sieve,16,1-5,"1,2,3,4,5",5,10,0,31.181,31.523,TRUE,0,0,-224,1,,,8.381
postgres,sieve,17,1-5,"1,2,3,4,5",5,5,30,30.856,31.515,TRUE,1,1,888,1,,,8.381
postgres,sieve,18,1-5,"1,2,3,4,5",5,9,30,30.957,31.489,TRUE,0,0,896,1,,,8.381
postgres,sieve,19,1-5,"1,2,3,4,5",5,28,30,31.071,31.509,TRUE,1,1,1120,1,,,8.381
postgres,sieve,20,1-5,"1,2,3,4,5",5,14,30,31.144,31.451,TRUE,0,0,672,1,,,8.381
postgres,sieve,21,1-5,"1,2,3,4,5",5,17,30,31.145,31.400,TRUE,0,0,827,1,,,8.381
postgres,sieve,22,1-5,"1,2,3,4,5",5,9,0,31.096,31.439,TRUE,0,0,45,1,,,8.381
postgres,sieve_index,1,1-5,"1,2,3,4,5",5,4,30,31.076,31.409,TRUE,0,0,2016,1,,,33.951
postgres,sieve_index,2,1-5,"1,2,3,4,5",5,15,0,31.142,31.385,TRUE,0,0,-224,1,,,33.951
postgres,sieve_index,3,1-5,"1,2,3,4,5",5,8,0,31.174,31.059,TRUE,0,0,448,1,,,33.951
postgres,sieve_index,4,1-5,"1,2,3,4,5",5,9,30,30.551,30.995,TRUE,0,0,896,1,,,33.951
postgres,sieve_index,5,1-5,"1,2,3,4,5",5,12,0,31.105,31.013,TRUE,0,0,672,1,,,33.951
postgres,sieve_index,6,1-5,"1,2,3,4,5",5,6,30,30.417,30.674,TRUE,1,1,448,1,,,33.951
postgres,sieve_index,7,1-5,"1,2,3,4,5",5,15,0,30.382,30.647,TRUE,0,0,672,1,,,33.951
postgres,sieve_index,8,1-5,"1,2,3,4,5",5,15,0,30.427,30.875,TRUE,0,0,672,1,,,33.951
postgres,sieve_index,9,1-5,"1,2,3,4,5",5,11,0,31.099,31.254,TRUE,0,0,448,1,,,33.951
postgres,sieve_index,10,1-5,"1,2,3,4,5",5,9,0,30.938,31.083,TRUE,0,0,672,1,,,33.951
postgres,sieve_index,11,1-5,"1,2,3,4,5",5,9,0,30.980,31.166,TRUE,0,0,0,1,,,33.951
postgres,sieve_index,12,1-5,"1,2,3,4,5",5,11,0,31.100,31.203,TRUE,0,0,448,1,,,33.951
postgres,sieve_index,13,1-5,"1,2,3,4,5",5,6,0,30.823,31.394,TRUE,0,0,-224,1,,,33.951
postgres,sieve_index,14,1-5,"1,2,3,4,5",5,4,30,30.991,31.397,TRUE,1,1,224,1,,,33.951
postgres,sieve_index,15,1-5,"1,2,3,4,5",5,8,30,30.698,,UNKNOWN,,,,0,db_error,"ERROR:  relation ""revenue0"" does not exist LINE 1: ... s_address, s_phone, total_revenue from supplier, revenue0 w...                                                              ^",33.951
postgres,sieve_index,16,1-5,"1,2,3,4,5",5,10,0,31.105,31.337,TRUE,0,0,224,1,,,33.951
postgres,sieve_index,17,1-5,"1,2,3,4,5",5,5,30,30.833,31.393,TRUE,1,1,448,1,,,33.951
postgres,sieve_index,18,1-5,"1,2,3,4,5",5,9,30,30.941,31.415,TRUE,0,0,896,1,,,33.951
postgres,sieve_index,19,1-5,"1,2,3,4,5",5,28,30,31.039,31.365,TRUE,1,1,896,1,,,33.951
postgres,sieve_index,20,1-5,"1,2,3,4,5",5,14,30,31.177,31.440,TRUE,0,0,448,1,,,33.951
postgres,sieve_index,21,1-5,"1,2,3,4,5",5,17,30,31.170,31.374,TRUE,0,0,987,1,,,33.951
postgres,sieve_index,22,1-5,"1,2,3,4,5",5,9,0,31.060,31.200,TRUE,0,0,269,1,,,33.951
postgres,ours,1,1-5,"1,2,3,4,5",5,4,30,31.558,31.697,TRUE,0,0,9408,1,,,11.315
postgres,ours,2,1-5,"1,2,3,4,5",5,15,0,31.649,31.576,TRUE,0,0,6944,1,,,11.315
postgres,ours,3,1-5,"1,2,3,4,5",5,8,0,31.705,31.629,TRUE,0,0,8064,1,,,11.315
postgres,ours,4,1-5,"1,2,3,4,5",5,9,30,30.726,31.730,TRUE,0,0,8064,1,,,11.315
postgres,ours,5,1-5,"1,2,3,4,5",5,12,0,30.943,31.579,TRUE,0,0,8512,1,,,11.315
postgres,ours,6,1-5,"1,2,3,4,5",5,6,30,31.525,31.651,TRUE,1,1,8960,1,,,11.315
postgres,ours,7,1-5,"1,2,3,4,5",5,15,0,31.396,31.649,TRUE,0,0,8064,1,,,11.315
postgres,ours,8,1-5,"1,2,3,4,5",5,15,0,31.078,31.635,TRUE,0,0,8512,1,,,11.315
postgres,ours,9,1-5,"1,2,3,4,5",5,11,0,31.303,31.383,TRUE,0,0,8467,1,,,11.315
postgres,ours,10,1-5,"1,2,3,4,5",5,9,0,30.528,31.253,TRUE,0,0,8467,1,,,11.315
postgres,ours,11,1-5,"1,2,3,4,5",5,9,0,31.552,31.629,TRUE,0,0,7347,1,,,11.315
postgres,ours,12,1-5,"1,2,3,4,5",5,11,0,30.867,31.467,TRUE,0,0,8512,1,,,11.315
postgres,ours,13,1-5,"1,2,3,4,5",5,6,0,31.009,31.713,TRUE,0,0,7616,1,,,11.315
postgres,ours,14,1-5,"1,2,3,4,5",5,4,30,31.487,31.886,TRUE,1,1,8064,1,,,11.315
postgres,ours,15,1-5,"1,2,3,4,5",5,8,30,30.949,,UNKNOWN,,,,0,db_error,"ERROR:  relation ""revenue0"" does not exist LINE 1: ... s_address, s_phone, total_revenue from supplier, revenue0 w...                                                              ^",11.315
postgres,ours,16,1-5,"1,2,3,4,5",5,10,0,31.570,31.853,TRUE,0,0,7123,1,,,11.315
postgres,ours,17,1-5,"1,2,3,4,5",5,5,30,31.641,31.936,TRUE,1,1,8691,1,,,11.315
postgres,ours,18,1-5,"1,2,3,4,5",5,9,30,30.963,31.936,TRUE,0,0,8780,1,,,11.315
postgres,ours,19,1-5,"1,2,3,4,5",5,28,30,31.740,31.728,TRUE,1,1,8736,1,,,11.315
postgres,ours,20,1-5,"1,2,3,4,5",5,14,30,31.653,31.473,TRUE,0,0,8467,1,,,11.315
postgres,ours,21,1-5,"1,2,3,4,5",5,17,30,31.652,31.729,TRUE,0,0,8512,1,,,11.315
postgres,ours,22,1-5,"1,2,3,4,5",5,9,0,31.160,31.478,TRUE,0,0,7661,1,,,11.315
postgres,no_policy,1,1-10,"1,2,3,4,5,6,7,8,9,10",10,4,30,30.716,31.293,TRUE,0,0,0,1,,,0.000
postgres,no_policy,2,1-10,"1,2,3,4,5,6,7,8,9,10",10,15,0,30.965,30.913,TRUE,0,0,0,1,,,0.000
postgres,no_policy,3,1-10,"1,2,3,4,5,6,7,8,9,10",10,8,27,31.299,30.777,TRUE,0,0,0,1,,,0.000
postgres,no_policy,4,1-10,"1,2,3,4,5,6,7,8,9,10",10,9,30,31.308,31.214,TRUE,0,0,0,1,,,0.000
postgres,no_policy,5,1-10,"1,2,3,4,5,6,7,8,9,10",10,12,27,30.995,31.145,TRUE,0,0,0,1,,,0.000
postgres,no_policy,6,1-10,"1,2,3,4,5,6,7,8,9,10",10,6,30,31.170,31.401,TRUE,1,1,0,1,,,0.000
postgres,no_policy,7,1-10,"1,2,3,4,5,6,7,8,9,10",10,15,0,31.120,31.337,TRUE,0,0,0,1,,,0.000
postgres,no_policy,8,1-10,"1,2,3,4,5,6,7,8,9,10",10,15,0,30.973,31.369,TRUE,0,0,0,1,,,0.000
postgres,no_policy,9,1-10,"1,2,3,4,5,6,7,8,9,10",10,11,0,31.095,31.269,TRUE,0,0,0,1,,,0.000
postgres,no_policy,10,1-10,"1,2,3,4,5,6,7,8,9,10",10,9,27,30.708,31.301,TRUE,0,0,0,1,,,0.000
postgres,no_policy,11,1-10,"1,2,3,4,5,6,7,8,9,10",10,9,0,31.165,31.306,TRUE,0,0,0,1,,,0.000
postgres,no_policy,12,1-10,"1,2,3,4,5,6,7,8,9,10",10,11,0,31.116,31.056,TRUE,0,0,0,1,,,0.000
postgres,no_policy,13,1-10,"1,2,3,4,5,6,7,8,9,10",10,6,27,30.984,31.060,TRUE,0,0,0,1,,,0.000
postgres,no_policy,14,1-10,"1,2,3,4,5,6,7,8,9,10",10,4,30,31.089,30.900,TRUE,1,1,0,1,,,0.000
postgres,no_policy,15,1-10,"1,2,3,4,5,6,7,8,9,10",10,8,30,31.105,,UNKNOWN,,,,0,db_error,"ERROR:  relation ""revenue0"" does not exist LINE 1: ... s_address, s_phone, total_revenue from supplier, revenue0 w...                                                              ^",0.000
postgres,no_policy,16,1-10,"1,2,3,4,5,6,7,8,9,10",10,10,0,31.070,31.299,TRUE,0,0,0,1,,,0.000
postgres,no_policy,17,1-10,"1,2,3,4,5,6,7,8,9,10",10,5,30,31.186,31.131,TRUE,1,1,0,1,,,0.000
postgres,no_policy,18,1-10,"1,2,3,4,5,6,7,8,9,10",10,9,57,31.011,31.073,TRUE,0,0,0,1,,,0.000
postgres,no_policy,19,1-10,"1,2,3,4,5,6,7,8,9,10",10,28,30,31.128,31.171,TRUE,1,1,0,1,,,0.000
postgres,no_policy,20,1-10,"1,2,3,4,5,6,7,8,9,10",10,14,30,30.877,31.074,TRUE,0,0,0,1,,,0.000
postgres,no_policy,21,1-10,"1,2,3,4,5,6,7,8,9,10",10,17,30,30.946,31.230,TRUE,0,0,0,1,,,0.000
postgres,no_policy,22,1-10,"1,2,3,4,5,6,7,8,9,10",10,9,27,30.901,31.139,TRUE,0,0,0,1,,,0.000
postgres,view_based,1,1-10,"1,2,3,4,5,6,7,8,9,10",10,4,30,30.894,31.180,TRUE,0,0,448,1,,,5.347
postgres,view_based,2,1-10,"1,2,3,4,5,6,7,8,9,10",10,15,0,31.152,31.354,TRUE,0,0,-269,1,,,5.347
postgres,view_based,3,1-10,"1,2,3,4,5,6,7,8,9,10",10,8,27,30.669,30.761,TRUE,0,0,-135,1,,,5.347
postgres,view_based,4,1-10,"1,2,3,4,5,6,7,8,9,10",10,9,30,30.835,31.287,TRUE,0,0,1030,1,,,5.347
postgres,view_based,5,1-10,"1,2,3,4,5,6,7,8,9,10",10,12,27,31.187,31.098,TRUE,0,0,1407,1,,,5.347
postgres,view_based,6,1-10,"1,2,3,4,5,6,7,8,9,10",10,6,30,31.160,31.181,TRUE,1,1,896,1,,,5.347
postgres,view_based,7,1-10,"1,2,3,4,5,6,7,8,9,10",10,15,0,31.132,31.346,TRUE,0,0,1467,1,,,5.347
postgres,view_based,8,1-10,"1,2,3,4,5,6,7,8,9,10",10,15,0,31.007,31.056,TRUE,0,0,944,1,,,5.347
postgres,view_based,9,1-10,"1,2,3,4,5,6,7,8,9,10",10,11,0,30.916,31.032,TRUE,0,0,1043,1,,,5.347
postgres,view_based,10,1-10,"1,2,3,4,5,6,7,8,9,10",10,9,27,31.170,31.166,TRUE,0,0,896,1,,,5.347
postgres,view_based,11,1-10,"1,2,3,4,5,6,7,8,9,10",10,9,0,31.125,31.381,TRUE,0,0,-224,1,,,5.347
postgres,view_based,12,1-10,"1,2,3,4,5,6,7,8,9,10",10,11,0,30.996,30.891,TRUE,0,0,896,1,,,5.347
postgres,view_based,13,1-10,"1,2,3,4,5,6,7,8,9,10",10,6,27,31.134,31.369,TRUE,0,0,627,1,,,5.347
postgres,view_based,14,1-10,"1,2,3,4,5,6,7,8,9,10",10,4,30,31.103,31.189,TRUE,1,1,896,1,,,5.347
postgres,view_based,15,1-10,"1,2,3,4,5,6,7,8,9,10",10,8,30,31.064,,UNKNOWN,,,,0,db_error,"ERROR:  relation ""revenue0"" does not exist LINE 1: ... s_address, s_phone, total_revenue from supplier, revenue0 w...                                                              ^",5.347
postgres,view_based,16,1-10,"1,2,3,4,5,6,7,8,9,10",10,10,0,31.226,31.347,TRUE,0,0,224,1,,,5.347
postgres,view_based,17,1-10,"1,2,3,4,5,6,7,8,9,10",10,5,30,30.698,31.470,TRUE,1,1,1568,1,,,5.347
postgres,view_based,18,1-10,"1,2,3,4,5,6,7,8,9,10",10,9,57,31.043,31.326,TRUE,0,0,843,1,,,5.347
postgres,view_based,19,1-10,"1,2,3,4,5,6,7,8,9,10",10,28,30,30.799,31.197,TRUE,1,1,896,1,,,5.347
postgres,view_based,20,1-10,"1,2,3,4,5,6,7,8,9,10",10,14,30,31.130,31.330,TRUE,0,0,1344,1,,,5.347
postgres,view_based,21,1-10,"1,2,3,4,5,6,7,8,9,10",10,17,30,30.982,31.230,TRUE,0,0,1466,1,,,5.347
postgres,view_based,22,1-10,"1,2,3,4,5,6,7,8,9,10",10,9,27,30.960,31.408,TRUE,0,0,1120,1,,,5.347
postgres,rls,1,1-10,"1,2,3,4,5,6,7,8,9,10",10,4,30,31.199,31.346,TRUE,0,0,672,1,,,0.000
postgres,rls,2,1-10,"1,2,3,4,5,6,7,8,9,10",10,15,0,31.209,31.453,TRUE,0,0,-224,1,,,0.000
postgres,rls,3,1-10,"1,2,3,4,5,6,7,8,9,10",10,8,27,31.242,30.877,TRUE,0,0,-1165,1,,,0.000
postgres,rls,4,1-10,"1,2,3,4,5,6,7,8,9,10",10,9,30,30.622,30.999,TRUE,0,0,0,1,,,0.000
postgres,rls,5,1-10,"1,2,3,4,5,6,7,8,9,10",10,12,27,30.940,31.417,TRUE,0,0,-224,1,,,0.000
postgres,rls,6,1-10,"1,2,3,4,5,6,7,8,9,10",10,6,30,31.178,31.374,TRUE,1,1,-672,1,,,0.000
postgres,rls,7,1-10,"1,2,3,4,5,6,7,8,9,10",10,15,0,31.254,31.008,TRUE,0,0,-672,1,,,0.000
postgres,rls,8,1-10,"1,2,3,4,5,6,7,8,9,10",10,15,0,31.223,31.210,TRUE,0,0,-403,1,,,0.000
postgres,rls,9,1-10,"1,2,3,4,5,6,7,8,9,10",10,11,0,31.132,31.477,TRUE,0,0,-200,1,,,0.000
postgres,rls,10,1-10,"1,2,3,4,5,6,7,8,9,10",10,9,27,31.088,31.290,TRUE,0,0,-448,1,,,0.000
postgres,rls,11,1-10,"1,2,3,4,5,6,7,8,9,10",10,9,0,30.978,31.330,TRUE,0,0,224,1,,,0.000
postgres,rls,12,1-10,"1,2,3,4,5,6,7,8,9,10",10,11,0,31.251,31.332,TRUE,0,0,-672,1,,,0.000
postgres,rls,13,1-10,"1,2,3,4,5,6,7,8,9,10",10,6,27,31.281,31.331,TRUE,0,0,224,1,,,0.000
postgres,rls,14,1-10,"1,2,3,4,5,6,7,8,9,10",10,4,30,30.911,31.350,TRUE,1,1,-1120,1,,,0.000
postgres,rls,15,1-10,"1,2,3,4,5,6,7,8,9,10",10,8,30,31.169,,UNKNOWN,,,,0,db_error,"ERROR:  relation ""revenue0"" does not exist LINE 1: ... s_address, s_phone, total_revenue from supplier, revenue0 w...                                                              ^",0.000
postgres,rls,16,1-10,"1,2,3,4,5,6,7,8,9,10",10,10,0,31.269,31.336,TRUE,0,0,-224,1,,,0.000
postgres,rls,17,1-10,"1,2,3,4,5,6,7,8,9,10",10,5,30,31.309,31.216,TRUE,1,1,-448,1,,,0.000
postgres,rls,18,1-10,"1,2,3,4,5,6,7,8,9,10",10,9,57,30.979,31.322,TRUE,0,0,-45,1,,,0.000
postgres,rls,19,1-10,"1,2,3,4,5,6,7,8,9,10",10,28,30,31.176,31.472,TRUE,1,1,-672,1,,,0.000
postgres,rls,20,1-10,"1,2,3,4,5,6,7,8,9,10",10,14,30,30.929,31.304,TRUE,0,0,0,1,,,0.000
postgres,rls,21,1-10,"1,2,3,4,5,6,7,8,9,10",10,17,30,30.713,31.471,TRUE,0,0,0,1,,,0.000
postgres,rls,22,1-10,"1,2,3,4,5,6,7,8,9,10",10,9,27,31.123,31.490,TRUE,0,0,448,1,,,0.000
postgres,rls_index,1,1-10,"1,2,3,4,5,6,7,8,9,10",10,4,30,31.174,31.428,TRUE,0,0,1344,1,,,54.915
postgres,rls_index,2,1-10,"1,2,3,4,5,6,7,8,9,10",10,15,0,30.711,31.109,TRUE,0,0,-896,1,,,54.915
postgres,rls_index,3,1-10,"1,2,3,4,5,6,7,8,9,10",10,8,27,31.172,31.369,TRUE,0,0,-224,1,,,54.915
postgres,rls_index,4,1-10,"1,2,3,4,5,6,7,8,9,10",10,9,30,31.154,31.319,TRUE,0,0,448,1,,,54.915
postgres,rls_index,5,1-10,"1,2,3,4,5,6,7,8,9,10",10,12,27,30.930,31.376,TRUE,0,0,0,1,,,54.915
postgres,rls_index,6,1-10,"1,2,3,4,5,6,7,8,9,10",10,6,30,30.596,31.123,TRUE,1,1,448,1,,,54.915
postgres,rls_index,7,1-10,"1,2,3,4,5,6,7,8,9,10",10,15,0,30.874,31.390,TRUE,0,0,224,1,,,54.915
postgres,rls_index,8,1-10,"1,2,3,4,5,6,7,8,9,10",10,15,0,31.198,31.398,TRUE,0,0,45,1,,,54.915
postgres,rls_index,9,1-10,"1,2,3,4,5,6,7,8,9,10",10,11,0,30.827,30.962,TRUE,0,0,472,1,,,54.915
postgres,rls_index,10,1-10,"1,2,3,4,5,6,7,8,9,10",10,9,27,31.055,31.323,TRUE,0,0,0,1,,,54.915
postgres,rls_index,11,1-10,"1,2,3,4,5,6,7,8,9,10",10,9,0,30.961,31.400,TRUE,0,0,-224,1,,,54.915
postgres,rls_index,12,1-10,"1,2,3,4,5,6,7,8,9,10",10,11,0,31.065,31.233,TRUE,0,0,224,1,,,54.915
postgres,rls_index,13,1-10,"1,2,3,4,5,6,7,8,9,10",10,6,27,30.874,31.340,TRUE,0,0,-45,1,,,54.915
postgres,rls_index,14,1-10,"1,2,3,4,5,6,7,8,9,10",10,4,30,31.116,31.183,TRUE,1,1,224,1,,,54.915
postgres,rls_index,15,1-10,"1,2,3,4,5,6,7,8,9,10",10,8,30,31.124,,UNKNOWN,,,,0,db_error,"ERROR:  relation ""revenue0"" does not exist LINE 1: ... s_address, s_phone, total_revenue from supplier, revenue0 w...                                                              ^",54.915
postgres,rls_index,16,1-10,"1,2,3,4,5,6,7,8,9,10",10,10,0,30.872,31.354,TRUE,0,0,0,1,,,54.915
postgres,rls_index,17,1-10,"1,2,3,4,5,6,7,8,9,10",10,5,30,31.238,31.413,TRUE,1,1,896,1,,,54.915
postgres,rls_index,18,1-10,"1,2,3,4,5,6,7,8,9,10",10,9,57,31.146,31.200,TRUE,0,0,-224,1,,,54.915
postgres,rls_index,19,1-10,"1,2,3,4,5,6,7,8,9,10",10,28,30,30.872,31.207,TRUE,1,1,0,1,,,54.915
postgres,rls_index,20,1-10,"1,2,3,4,5,6,7,8,9,10",10,14,30,31.034,31.430,TRUE,0,0,448,1,,,54.915
postgres,rls_index,21,1-10,"1,2,3,4,5,6,7,8,9,10",10,17,30,30.884,31.327,TRUE,0,0,896,1,,,54.915
postgres,rls_index,22,1-10,"1,2,3,4,5,6,7,8,9,10",10,9,27,31.197,31.348,TRUE,0,0,448,1,,,54.915
postgres,sieve,1,1-10,"1,2,3,4,5,6,7,8,9,10",10,4,30,30.887,31.175,TRUE,0,0,448,1,,,8.901
postgres,sieve,2,1-10,"1,2,3,4,5,6,7,8,9,10",10,15,0,30.450,31.009,TRUE,0,0,-224,1,,,8.901
postgres,sieve,3,1-10,"1,2,3,4,5,6,7,8,9,10",10,8,27,30.531,,UNKNOWN,,0,,0,db_error,"ERROR:  relation ""cf_sv_lineitem"" does not exist LINE 1: ...hippriority from cf_sv_customer customer, orders, cf_sv_line...                                                              ^",8.901
postgres,sieve,4,1-10,"1,2,3,4,5,6,7,8,9,10",10,9,30,31.093,,UNKNOWN,,0,,0,db_error,"ERROR:  relation ""cf_sv_lineitem"" does not exist LINE 1: ...' + interval '3' month and exists ( select * from cf_sv_line...                                                              ^",8.901
postgres,sieve,5,1-10,"1,2,3,4,5,6,7,8,9,10",10,12,27,31.183,,UNKNOWN,,0,,0,db_error,"ERROR:  relation ""cf_sv_lineitem"" does not exist LINE 1: ... as revenue from cf_sv_customer customer, orders, cf_sv_line...                                                              ^",8.901
postgres,sieve,6,1-10,"1,2,3,4,5,6,7,8,9,10",10,6,30,31.182,,UNKNOWN,,1,,0,db_error,"ERROR:  relation ""cf_sv_lineitem"" does not exist LINE 1: ...sum(l_extendedprice * l_discount) as revenue from cf_sv_line...                                                              ^",8.901
postgres,sieve,7,1-10,"1,2,3,4,5,6,7,8,9,10",10,15,0,31.199,,UNKNOWN,,0,,0,db_error,"ERROR:  relation ""cf_sv_lineitem"" does not exist LINE 1: ...price * (1 - l_discount) as volume from supplier, cf_sv_line...                                                              ^",8.901
postgres,sieve,8,1-10,"1,2,3,4,5,6,7,8,9,10",10,15,0,31.000,,UNKNOWN,,0,,0,db_error,"ERROR:  relation ""cf_sv_lineitem"" does not exist LINE 1: ... volume, n2.n_name as nation from part, supplier, cf_sv_line...                                                              ^",8.901
postgres,sieve,9,1-10,"1,2,3,4,5,6,7,8,9,10",10,11,0,31.041,,UNKNOWN,,0,,0,db_error,"ERROR:  relation ""cf_sv_lineitem"" does not exist LINE 1: ...ycost * l_quantity as amount from part, supplier, cf_sv_line...                                                              ^",8.901
postgres,sieve,10,1-10,"1,2,3,4,5,6,7,8,9,10",10,9,27,30.996,,UNKNOWN,,0,,0,db_error,"ERROR:  relation ""cf_sv_lineitem"" does not exist LINE 1: ..., c_comment from cf_sv_customer customer, orders, cf_sv_line...                                                              ^",8.901
postgres,sieve,11,1-10,"1,2,3,4,5,6,7,8,9,10",10,9,0,31.828,31.337,TRUE,0,0,-672,1,,,8.901
postgres,sieve,12,1-10,"1,2,3,4,5,6,7,8,9,10",10,11,0,31.132,,UNKNOWN,,0,,0,db_error,"ERROR:  relation ""cf_sv_lineitem"" does not exist LINE 1: ...then 1 else 0 end) as low_line_count from orders, cf_sv_line...                                                              ^",8.901
postgres,sieve,13,1-10,"1,2,3,4,5,6,7,8,9,10",10,6,27,30.546,30.840,TRUE,0,0,1120,1,,,8.901
postgres,sieve,14,1-10,"1,2,3,4,5,6,7,8,9,10",10,4,30,31.063,,UNKNOWN,,1,,0,db_error,"ERROR:  relation ""cf_sv_lineitem"" does not exist LINE 1: ...edprice * (1 - l_discount)) as promo_revenue from cf_sv_line...                                                              ^",8.901
postgres,sieve,15,1-10,"1,2,3,4,5,6,7,8,9,10",10,8,30,30.866,,UNKNOWN,,,,0,db_error,"ERROR:  relation ""revenue0"" does not exist LINE 1: ... s_address, s_phone, total_revenue from supplier, revenue0 w...                                                              ^",8.901
postgres,sieve,16,1-10,"1,2,3,4,5,6,7,8,9,10",10,10,0,31.201,31.354,TRUE,0,0,-448,1,,,8.901
postgres,sieve,17,1-10,"1,2,3,4,5,6,7,8,9,10",10,5,30,31.130,,UNKNOWN,,1,,0,db_error,"ERROR:  relation ""cf_sv_lineitem"" does not exist LINE 1: ...ect sum(l_extendedprice) / 7.0 as avg_yearly from cf_sv_line...                                                              ^",8.901
postgres,sieve,18,1-10,"1,2,3,4,5,6,7,8,9,10",10,9,57,31.083,,UNKNOWN,,0,,0,db_error,"ERROR:  relation ""cf_sv_lineitem"" does not exist LINE 1: ...l_quantity) from cf_sv_customer customer, orders, cf_sv_line...                                                              ^",8.901
postgres,sieve,19,1-10,"1,2,3,4,5,6,7,8,9,10",10,28,30,30.623,,UNKNOWN,,1,,0,db_error,"ERROR:  relation ""cf_sv_lineitem"" does not exist LINE 1: ..._extendedprice* (1 - l_discount)) as revenue from cf_sv_line...                                                              ^",8.901
postgres,sieve,20,1-10,"1,2,3,4,5,6,7,8,9,10",10,14,30,31.219,,UNKNOWN,,0,,0,db_error,"ERROR:  relation ""cf_sv_lineitem"" does not exist LINE 1: ...ps_availqty > ( select 0.5 * sum(l_quantity) from cf_sv_line...                                                              ^",8.901
postgres,sieve,21,1-10,"1,2,3,4,5,6,7,8,9,10",10,17,30,31.008,,UNKNOWN,,0,,0,db_error,"ERROR:  relation ""cf_sv_lineitem"" does not exist LINE 1: select s_name, count(*) as numwait from supplier, cf_sv_line...                                                           ^",8.901
postgres,sieve,22,1-10,"1,2,3,4,5,6,7,8,9,10",10,9,27,31.159,31.275,TRUE,0,0,896,1,,,8.901
postgres,sieve_index,1,1-10,"1,2,3,4,5,6,7,8,9,10",10,4,30,31.196,31.295,TRUE,0,0,1344,1,,,53.098
postgres,sieve_index,2,1-10,"1,2,3,4,5,6,7,8,9,10",10,15,0,30.960,31.315,TRUE,0,0,-224,1,,,53.098
postgres,sieve_index,3,1-10,"1,2,3,4,5,6,7,8,9,10",10,8,27,31.230,31.452,TRUE,0,0,1344,1,,,53.098
postgres,sieve_index,4,1-10,"1,2,3,4,5,6,7,8,9,10",10,9,30,31.196,31.349,TRUE,0,0,672,1,,,53.098
postgres,sieve_index,5,1-10,"1,2,3,4,5,6,7,8,9,10",10,12,27,30.990,31.323,TRUE,0,0,1271,1,,,53.098
postgres,sieve_index,6,1-10,"1,2,3,4,5,6,7,8,9,10",10,6,30,31.067,31.168,TRUE,1,1,448,1,,,53.098
postgres,sieve_index,7,1-10,"1,2,3,4,5,6,7,8,9,10",10,15,0,31.111,31.391,TRUE,0,0,1887,1,,,53.098
postgres,sieve_index,8,1-10,"1,2,3,4,5,6,7,8,9,10",10,15,0,31.210,31.394,TRUE,0,0,1195,1,,,53.098
postgres,sieve_index,9,1-10,"1,2,3,4,5,6,7,8,9,10",10,11,0,31.246,31.397,TRUE,0,0,1039,1,,,53.098
postgres,sieve_index,10,1-10,"1,2,3,4,5,6,7,8,9,10",10,9,27,31.012,31.092,TRUE,0,0,672,1,,,53.098
postgres,sieve_index,11,1-10,"1,2,3,4,5,6,7,8,9,10",10,9,0,30.925,31.116,TRUE,0,0,-448,1,,,53.098
postgres,sieve_index,12,1-10,"1,2,3,4,5,6,7,8,9,10",10,11,0,31.022,31.273,TRUE,0,0,1120,1,,,53.098
postgres,sieve_index,13,1-10,"1,2,3,4,5,6,7,8,9,10",10,6,27,30.962,31.380,TRUE,0,0,1568,1,,,53.098
postgres,sieve_index,14,1-10,"1,2,3,4,5,6,7,8,9,10",10,4,30,31.038,31.340,TRUE,1,1,896,1,,,53.098
postgres,sieve_index,15,1-10,"1,2,3,4,5,6,7,8,9,10",10,8,30,31.147,,UNKNOWN,,,,0,db_error,"ERROR:  relation ""revenue0"" does not exist LINE 1: ... s_address, s_phone, total_revenue from supplier, revenue0 w...                                                              ^",53.098
postgres,sieve_index,16,1-10,"1,2,3,4,5,6,7,8,9,10",10,10,0,31.041,31.353,TRUE,0,0,-448,1,,,53.098
postgres,sieve_index,17,1-10,"1,2,3,4,5,6,7,8,9,10",10,5,30,31.103,31.333,TRUE,1,1,1095,1,,,53.098
postgres,sieve_index,18,1-10,"1,2,3,4,5,6,7,8,9,10",10,9,57,31.254,31.237,TRUE,0,0,1695,1,,,53.098
postgres,sieve_index,19,1-10,"1,2,3,4,5,6,7,8,9,10",10,28,30,30.683,31.191,TRUE,1,1,672,1,,,53.098
postgres,sieve_index,20,1-10,"1,2,3,4,5,6,7,8,9,10",10,14,30,30.906,31.212,TRUE,0,0,896,1,,,53.098
postgres,sieve_index,21,1-10,"1,2,3,4,5,6,7,8,9,10",10,17,30,31.161,31.305,TRUE,0,0,1594,1,,,53.098
postgres,sieve_index,22,1-10,"1,2,3,4,5,6,7,8,9,10",10,9,27,31.142,31.252,TRUE,0,0,595,1,,,53.098
postgres,ours,1,1-10,"1,2,3,4,5,6,7,8,9,10",10,4,30,30.894,31.870,TRUE,0,0,8736,1,,,8.926
postgres,ours,2,1-10,"1,2,3,4,5,6,7,8,9,10",10,15,0,31.418,31.908,TRUE,0,0,7168,1,,,8.926
postgres,ours,3,1-10,"1,2,3,4,5,6,7,8,9,10",10,8,27,32.041,31.816,TRUE,0,0,8512,1,,,8.926
postgres,ours,4,1-10,"1,2,3,4,5,6,7,8,9,10",10,9,30,31.903,31.316,TRUE,0,0,8064,1,,,8.926
postgres,ours,5,1-10,"1,2,3,4,5,6,7,8,9,10",10,12,27,32.114,31.675,TRUE,0,0,8288,1,,,8.926
postgres,ours,6,1-10,"1,2,3,4,5,6,7,8,9,10",10,6,30,31.834,32.647,TRUE,1,1,8736,1,,,8.926
postgres,ours,7,1-10,"1,2,3,4,5,6,7,8,9,10",10,15,0,32.094,31.985,TRUE,0,0,8243,1,,,8.926
postgres,ours,8,1-10,"1,2,3,4,5,6,7,8,9,10",10,15,0,31.352,31.812,TRUE,0,0,8064,1,,,8.926
postgres,ours,9,1-10,"1,2,3,4,5,6,7,8,9,10",10,11,0,31.724,31.873,TRUE,0,0,8760,1,,,8.926
postgres,ours,10,1-10,"1,2,3,4,5,6,7,8,9,10",10,9,27,31.779,32.099,TRUE,0,0,8422,1,,,8.926
postgres,ours,11,1-10,"1,2,3,4,5,6,7,8,9,10",10,9,0,31.744,31.695,TRUE,0,0,7123,1,,,8.926
postgres,ours,12,1-10,"1,2,3,4,5,6,7,8,9,10",10,11,0,31.518,31.905,TRUE,0,0,8288,1,,,8.926
postgres,ours,13,1-10,"1,2,3,4,5,6,7,8,9,10",10,6,27,31.924,31.961,TRUE,0,0,8736,1,,,8.926
postgres,ours,14,1-10,"1,2,3,4,5,6,7,8,9,10",10,4,30,30.877,31.724,TRUE,1,1,8064,1,,,8.926
postgres,ours,15,1-10,"1,2,3,4,5,6,7,8,9,10",10,8,30,31.600,,UNKNOWN,,,,0,db_error,"ERROR:  relation ""revenue0"" does not exist LINE 1: ... s_address, s_phone, total_revenue from supplier, revenue0 w...                                                              ^",8.926
postgres,ours,16,1-10,"1,2,3,4,5,6,7,8,9,10",10,10,0,30.957,31.582,TRUE,0,0,7481,1,,,8.926
postgres,ours,17,1-10,"1,2,3,4,5,6,7,8,9,10",10,5,30,31.181,31.958,TRUE,1,1,8736,1,,,8.926
postgres,ours,18,1-10,"1,2,3,4,5,6,7,8,9,10",10,9,57,30.635,30.895,TRUE,0,0,8288,1,,,8.926
postgres,ours,19,1-10,"1,2,3,4,5,6,7,8,9,10",10,28,30,30.524,31.245,TRUE,1,1,8064,1,,,8.926
postgres,ours,20,1-10,"1,2,3,4,5,6,7,8,9,10",10,14,30,31.940,31.876,TRUE,0,0,8288,1,,,8.926
postgres,ours,21,1-10,"1,2,3,4,5,6,7,8,9,10",10,17,30,31.685,31.708,TRUE,0,0,8512,1,,,8.926
postgres,ours,22,1-10,"1,2,3,4,5,6,7,8,9,10",10,9,27,30.627,31.223,TRUE,0,0,9094,1,,,8.926
postgres,no_policy,1,11-15,"11,12,13,14,15",5,4,11,30.668,30.758,TRUE,0,0,0,1,,,0.000
postgres,no_policy,2,11-15,"11,12,13,14,15",5,15,0,30.543,30.760,TRUE,0,0,0,1,,,0.000
postgres,no_policy,3,11-15,"11,12,13,14,15",5,8,23,30.377,30.583,TRUE,0,0,0,1,,,0.000
postgres,no_policy,4,11-15,"11,12,13,14,15",5,9,34,30.485,30.532,TRUE,0,0,0,1,,,0.000
postgres,no_policy,5,11-15,"11,12,13,14,15",5,12,23,30.589,30.730,TRUE,0,0,0,1,,,0.000
postgres,no_policy,6,11-15,"11,12,13,14,15",5,6,11,30.506,31.250,TRUE,1,1,0,1,,,0.000
postgres,no_policy,7,11-15,"11,12,13,14,15",5,15,0,30.998,31.381,TRUE,0,0,0,1,,,0.000
postgres,no_policy,8,11-15,"11,12,13,14,15",5,15,0,31.156,31.198,TRUE,0,0,0,1,,,0.000
postgres,no_policy,9,11-15,"11,12,13,14,15",5,11,0,30.604,30.711,TRUE,0,0,0,1,,,0.000
postgres,no_policy,10,11-15,"11,12,13,14,15",5,9,23,30.449,30.777,TRUE,0,0,0,1,,,0.000
postgres,no_policy,11,11-15,"11,12,13,14,15",5,9,0,30.579,30.693,TRUE,0,0,0,1,,,0.000
postgres,no_policy,12,11-15,"11,12,13,14,15",5,11,34,30.505,30.671,TRUE,0,0,0,1,,,0.000
postgres,no_policy,13,11-15,"11,12,13,14,15",5,6,34,30.658,30.733,TRUE,0,0,0,1,,,0.000
postgres,no_policy,14,11-15,"11,12,13,14,15",5,4,11,30.747,30.698,TRUE,1,1,0,1,,,0.000
postgres,no_policy,15,11-15,"11,12,13,14,15",5,8,11,30.718,,UNKNOWN,,,,0,db_error,"ERROR:  relation ""revenue0"" does not exist LINE 1: ... s_address, s_phone, total_revenue from supplier, revenue0 w...                                                              ^",0.000
postgres,no_policy,16,11-15,"11,12,13,14,15",5,10,0,30.779,30.968,TRUE,0,0,0,1,,,0.000
postgres,no_policy,17,11-15,"11,12,13,14,15",5,5,11,30.710,30.671,TRUE,1,1,0,1,,,0.000
postgres,no_policy,18,11-15,"11,12,13,14,15",5,9,34,30.400,30.701,TRUE,0,0,0,1,,,0.000
postgres,no_policy,19,11-15,"11,12,13,14,15",5,28,11,30.476,30.607,TRUE,1,1,0,1,,,0.000
postgres,no_policy,20,11-15,"11,12,13,14,15",5,14,11,30.504,30.714,TRUE,0,0,0,1,,,0.000
postgres,no_policy,21,11-15,"11,12,13,14,15",5,17,11,30.333,30.564,TRUE,0,0,0,1,,,0.000
postgres,no_policy,22,11-15,"11,12,13,14,15",5,9,34,30.600,30.759,TRUE,0,0,0,1,,,0.000
postgres,view_based,1,11-15,"11,12,13,14,15",5,4,11,30.502,30.830,TRUE,0,0,672,1,,,3.973
postgres,view_based,2,11-15,"11,12,13,14,15",5,15,0,30.585,30.643,TRUE,0,0,-269,1,,,3.973
postgres,view_based,3,11-15,"11,12,13,14,15",5,8,23,30.579,30.676,TRUE,0,0,1792,1,,,3.973
postgres,view_based,4,11-15,"11,12,13,14,15",5,9,34,30.489,30.534,TRUE,0,0,1971,1,,,3.973
postgres,view_based,5,11-15,"11,12,13,14,15",5,12,23,30.484,30.696,TRUE,0,0,1358,1,,,3.973
postgres,view_based,6,11-15,"11,12,13,14,15",5,6,11,30.411,30.582,TRUE,1,1,1792,1,,,3.973
postgres,view_based,7,11-15,"11,12,13,14,15",5,15,0,30.334,30.491,TRUE,0,0,1015,1,,,3.973
postgres,view_based,8,11-15,"11,12,13,14,15",5,15,0,30.474,30.605,TRUE,0,0,1036,1,,,3.973
postgres,view_based,9,11-15,"11,12,13,14,15",5,11,0,30.419,30.554,TRUE,0,0,943,1,,,3.973
postgres,view_based,10,11-15,"11,12,13,14,15",5,9,23,30.499,30.651,TRUE,0,0,1499,1,,,3.973
postgres,view_based,11,11-15,"11,12,13,14,15",5,9,0,30.588,30.733,TRUE,0,0,-224,1,,,3.973
postgres,view_based,12,11-15,"11,12,13,14,15",5,11,34,30.364,30.721,TRUE,0,0,1344,1,,,3.973
postgres,view_based,13,11-15,"11,12,13,14,15",5,6,34,30.441,30.681,TRUE,0,0,1299,1,,,3.973
postgres,view_based,14,11-15,"11,12,13,14,15",5,4,11,30.474,30.704,TRUE,1,1,896,1,,,3.973
postgres,view_based,15,11-15,"11,12,13,14,15",5,8,11,30.702,,UNKNOWN,,,,0,db_error,"ERROR:  relation ""revenue0"" does not exist LINE 1: ... s_address, s_phone, total_revenue from supplier, revenue0 w...                                                              ^",3.973
postgres,view_based,16,11-15,"11,12,13,14,15",5,10,0,30.606,30.772,TRUE,0,0,-448,1,,,3.973
postgres,view_based,17,11-15,"11,12,13,14,15",5,5,11,30.404,30.737,TRUE,1,1,224,1,,,3.973
postgres,view_based,18,11-15,"11,12,13,14,15",5,9,34,30.528,30.683,TRUE,0,0,1471,1,,,3.973
postgres,view_based,19,11-15,"11,12,13,14,15",5,28,11,30.316,30.582,TRUE,1,1,672,1,,,3.973
postgres,view_based,20,11-15,"11,12,13,14,15",5,14,11,30.612,30.619,TRUE,0,0,672,1,,,3.973
postgres,view_based,21,11-15,"11,12,13,14,15",5,17,11,30.312,30.612,TRUE,0,0,1465,1,,,3.973
postgres,view_based,22,11-15,"11,12,13,14,15",5,9,34,30.322,30.700,TRUE,0,0,257,1,,,3.973
postgres,rls,1,11-15,"11,12,13,14,15",5,4,11,30.584,30.605,TRUE,0,0,1120,1,,,0.000
postgres,rls,2,11-15,"11,12,13,14,15",5,15,0,30.570,30.639,TRUE,0,0,0,1,,,0.000
postgres,rls,3,11-15,"11,12,13,14,15",5,8,23,30.489,30.792,TRUE,0,0,2091,1,,,0.000
postgres,rls,4,11-15,"11,12,13,14,15",5,9,34,30.684,30.735,TRUE,0,0,1971,1,,,0.000
postgres,rls,5,11-15,"11,12,13,14,15",5,12,23,30.606,30.666,TRUE,0,0,832,1,,,0.000
postgres,rls,6,11-15,"11,12,13,14,15",5,6,11,30.491,30.739,TRUE,1,1,2240,1,,,0.000
postgres,rls,7,11-15,"11,12,13,14,15",5,15,0,30.559,30.737,TRUE,0,0,1048,1,,,0.000
postgres,rls,8,11-15,"11,12,13,14,15",5,15,0,30.613,30.664,TRUE,0,0,536,1,,,0.000
postgres,rls,9,11-15,"11,12,13,14,15",5,11,0,30.518,30.633,TRUE,0,0,1248,1,,,0.000
postgres,rls,10,11-15,"11,12,13,14,15",5,9,23,30.536,30.676,TRUE,0,0,1446,1,,,0.000
postgres,rls,11,11-15,"11,12,13,14,15",5,9,0,30.534,30.522,TRUE,0,0,0,1,,,0.000
postgres,rls,12,11-15,"11,12,13,14,15",5,11,34,30.481,30.525,TRUE,0,0,1439,1,,,0.000
postgres,rls,13,11-15,"11,12,13,14,15",5,6,34,30.640,30.496,TRUE,0,0,1120,1,,,0.000
postgres,rls,14,11-15,"11,12,13,14,15",5,4,11,30.341,30.515,TRUE,1,1,1344,1,,,0.000
postgres,rls,15,11-15,"11,12,13,14,15",5,8,11,30.713,,UNKNOWN,,,,0,db_error,"ERROR:  relation ""revenue0"" does not exist LINE 1: ... s_address, s_phone, total_revenue from supplier, revenue0 w...                                                              ^",0.000
postgres,rls,16,11-15,"11,12,13,14,15",5,10,0,30.533,30.710,TRUE,0,0,-224,1,,,0.000
postgres,rls,17,11-15,"11,12,13,14,15",5,5,11,30.802,30.687,TRUE,1,1,1742,1,,,0.000
postgres,rls,18,11-15,"11,12,13,14,15",5,9,34,30.585,30.581,TRUE,0,0,1900,1,,,0.000
postgres,rls,19,11-15,"11,12,13,14,15",5,28,11,30.657,30.685,TRUE,1,1,1568,1,,,0.000
postgres,rls,20,11-15,"11,12,13,14,15",5,14,11,30.774,30.874,TRUE,0,0,672,1,,,0.000
postgres,rls,21,11-15,"11,12,13,14,15",5,17,11,30.671,30.645,TRUE,0,0,2037,1,,,0.000
postgres,rls,22,11-15,"11,12,13,14,15",5,9,34,30.785,30.908,TRUE,0,0,538,1,,,0.000
postgres,rls_index,1,11-15,"11,12,13,14,15",5,4,11,30.732,30.819,TRUE,0,0,2631,1,,,59.755
postgres,rls_index,2,11-15,"11,12,13,14,15",5,15,0,30.609,30.520,TRUE,0,0,672,1,,,59.755
postgres,rls_index,3,11-15,"11,12,13,14,15",5,8,23,31.322,31.517,TRUE,0,0,2662,1,,,59.755
postgres,rls_index,4,11-15,"11,12,13,14,15",5,9,34,30.802,31.333,TRUE,0,0,2664,1,,,59.755
postgres,rls_index,5,11-15,"11,12,13,14,15",5,12,23,30.714,31.480,TRUE,0,0,2054,1,,,59.755
postgres,rls_index,6,11-15,"11,12,13,14,15",5,6,11,31.151,31.416,TRUE,1,1,3360,1,,,59.755
postgres,rls_index,7,11-15,"11,12,13,14,15",5,15,0,31.020,31.143,TRUE,0,0,1555,1,,,59.755
postgres,rls_index,8,11-15,"11,12,13,14,15",5,15,0,31.229,31.353,TRUE,0,0,1978,1,,,59.755
postgres,rls_index,9,11-15,"11,12,13,14,15",5,11,0,30.928,31.234,TRUE,0,0,1757,1,,,59.755
postgres,rls_index,10,11-15,"11,12,13,14,15",5,9,23,31.184,31.384,TRUE,0,0,2821,1,,,59.755
postgres,rls_index,11,11-15,"11,12,13,14,15",5,9,0,31.291,31.444,TRUE,0,0,448,1,,,59.755
postgres,rls_index,12,11-15,"11,12,13,14,15",5,11,34,31.144,31.057,TRUE,0,0,2708,1,,,59.755
postgres,rls_index,13,11-15,"11,12,13,14,15",5,6,34,30.902,31.127,TRUE,0,0,1443,1,,,59.755
postgres,rls_index,14,11-15,"11,12,13,14,15",5,4,11,31.119,31.401,TRUE,1,1,2407,1,,,59.755
postgres,rls_index,15,11-15,"11,12,13,14,15",5,8,11,31.081,,UNKNOWN,,,,0,db_error,"ERROR:  relation ""revenue0"" does not exist LINE 1: ... s_address, s_phone, total_revenue from supplier, revenue0 w...                                                              ^",59.755
postgres,rls_index,16,11-15,"11,12,13,14,15",5,10,0,30.873,31.155,TRUE,0,0,-224,1,,,59.755
postgres,rls_index,17,11-15,"11,12,13,14,15",5,5,11,30.953,31.368,TRUE,1,1,2717,1,,,59.755
postgres,rls_index,18,11-15,"11,12,13,14,15",5,9,34,30.578,31.285,TRUE,0,0,2800,1,,,59.755
postgres,rls_index,19,11-15,"11,12,13,14,15",5,28,11,31.062,31.471,TRUE,1,1,2327,1,,,59.755
postgres,rls_index,20,11-15,"11,12,13,14,15",5,14,11,30.769,31.386,TRUE,0,0,2323,1,,,59.755
postgres,rls_index,21,11-15,"11,12,13,14,15",5,17,11,31.184,31.624,TRUE,0,0,3641,1,,,59.755
postgres,rls_index,22,11-15,"11,12,13,14,15",5,9,34,30.479,30.896,TRUE,0,0,269,1,,,59.755
postgres,sieve,1,11-15,"11,12,13,14,15",5,4,11,30.549,31.302,TRUE,0,0,1568,1,,,12.761
postgres,sieve,2,11-15,"11,12,13,14,15",5,15,0,31.392,31.289,TRUE,0,0,-1120,1,,,12.761
postgres,sieve,3,11-15,"11,12,13,14,15",5,8,23,31.221,31.316,TRUE,0,0,1214,1,,,12.761
postgres,sieve,4,11-15,"11,12,13,14,15",5,9,34,31.050,31.248,TRUE,0,0,1688,1,,,12.761
postgres,sieve,5,11-15,"11,12,13,14,15",5,12,23,31.099,31.170,TRUE,0,0,986,1,,,12.761
postgres,sieve,6,11-15,"11,12,13,14,15",5,6,11,31.131,31.295,TRUE,1,1,2240,1,,,12.761
postgres,sieve,7,11-15,"11,12,13,14,15",5,15,0,31.318,31.183,TRUE,0,0,1084,1,,,12.761
postgres,sieve,8,11-15,"11,12,13,14,15",5,15,0,30.850,31.187,TRUE,0,0,939,1,,,12.761
postgres,sieve,9,11-15,"11,12,13,14,15",5,11,0,31.450,31.213,TRUE,0,0,1065,1,,,12.761
postgres,sieve,10,11-15,"11,12,13,14,15",5,9,23,31.099,31.160,TRUE,0,0,1801,1,,,12.761
postgres,sieve,11,11-15,"11,12,13,14,15",5,9,0,30.917,31.354,TRUE,0,0,-224,1,,,12.761
postgres,sieve,12,11-15,"11,12,13,14,15",5,11,34,31.127,31.230,TRUE,0,0,1694,1,,,12.761
postgres,sieve,13,11-15,"11,12,13,14,15",5,6,34,31.129,31.348,TRUE,0,0,627,1,,,12.761
postgres,sieve,14,11-15,"11,12,13,14,15",5,4,11,30.979,31.275,TRUE,1,1,1344,1,,,12.761
postgres,sieve,15,11-15,"11,12,13,14,15",5,8,11,31.128,,UNKNOWN,,,,0,db_error,"ERROR:  relation ""revenue0"" does not exist LINE 1: ... s_address, s_phone, total_revenue from supplier, revenue0 w...                                                              ^",12.761
postgres,sieve,16,11-15,"11,12,13,14,15",5,10,0,31.164,31.217,TRUE,0,0,-224,1,,,12.761
postgres,sieve,17,11-15,"11,12,13,14,15",5,5,11,31.081,31.342,TRUE,1,1,1081,1,,,12.761
postgres,sieve,18,11-15,"11,12,13,14,15",5,9,34,30.794,31.320,TRUE,0,0,1478,1,,,12.761
postgres,sieve,19,11-15,"11,12,13,14,15",5,28,11,30.623,31.106,TRUE,1,1,1511,1,,,12.761
postgres,sieve,20,11-15,"11,12,13,14,15",5,14,11,30.941,31.260,TRUE,0,0,1344,1,,,12.761
postgres,sieve,21,11-15,"11,12,13,14,15",5,17,11,31.223,31.247,TRUE,0,0,1828,1,,,12.761
postgres,sieve,22,11-15,"11,12,13,14,15",5,9,34,30.759,31.113,TRUE,0,0,314,1,,,12.761
postgres,sieve_index,1,11-15,"11,12,13,14,15",5,4,11,30.987,31.224,TRUE,0,0,2187,1,,,67.429
postgres,sieve_index,2,11-15,"11,12,13,14,15",5,15,0,31.008,30.699,TRUE,0,0,672,1,,,67.429
postgres,sieve_index,3,11-15,"11,12,13,14,15",5,8,23,30.662,30.563,TRUE,0,0,2642,1,,,67.429
postgres,sieve_index,4,11-15,"11,12,13,14,15",5,9,34,30.416,30.683,TRUE,0,0,2753,1,,,67.429
postgres,sieve_index,5,11-15,"11,12,13,14,15",5,12,23,30.321,30.468,TRUE,0,0,1932,1,,,67.429
postgres,sieve_index,6,11-15,"11,12,13,14,15",5,6,11,30.684,30.676,TRUE,1,1,3834,1,,,67.429
postgres,sieve_index,7,11-15,"11,12,13,14,15",5,15,0,30.463,30.725,TRUE,0,0,1905,1,,,67.429
postgres,sieve_index,8,11-15,"11,12,13,14,15",5,15,0,30.465,30.679,TRUE,0,0,1880,1,,,67.429
postgres,sieve_index,9,11-15,"11,12,13,14,15",5,11,0,30.516,30.564,TRUE,0,0,2164,1,,,67.429
postgres,sieve_index,10,11-15,"11,12,13,14,15",5,9,23,30.435,30.554,TRUE,0,0,2115,1,,,67.429
postgres,sieve_index,11,11-15,"11,12,13,14,15",5,9,0,30.540,30.513,TRUE,0,0,896,1,,,67.429
postgres,sieve_index,12,11-15,"11,12,13,14,15",5,11,34,30.646,30.640,TRUE,0,0,2543,1,,,67.429
postgres,sieve_index,13,11-15,"11,12,13,14,15",5,6,34,30.571,30.541,TRUE,0,0,2370,1,,,67.429
postgres,sieve_index,14,11-15,"11,12,13,14,15",5,4,11,30.596,30.632,TRUE,1,1,2710,1,,,67.429
postgres,sieve_index,15,11-15,"11,12,13,14,15",5,8,11,30.487,,UNKNOWN,,,,0,db_error,"ERROR:  relation ""revenue0"" does not exist LINE 1: ... s_address, s_phone, total_revenue from supplier, revenue0 w...                                                              ^",67.429
postgres,sieve_index,16,11-15,"11,12,13,14,15",5,10,0,30.458,30.626,TRUE,0,0,0,1,,,67.429
postgres,sieve_index,17,11-15,"11,12,13,14,15",5,5,11,30.391,30.427,TRUE,1,1,2327,1,,,67.429
postgres,sieve_index,18,11-15,"11,12,13,14,15",5,9,34,30.589,30.986,TRUE,0,0,2446,1,,,67.429
postgres,sieve_index,19,11-15,"11,12,13,14,15",5,28,11,30.497,30.529,TRUE,1,1,2982,1,,,67.429
postgres,sieve_index,20,11-15,"11,12,13,14,15",5,14,11,30.399,30.604,TRUE,0,0,2098,1,,,67.429
postgres,sieve_index,21,11-15,"11,12,13,14,15",5,17,11,30.637,30.629,TRUE,0,0,4834,1,,,67.429
postgres,sieve_index,22,11-15,"11,12,13,14,15",5,9,34,30.570,30.634,TRUE,0,0,1589,1,,,67.429
postgres,ours,1,11-15,"11,12,13,14,15",5,4,11,30.618,30.867,TRUE,0,0,8736,1,,,4.000
postgres,ours,2,11-15,"11,12,13,14,15",5,15,0,30.713,30.774,TRUE,0,0,6944,1,,,4.000
postgres,ours,3,11-15,"11,12,13,14,15",5,8,23,30.812,30.619,TRUE,0,0,9184,1,,,4.000
postgres,ours,4,11-15,"11,12,13,14,15",5,9,34,30.579,30.674,TRUE,0,0,8736,1,,,4.000
postgres,ours,5,11-15,"11,12,13,14,15",5,12,23,30.453,30.514,TRUE,0,0,8064,1,,,4.000
postgres,ours,6,11-15,"11,12,13,14,15",5,6,11,30.688,30.718,TRUE,1,1,9856,1,,,4.000
postgres,ours,7,11-15,"11,12,13,14,15",5,15,0,30.404,30.628,TRUE,0,0,8198,1,,,4.000
postgres,ours,8,11-15,"11,12,13,14,15",5,15,0,30.637,30.709,TRUE,0,0,8288,1,,,4.000
postgres,ours,9,11-15,"11,12,13,14,15",5,11,0,30.689,30.794,TRUE,0,0,8915,1,,,4.000
postgres,ours,10,11-15,"11,12,13,14,15",5,9,23,30.877,30.750,TRUE,0,0,8467,1,,,4.000
postgres,ours,11,11-15,"11,12,13,14,15",5,9,0,30.688,30.658,TRUE,0,0,7168,1,,,4.000
postgres,ours,12,11-15,"11,12,13,14,15",5,11,34,30.493,30.820,TRUE,0,0,8915,1,,,4.000
postgres,ours,13,11-15,"11,12,13,14,15",5,6,34,30.881,30.740,TRUE,0,0,8960,1,,,4.000
postgres,ours,14,11-15,"11,12,13,14,15",5,4,11,30.590,30.732,TRUE,1,1,8512,1,,,4.000
postgres,ours,15,11-15,"11,12,13,14,15",5,8,11,30.832,,UNKNOWN,,,,0,db_error,"ERROR:  relation ""revenue0"" does not exist LINE 1: ... s_address, s_phone, total_revenue from supplier, revenue0 w...                                                              ^",4.000
postgres,ours,16,11-15,"11,12,13,14,15",5,10,0,30.694,30.769,TRUE,0,0,6944,1,,,4.000
postgres,ours,17,11-15,"11,12,13,14,15",5,5,11,30.591,30.726,TRUE,1,1,8736,1,,,4.000
postgres,ours,18,11-15,"11,12,13,14,15",5,9,34,30.814,30.745,TRUE,0,0,8691,1,,,4.000
postgres,ours,19,11-15,"11,12,13,14,15",5,28,11,30.441,30.619,TRUE,1,1,8512,1,,,4.000
postgres,ours,20,11-15,"11,12,13,14,15",5,14,11,30.690,30.499,TRUE,0,0,7840,1,,,4.000
postgres,ours,21,11-15,"11,12,13,14,15",5,17,11,30.560,30.570,TRUE,0,0,8736,1,,,4.000
postgres,ours,22,11-15,"11,12,13,14,15",5,9,34,30.552,30.614,TRUE,0,0,7526,1,,,4.000
postgres,no_policy,1,11-20,"11,12,13,14,15,16,17,18,19,20",10,4,55,30.299,30.641,TRUE,0,0,0,1,,,0.000
postgres,no_policy,2,11-20,"11,12,13,14,15,16,17,18,19,20",10,15,34,30.472,30.584,TRUE,0,0,0,1,,,0.000
postgres,no_policy,3,11-20,"11,12,13,14,15,16,17,18,19,20",10,8,58,30.390,30.702,TRUE,0,0,0,1,,,0.000
postgres,no_policy,4,11-20,"11,12,13,14,15,16,17,18,19,20",10,9,78,30.621,30.589,TRUE,0,0,0,1,,,0.000
postgres,no_policy,5,11-20,"11,12,13,14,15,16,17,18,19,20",10,12,58,30.516,30.723,TRUE,0,0,0,1,,,0.000
postgres,no_policy,6,11-20,"11,12,13,14,15,16,17,18,19,20",10,6,55,30.585,30.587,TRUE,1,1,0,1,,,0.000
postgres,no_policy,7,11-20,"11,12,13,14,15,16,17,18,19,20",10,15,26,30.607,30.574,TRUE,0,0,0,1,,,0.000
postgres,no_policy,8,11-20,"11,12,13,14,15,16,17,18,19,20",10,15,34,30.387,30.367,TRUE,0,0,0,1,,,0.000
postgres,no_policy,9,11-20,"11,12,13,14,15,16,17,18,19,20",10,11,34,30.624,30.632,TRUE,0,0,0,1,,,0.000
postgres,no_policy,10,11-20,"11,12,13,14,15,16,17,18,19,20",10,9,58,30.635,30.593,TRUE,0,0,0,1,,,0.000
postgres,no_policy,11,11-20,"11,12,13,14,15,16,17,18,19,20",10,9,34,30.400,30.667,TRUE,0,0,0,1,,,0.000
postgres,no_policy,12,11-20,"11,12,13,14,15,16,17,18,19,20",10,11,69,30.460,30.561,TRUE,0,0,0,1,,,0.000
postgres,no_policy,13,11-20,"11,12,13,14,15,16,17,18,19,20",10,6,69,30.493,30.606,TRUE,0,0,0,1,,,0.000
postgres,no_policy,14,11-20,"11,12,13,14,15,16,17,18,19,20",10,4,55,30.400,30.630,TRUE,1,1,0,1,,,0.000
postgres,no_policy,15,11-20,"11,12,13,14,15,16,17,18,19,20",10,8,72,30.312,,UNKNOWN,,,,0,db_error,"ERROR:  relation ""revenue0"" does not exist LINE 1: ... s_address, s_phone, total_revenue from supplier, revenue0 w...                                                              ^",0.000
postgres,no_policy,16,11-20,"11,12,13,14,15,16,17,18,19,20",10,10,43,30.445,30.562,TRUE,0,0,0,1,,,0.000
postgres,no_policy,17,11-20,"11,12,13,14,15,16,17,18,19,20",10,5,55,30.396,30.577,TRUE,1,1,0,1,,,0.000
postgres,no_policy,18,11-20,"11,12,13,14,15,16,17,18,19,20",10,9,78,30.512,30.609,TRUE,0,0,0,1,,,0.000
postgres,no_policy,19,11-20,"11,12,13,14,15,16,17,18,19,20",10,28,55,30.371,30.691,TRUE,1,1,0,1,,,0.000
postgres,no_policy,20,11-20,"11,12,13,14,15,16,17,18,19,20",10,14,72,30.696,30.590,TRUE,0,0,0,1,,,0.000
postgres,no_policy,21,11-20,"11,12,13,14,15,16,17,18,19,20",10,17,72,30.418,30.637,TRUE,0,0,0,1,,,0.000
postgres,no_policy,22,11-20,"11,12,13,14,15,16,17,18,19,20",10,9,69,30.571,30.625,TRUE,0,0,0,1,,,0.000
postgres,view_based,1,11-20,"11,12,13,14,15,16,17,18,19,20",10,4,55,30.397,30.555,TRUE,0,0,1899,1,,,5.804
postgres,view_based,2,11-20,"11,12,13,14,15,16,17,18,19,20",10,15,34,30.534,30.583,TRUE,0,0,45,1,,,5.804
postgres,view_based,3,11-20,"11,12,13,14,15,16,17,18,19,20",10,8,58,30.461,30.487,TRUE,0,0,1911,1,,,5.804
postgres,view_based,4,11-20,"11,12,13,14,15,16,17,18,19,20",10,9,78,30.386,30.594,TRUE,0,0,2471,1,,,5.804
postgres,view_based,5,11-20,"11,12,13,14,15,16,17,18,19,20",10,12,58,30.436,30.540,TRUE,0,0,1741,1,,,5.804
postgres,view_based,6,11-20,"11,12,13,14,15,16,17,18,19,20",10,6,55,30.642,30.565,TRUE,1,1,2771,1,,,5.804
postgres,view_based,7,11-20,"11,12,13,14,15,16,17,18,19,20",10,15,26,30.339,30.434,TRUE,0,0,1245,1,,,5.804
postgres,view_based,8,11-20,"11,12,13,14,15,16,17,18,19,20",10,15,34,30.647,30.721,TRUE,0,0,1139,1,,,5.804
postgres,view_based,9,11-20,"11,12,13,14,15,16,17,18,19,20",10,11,34,30.462,30.492,TRUE,0,0,730,1,,,5.804
postgres,view_based,10,11-20,"11,12,13,14,15,16,17,18,19,20",10,9,58,30.643,30.518,TRUE,0,0,1532,1,,,5.804
postgres,view_based,11,11-20,"11,12,13,14,15,16,17,18,19,20",10,9,34,30.528,30.533,TRUE,0,0,896,1,,,5.804
postgres,view_based,12,11-20,"11,12,13,14,15,16,17,18,19,20",10,11,69,30.464,30.504,TRUE,0,0,1756,1,,,5.804
postgres,view_based,13,11-20,"11,12,13,14,15,16,17,18,19,20",10,6,69,30.671,30.607,TRUE,0,0,1792,1,,,5.804
postgres,view_based,14,11-20,"11,12,13,14,15,16,17,18,19,20",10,4,55,30.595,30.559,TRUE,1,1,1568,1,,,5.804
postgres,view_based,15,11-20,"11,12,13,14,15,16,17,18,19,20",10,8,72,30.326,,UNKNOWN,,,,0,db_error,"ERROR:  relation ""revenue0"" does not exist LINE 1: ... s_address, s_phone, total_revenue from supplier, revenue0 w...                                                              ^",5.804
postgres,view_based,16,11-20,"11,12,13,14,15,16,17,18,19,20",10,10,43,30.485,30.434,TRUE,0,0,448,1,,,5.804
postgres,view_based,17,11-20,"11,12,13,14,15,16,17,18,19,20",10,5,55,30.591,30.596,TRUE,1,1,1481,1,,,5.804
postgres,view_based,18,11-20,"11,12,13,14,15,16,17,18,19,20",10,9,78,30.637,30.590,TRUE,0,0,3005,1,,,5.804
postgres,view_based,19,11-20,"11,12,13,14,15,16,17,18,19,20",10,28,55,30.564,30.844,TRUE,1,1,2079,1,,,5.804
postgres,view_based,20,11-20,"11,12,13,14,15,16,17,18,19,20",10,14,72,30.973,31.164,TRUE,0,0,1286,1,,,5.804
postgres,view_based,21,11-20,"11,12,13,14,15,16,17,18,19,20",10,17,72,30.900,31.097,TRUE,0,0,3812,1,,,5.804
postgres,view_based,22,11-20,"11,12,13,14,15,16,17,18,19,20",10,9,69,31.324,31.196,TRUE,0,0,627,1,,,5.804
postgres,rls,1,11-20,"11,12,13,14,15,16,17,18,19,20",10,4,55,31.206,31.216,TRUE,0,0,4229,1,,,0.000
postgres,rls,2,11-20,"11,12,13,14,15,16,17,18,19,20",10,15,34,31.311,31.320,TRUE,0,0,941,1,,,0.000
postgres,rls,3,11-20,"11,12,13,14,15,16,17,18,19,20",10,8,58,31.130,31.438,TRUE,0,0,3781,1,,,0.000
postgres,rls,4,11-20,"11,12,13,14,15,16,17,18,19,20",10,9,78,30.893,31.147,TRUE,0,0,4673,1,,,0.000
postgres,rls,5,11-20,"11,12,13,14,15,16,17,18,19,20",10,12,58,30.835,31.406,TRUE,0,0,3931,1,,,0.000
postgres,rls,6,11-20,"11,12,13,14,15,16,17,18,19,20",10,6,55,30.799,31.075,TRUE,1,1,4441,1,,,0.000
postgres,rls,7,11-20,"11,12,13,14,15,16,17,18,19,20",10,15,26,31.024,31.313,TRUE,0,0,3383,1,,,0.000
postgres,rls,8,11-20,"11,12,13,14,15,16,17,18,19,20",10,15,34,30.737,31.114,TRUE,0,0,3842,1,,,0.000
postgres,rls,9,11-20,"11,12,13,14,15,16,17,18,19,20",10,11,34,31.199,31.240,TRUE,0,0,3224,1,,,0.000
postgres,rls,10,11-20,"11,12,13,14,15,16,17,18,19,20",10,9,58,30.683,31.334,TRUE,0,0,3804,1,,,0.000
postgres,rls,11,11-20,"11,12,13,14,15,16,17,18,19,20",10,9,34,31.097,31.342,TRUE,0,0,896,1,,,0.000
postgres,rls,12,11-20,"11,12,13,14,15,16,17,18,19,20",10,11,69,30.986,31.424,TRUE,0,0,3772,1,,,0.000
postgres,rls,13,11-20,"11,12,13,14,15,16,17,18,19,20",10,6,69,30.775,31.354,TRUE,0,0,896,1,,,0.000
postgres,rls,14,11-20,"11,12,13,14,15,16,17,18,19,20",10,4,55,31.022,31.373,TRUE,1,1,3702,1,,,0.000
postgres,rls,15,11-20,"11,12,13,14,15,16,17,18,19,20",10,8,72,31.281,,UNKNOWN,,,,0,db_error,"ERROR:  relation ""revenue0"" does not exist LINE 1: ... s_address, s_phone, total_revenue from supplier, revenue0 w...                                                              ^",0.000
postgres,rls,16,11-20,"11,12,13,14,15,16,17,18,19,20",10,10,43,30.915,31.395,TRUE,0,0,896,1,,,0.000
postgres,rls,17,11-20,"11,12,13,14,15,16,17,18,19,20",10,5,55,30.655,31.224,TRUE,1,1,5392,1,,,0.000
postgres,rls,18,11-20,"11,12,13,14,15,16,17,18,19,20",10,9,78,30.866,31.235,TRUE,0,0,5539,1,,,0.000
postgres,rls,19,11-20,"11,12,13,14,15,16,17,18,19,20",10,28,55,30.812,31.248,TRUE,1,1,3631,1,,,0.000
postgres,rls,20,11-20,"11,12,13,14,15,16,17,18,19,20",10,14,72,30.780,31.111,TRUE,0,0,3743,1,,,0.000
postgres,rls,21,11-20,"11,12,13,14,15,16,17,18,19,20",10,17,72,30.441,31.115,TRUE,0,0,8324,1,,,0.000
postgres,rls,22,11-20,"11,12,13,14,15,16,17,18,19,20",10,9,69,30.926,,UNKNOWN,,0,,0,db_error,ERROR:  canceling statement due to user request,0.000
postgres,rls_index,1,11-20,"11,12,13,14,15,16,17,18,19,20",10,4,55,31.165,31.506,TRUE,0,0,5794,1,,,113.424
postgres,rls_index,2,11-20,"11,12,13,14,15,16,17,18,19,20",10,15,34,30.686,31.459,TRUE,0,0,1837,1,,,113.424
postgres,rls_index,3,11-20,"11,12,13,14,15,16,17,18,19,20",10,8,58,31.175,31.384,TRUE,0,0,6936,1,,,113.424
postgres,rls_index,4,11-20,"11,12,13,14,15,16,17,18,19,20",10,9,78,31.020,30.572,TRUE,0,0,627,1,,,113.424
postgres,rls_index,5,11-20,"11,12,13,14,15,16,17,18,19,20",10,12,58,31.069,31.128,TRUE,0,0,1719,1,,,113.424
postgres,rls_index,6,11-20,"11,12,13,14,15,16,17,18,19,20",10,6,55,31.174,31.099,TRUE,1,1,896,1,,,113.424
postgres,rls_index,7,11-20,"11,12,13,14,15,16,17,18,19,20",10,15,26,31.129,31.136,TRUE,0,0,1503,1,,,113.424
postgres,rls_index,8,11-20,"11,12,13,14,15,16,17,18,19,20",10,15,34,31.081,31.061,TRUE,0,0,1635,1,,,113.424
postgres,rls_index,9,11-20,"11,12,13,14,15,16,17,18,19,20",10,11,34,30.961,31.193,TRUE,0,0,717,1,,,113.424
postgres,rls_index,10,11-20,"11,12,13,14,15,16,17,18,19,20",10,9,58,30.980,30.901,TRUE,0,0,1344,1,,,113.424
postgres,rls_index,11,11-20,"11,12,13,14,15,16,17,18,19,20",10,9,34,30.619,30.978,TRUE,0,0,448,1,,,113.424
postgres,rls_index,12,11-20,"11,12,13,14,15,16,17,18,19,20",10,11,69,31.172,31.020,TRUE,0,0,448,1,,,113.424
postgres,rls_index,13,11-20,"11,12,13,14,15,16,17,18,19,20",10,6,69,30.856,30.952,TRUE,0,0,896,1,,,113.424
postgres,rls_index,14,11-20,"11,12,13,14,15,16,17,18,19,20",10,4,55,31.126,31.137,TRUE,1,1,672,1,,,113.424
postgres,rls_index,15,11-20,"11,12,13,14,15,16,17,18,19,20",10,8,72,31.076,,UNKNOWN,,,,0,db_error,"ERROR:  relation ""revenue0"" does not exist LINE 1: ... s_address, s_phone, total_revenue from supplier, revenue0 w...                                                              ^",113.424
postgres,rls_index,16,11-20,"11,12,13,14,15,16,17,18,19,20",10,10,43,31.143,31.129,TRUE,0,0,448,1,,,113.424
postgres,rls_index,17,11-20,"11,12,13,14,15,16,17,18,19,20",10,5,55,31.013,31.469,TRUE,1,1,1120,1,,,113.424
postgres,rls_index,18,11-20,"11,12,13,14,15,16,17,18,19,20",10,9,78,30.888,31.204,TRUE,0,0,896,1,,,113.424
postgres,rls_index,19,11-20,"11,12,13,14,15,16,17,18,19,20",10,28,55,31.081,31.314,TRUE,1,1,896,1,,,113.424
postgres,rls_index,20,11-20,"11,12,13,14,15,16,17,18,19,20",10,14,72,30.924,31.196,TRUE,0,0,896,1,,,113.424
postgres,rls_index,21,11-20,"11,12,13,14,15,16,17,18,19,20",10,17,72,31.177,31.069,TRUE,0,0,1568,1,,,113.424
postgres,rls_index,22,11-20,"11,12,13,14,15,16,17,18,19,20",10,9,69,30.937,31.199,TRUE,0,0,224,1,,,113.424
postgres,sieve,1,11-20,"11,12,13,14,15,16,17,18,19,20",10,4,55,30.966,30.878,TRUE,0,0,3688,1,,,19.588
postgres,sieve,2,11-20,"11,12,13,14,15,16,17,18,19,20",10,15,34,30.394,30.519,TRUE,0,0,269,1,,,19.588
postgres,sieve,3,11-20,"11,12,13,14,15,16,17,18,19,20",10,8,58,30.305,,UNKNOWN,,0,,0,db_error,"ERROR:  relation ""cf_sv_orders"" does not exist LINE 1: ...venue, o_orderdate, o_shippriority from customer, cf_sv_orde...                                                              ^",19.588
postgres,sieve,4,11-20,"11,12,13,14,15,16,17,18,19,20",10,9,78,30.523,,UNKNOWN,,0,,0,db_error,"ERROR:  relation ""cf_sv_orders"" does not exist LINE 1: ...ect o_orderpriority, count(*) as order_count from cf_sv_orde...                                                              ^",19.588
postgres,sieve,5,11-20,"11,12,13,14,15,16,17,18,19,20",10,12,58,30.608,,UNKNOWN,,0,,0,db_error,"ERROR:  relation ""cf_sv_orders"" does not exist LINE 1: ...ice * (1 - l_discount)) as revenue from customer, cf_sv_orde...                                                              ^",19.588
postgres,sieve,6,11-20,"11,12,13,14,15,16,17,18,19,20",10,6,55,30.579,,UNKNOWN,,1,,0,db_error,"ERROR:  relation ""cf_sv_lineitem"" does not exist LINE 1: ...sum(l_extendedprice * l_discount) as revenue from cf_sv_line...                                                              ^",19.588
postgres,sieve,7,11-20,"11,12,13,14,15,16,17,18,19,20",10,15,26,30.564,,UNKNOWN,,0,,0,db_error,"ERROR:  relation ""cf_sv_lineitem"" does not exist LINE 1: ...price * (1 - l_discount) as volume from supplier, cf_sv_line...                                                              ^",19.588
postgres,sieve,8,11-20,"11,12,13,14,15,16,17,18,19,20",10,15,34,30.734,,UNKNOWN,,0,,0,db_error,"ERROR:  relation ""cf_sv_lineitem"" does not exist LINE 1: ... volume, n2.n_name as nation from part, supplier, cf_sv_line...                                                              ^",19.588
postgres,sieve,9,11-20,"11,12,13,14,15,16,17,18,19,20",10,11,34,30.627,,UNKNOWN,,0,,0,db_error,"ERROR:  relation ""cf_sv_lineitem"" does not exist LINE 1: ...ycost * l_quantity as amount from part, supplier, cf_sv_line...                                                              ^",19.588
postgres,sieve,10,11-20,"11,12,13,14,15,16,17,18,19,20",10,9,58,30.523,,UNKNOWN,,0,,0,db_error,"ERROR:  relation ""cf_sv_orders"" does not exist LINE 1: ...ame, c_address, c_phone, c_comment from customer, cf_sv_orde...                                                              ^",19.588
postgres,sieve,11,11-20,"11,12,13,14,15,16,17,18,19,20",10,9,34,30.419,30.669,TRUE,0,0,224,1,,,19.588
postgres,sieve,12,11-20,"11,12,13,14,15,16,17,18,19,20",10,11,69,30.553,,UNKNOWN,,0,,0,db_error,"ERROR:  relation ""cf_sv_orders"" does not exist LINE 1: ...2-HIGH' then 1 else 0 end) as low_line_count from cf_sv_orde...                                                              ^",19.588
postgres,sieve,13,11-20,"11,12,13,14,15,16,17,18,19,20",10,6,69,30.620,,UNKNOWN,,0,,0,db_error,"ERROR:  relation ""cf_sv_orders"" does not exist LINE 1: ..., count(o_orderkey) from customer left outer join cf_sv_orde...                                                              ^",19.588
postgres,sieve,14,11-20,"11,12,13,14,15,16,17,18,19,20",10,4,55,30.573,,UNKNOWN,,1,,0,db_error,"ERROR:  relation ""cf_sv_lineitem"" does not exist LINE 1: ...edprice * (1 - l_discount)) as promo_revenue from cf_sv_line...                                                              ^",19.588
postgres,sieve,15,11-20,"11,12,13,14,15,16,17,18,19,20",10,8,72,30.443,,UNKNOWN,,,,0,db_error,"ERROR:  relation ""revenue0"" does not exist LINE 1: ... s_address, s_phone, total_revenue from supplier, revenue0 w...                                                              ^",19.588
postgres,sieve,16,11-20,"11,12,13,14,15,16,17,18,19,20",10,10,43,30.545,30.491,TRUE,0,0,672,1,,,19.588
postgres,sieve,17,11-20,"11,12,13,14,15,16,17,18,19,20",10,5,55,30.566,,UNKNOWN,,1,,0,db_error,"ERROR:  relation ""cf_sv_lineitem"" does not exist LINE 1: ...ect sum(l_extendedprice) / 7.0 as avg_yearly from cf_sv_line...                                                              ^",19.588
postgres,sieve,18,11-20,"11,12,13,14,15,16,17,18,19,20",10,9,78,30.739,,UNKNOWN,,0,,0,db_error,"ERROR:  relation ""cf_sv_orders"" does not exist LINE 1: ...ate, o_totalprice, sum(l_quantity) from customer, cf_sv_orde...                                                              ^",19.588
postgres,sieve,19,11-20,"11,12,13,14,15,16,17,18,19,20",10,28,55,30.427,,UNKNOWN,,1,,0,db_error,"ERROR:  relation ""cf_sv_lineitem"" does not exist LINE 1: ..._extendedprice* (1 - l_discount)) as revenue from cf_sv_line...                                                              ^",19.588
postgres,sieve,20,11-20,"11,12,13,14,15,16,17,18,19,20",10,14,72,30.617,,UNKNOWN,,0,,0,db_error,"ERROR:  relation ""cf_sv_lineitem"" does not exist LINE 1: ...ps_availqty > ( select 0.5 * sum(l_quantity) from cf_sv_line...                                                              ^",19.588
postgres,sieve,21,11-20,"11,12,13,14,15,16,17,18,19,20",10,17,72,30.533,,UNKNOWN,,0,,0,db_error,"ERROR:  relation ""cf_sv_lineitem"" does not exist LINE 1: select s_name, count(*) as numwait from supplier, cf_sv_line...                                                           ^",19.588
postgres,sieve,22,11-20,"11,12,13,14,15,16,17,18,19,20",10,9,69,30.513,,UNKNOWN,,0,,0,db_error,"ERROR:  relation ""cf_sv_orders"" does not exist LINE 1: ...17', '21', '14') ) and not exists ( select * from cf_sv_orde...                                                              ^",19.588
postgres,sieve_index,1,11-20,"11,12,13,14,15,16,17,18,19,20",10,4,55,30.513,30.669,TRUE,0,0,6546,1,,,101.662
postgres,sieve_index,2,11-20,"11,12,13,14,15,16,17,18,19,20",10,15,34,30.444,30.428,TRUE,0,0,1165,1,,,101.662
postgres,sieve_index,3,11-20,"11,12,13,14,15,16,17,18,19,20",10,8,58,30.364,30.386,TRUE,0,0,7422,1,,,101.662
postgres,sieve_index,4,11-20,"11,12,13,14,15,16,17,18,19,20",10,9,78,30.682,30.619,TRUE,0,0,7361,1,,,101.662
postgres,sieve_index,5,11-20,"11,12,13,14,15,16,17,18,19,20",10,12,58,30.669,30.608,TRUE,0,0,3709,1,,,101.662
postgres,sieve_index,6,11-20,"11,12,13,14,15,16,17,18,19,20",10,6,55,30.600,30.651,TRUE,1,1,4195,1,,,101.662
postgres,sieve_index,7,11-20,"11,12,13,14,15,16,17,18,19,20",10,15,26,30.512,30.678,TRUE,0,0,3739,1,,,101.662
postgres,sieve_index,8,11-20,"11,12,13,14,15,16,17,18,19,20",10,15,34,30.322,30.533,TRUE,0,0,4294,1,,,101.662
postgres,sieve_index,9,11-20,"11,12,13,14,15,16,17,18,19,20",10,11,34,30.608,30.615,TRUE,0,0,1496,1,,,101.662
postgres,sieve_index,10,11-20,"11,12,13,14,15,16,17,18,19,20",10,9,58,30.531,30.585,TRUE,0,0,3652,1,,,101.662
postgres,sieve_index,11,11-20,"11,12,13,14,15,16,17,18,19,20",10,9,34,30.610,30.639,TRUE,0,0,896,1,,,101.662
postgres,sieve_index,12,11-20,"11,12,13,14,15,16,17,18,19,20",10,11,69,30.658,30.706,TRUE,0,0,3945,1,,,101.662
postgres,sieve_index,13,11-20,"11,12,13,14,15,16,17,18,19,20",10,6,69,30.534,30.667,TRUE,0,0,1568,1,,,101.662
postgres,sieve_index,14,11-20,"11,12,13,14,15,16,17,18,19,20",10,4,55,30.322,30.586,TRUE,1,1,3382,1,,,101.662
postgres,sieve_index,15,11-20,"11,12,13,14,15,16,17,18,19,20",10,8,72,30.603,,UNKNOWN,,,,0,db_error,"ERROR:  relation ""revenue0"" does not exist LINE 1: ... s_address, s_phone, total_revenue from supplier, revenue0 w...                                                              ^",101.662
postgres,sieve_index,16,11-20,"11,12,13,14,15,16,17,18,19,20",10,10,43,30.543,30.701,TRUE,0,0,-45,1,,,101.662
postgres,sieve_index,17,11-20,"11,12,13,14,15,16,17,18,19,20",10,5,55,30.524,30.570,TRUE,1,1,4184,1,,,101.662
postgres,sieve_index,18,11-20,"11,12,13,14,15,16,17,18,19,20",10,9,78,30.530,30.471,TRUE,0,0,6000,1,,,101.662
postgres,sieve_index,19,11-20,"11,12,13,14,15,16,17,18,19,20",10,28,55,30.738,30.467,TRUE,1,1,3624,1,,,101.662
postgres,sieve_index,20,11-20,"11,12,13,14,15,16,17,18,19,20",10,14,72,30.432,30.578,TRUE,0,0,3483,1,,,101.662
postgres,sieve_index,21,11-20,"11,12,13,14,15,16,17,18,19,20",10,17,72,30.574,30.676,TRUE,0,0,9890,1,,,101.662
postgres,sieve_index,22,11-20,"11,12,13,14,15,16,17,18,19,20",10,9,69,30.517,30.681,TRUE,0,0,1120,1,,,101.662
postgres,ours,1,11-20,"11,12,13,14,15,16,17,18,19,20",10,4,55,30.871,30.919,TRUE,0,0,9453,1,,,7.277
postgres,ours,2,11-20,"11,12,13,14,15,16,17,18,19,20",10,15,34,30.853,30.920,TRUE,0,0,9005,1,,,7.277
postgres,ours,3,11-20,"11,12,13,14,15,16,17,18,19,20",10,8,58,30.759,30.910,TRUE,0,0,9632,1,,,7.277
postgres,ours,4,11-20,"11,12,13,14,15,16,17,18,19,20",10,9,78,30.928,,UNKNOWN,,0,,0,db_error,"ERROR:  canceling statement due to user request CONTEXT:  SQL statement ""SELECT file FROM public.cf_files_cf_e29d9b29998539980d97 WHERE COALESCE(run_id,'') = COALESCE(current_setting('custom_filter.run_id', true), '') AND name = $1 LIMIT 1""",7.277
postgres,ours,5,11-20,"11,12,13,14,15,16,17,18,19,20",10,12,58,30.812,30.912,TRUE,0,0,9273,1,,,7.277
postgres,ours,6,11-20,"11,12,13,14,15,16,17,18,19,20",10,6,55,30.799,30.858,TRUE,1,1,9856,1,,,7.277
postgres,ours,7,11-20,"11,12,13,14,15,16,17,18,19,20",10,15,26,30.986,30.842,TRUE,0,0,9184,1,,,7.277
postgres,ours,8,11-20,"11,12,13,14,15,16,17,18,19,20",10,15,34,30.893,30.924,TRUE,0,0,9856,1,,,7.277
postgres,ours,9,11-20,"11,12,13,14,15,16,17,18,19,20",10,11,34,31.090,,UNKNOWN,,0,,0,db_error,SSL connection has been closed unexpectedly,7.277
postgres,ours,10,11-20,"11,12,13,14,15,16,17,18,19,20",10,9,58,30.592,30.714,TRUE,0,0,8556,1,,,7.277
postgres,ours,11,11-20,"11,12,13,14,15,16,17,18,19,20",10,9,34,30.766,30.813,TRUE,0,0,9184,1,,,7.277
postgres,ours,12,11-20,"11,12,13,14,15,16,17,18,19,20",10,11,69,30.940,30.908,TRUE,0,0,8780,1,,,7.277
postgres,ours,13,11-20,"11,12,13,14,15,16,17,18,19,20",10,6,69,31.163,30.670,TRUE,0,0,8915,1,,,7.277
postgres,ours,14,11-20,"11,12,13,14,15,16,17,18,19,20",10,4,55,30.675,30.755,TRUE,1,1,9184,1,,,7.277
postgres,ours,15,11-20,"11,12,13,14,15,16,17,18,19,20",10,8,72,30.967,,UNKNOWN,,,,0,db_error,"ERROR:  relation ""revenue0"" does not exist LINE 1: ... s_address, s_phone, total_revenue from supplier, revenue0 w...                                                              ^",7.277
postgres,ours,16,11-20,"11,12,13,14,15,16,17,18,19,20",10,10,43,31.164,30.923,TRUE,0,0,8736,1,,,7.277
postgres,ours,17,11-20,"11,12,13,14,15,16,17,18,19,20",10,5,55,31.146,31.019,TRUE,1,1,9408,1,,,7.277
postgres,ours,18,11-20,"11,12,13,14,15,16,17,18,19,20",10,9,78,30.700,30.729,TRUE,0,0,8691,1,,,7.277
postgres,ours,19,11-20,"11,12,13,14,15,16,17,18,19,20",10,28,55,30.926,30.873,TRUE,1,1,9587,1,,,7.277
postgres,ours,20,11-20,"11,12,13,14,15,16,17,18,19,20",10,14,72,30.715,31.023,TRUE,0,0,9004,1,,,7.277
postgres,ours,21,11-20,"11,12,13,14,15,16,17,18,19,20",10,17,72,30.586,30.750,TRUE,0,0,9856,1,,,7.277
postgres,ours,22,11-20,"11,12,13,14,15,16,17,18,19,20",10,9,69,30.985,31.008,TRUE,0,0,8736,1,,,7.277
postgres,no_policy,1,21-25,"21,22,23,24,25",5,4,6,30.677,30.686,TRUE,0,0,0,1,,,0.000
postgres,no_policy,2,21-25,"21,22,23,24,25",5,15,2,30.554,30.643,TRUE,0,0,0,1,,,0.000
postgres,no_policy,3,21-25,"21,22,23,24,25",5,8,0,30.779,30.628,TRUE,0,0,0,1,,,0.000
postgres,no_policy,4,21-25,"21,22,23,24,25",5,9,6,30.526,30.588,TRUE,0,0,0,1,,,0.000
postgres,no_policy,5,21-25,"21,22,23,24,25",5,12,0,30.439,30.569,TRUE,0,0,0,1,,,0.000
postgres,no_policy,6,21-25,"21,22,23,24,25",5,6,6,30.514,30.596,TRUE,1,1,0,1,,,0.000
postgres,no_policy,7,21-25,"21,22,23,24,25",5,15,3,30.619,30.538,TRUE,0,0,0,1,,,0.000
postgres,no_policy,8,21-25,"21,22,23,24,25",5,15,0,30.526,30.505,TRUE,0,0,0,1,,,0.000
postgres,no_policy,9,21-25,"21,22,23,24,25",5,11,0,30.510,30.586,TRUE,0,0,0,1,,,0.000
postgres,no_policy,10,21-25,"21,22,23,24,25",5,9,0,30.513,30.589,TRUE,0,0,0,1,,,0.000
postgres,no_policy,11,21-25,"21,22,23,24,25",5,9,2,30.547,30.571,TRUE,0,0,0,1,,,0.000
postgres,no_policy,12,21-25,"21,22,23,24,25",5,11,0,30.483,30.576,TRUE,0,0,0,1,,,0.000
postgres,no_policy,13,21-25,"21,22,23,24,25",5,6,0,30.394,30.707,TRUE,0,0,0,1,,,0.000
postgres,no_policy,14,21-25,"21,22,23,24,25",5,4,6,30.505,30.680,TRUE,1,1,0,1,,,0.000
postgres,no_policy,15,21-25,"21,22,23,24,25",5,8,9,30.492,,UNKNOWN,,,,0,db_error,"ERROR:  relation ""revenue0"" does not exist LINE 1: ... s_address, s_phone, total_revenue from supplier, revenue0 w...                                                              ^",0.000
postgres,no_policy,16,21-25,"21,22,23,24,25",5,10,5,30.598,30.619,TRUE,0,0,0,1,,,0.000
postgres,no_policy,17,21-25,"21,22,23,24,25",5,5,6,30.644,30.609,TRUE,1,1,0,1,,,0.000
postgres,no_policy,18,21-25,"21,22,23,24,25",5,9,6,30.394,30.623,TRUE,0,0,0,1,,,0.000
postgres,no_policy,19,21-25,"21,22,23,24,25",5,28,6,30.704,30.739,TRUE,1,1,0,1,,,0.000
postgres,no_policy,20,21-25,"21,22,23,24,25",5,14,11,30.279,30.480,TRUE,0,0,0,1,,,0.000
postgres,no_policy,21,21-25,"21,22,23,24,25",5,17,9,30.627,30.686,TRUE,0,0,0,1,,,0.000
postgres,no_policy,22,21-25,"21,22,23,24,25",5,9,0,30.328,30.588,TRUE,0,0,0,1,,,0.000
postgres,view_based,1,21-25,"21,22,23,24,25",5,4,6,30.524,30.609,TRUE,0,0,1568,1,,,4.494
postgres,view_based,2,21-25,"21,22,23,24,25",5,15,2,30.398,30.511,TRUE,0,0,448,1,,,4.494
postgres,view_based,3,21-25,"21,22,23,24,25",5,8,0,30.611,30.550,TRUE,0,0,1120,1,,,4.494
postgres,view_based,4,21-25,"21,22,23,24,25",5,9,6,30.660,30.565,TRUE,0,0,896,1,,,4.494
postgres,view_based,5,21-25,"21,22,23,24,25",5,12,0,30.620,30.677,TRUE,0,0,1067,1,,,4.494
postgres,view_based,6,21-25,"21,22,23,24,25",5,6,6,30.460,30.667,TRUE,1,1,672,1,,,4.494
postgres,view_based,7,21-25,"21,22,23,24,25",5,15,3,30.648,30.604,TRUE,0,0,1523,1,,,4.494
postgres,view_based,8,21-25,"21,22,23,24,25",5,15,0,30.256,30.632,TRUE,0,0,1120,1,,,4.494
postgres,view_based,9,21-25,"21,22,23,24,25",5,11,0,30.469,30.538,TRUE,0,0,716,1,,,4.494
postgres,view_based,10,21-25,"21,22,23,24,25",5,9,0,30.600,30.609,TRUE,0,0,1568,1,,,4.494
postgres,view_based,11,21-25,"21,22,23,24,25",5,9,2,30.754,30.627,TRUE,0,0,896,1,,,4.494
postgres,view_based,12,21-25,"21,22,23,24,25",5,11,0,30.563,30.593,TRUE,0,0,1344,1,,,4.494
postgres,view_based,13,21-25,"21,22,23,24,25",5,6,0,30.383,30.691,TRUE,0,0,403,1,,,4.494
postgres,view_based,14,21-25,"21,22,23,24,25",5,4,6,30.454,30.576,TRUE,1,1,896,1,,,4.494
postgres,view_based,15,21-25,"21,22,23,24,25",5,8,9,30.729,,UNKNOWN,,,,0,db_error,"ERROR:  relation ""revenue0"" does not exist LINE 1: ...phone, total_revenue from cf_v_supplier supplier, revenue0 w...                                                              ^",4.494
postgres,view_based,16,21-25,"21,22,23,24,25",5,10,5,30.578,30.682,TRUE,0,0,1165,1,,,4.494
postgres,view_based,17,21-25,"21,22,23,24,25",5,5,6,30.485,30.610,TRUE,1,1,1344,1,,,4.494
postgres,view_based,18,21-25,"21,22,23,24,25",5,9,6,30.742,30.668,TRUE,0,0,1120,1,,,4.494
postgres,view_based,19,21-25,"21,22,23,24,25",5,28,6,30.561,30.509,TRUE,1,1,1120,1,,,4.494
postgres,view_based,20,21-25,"21,22,23,24,25",5,14,11,30.497,30.639,TRUE,0,0,2016,1,,,4.494
postgres,view_based,21,21-25,"21,22,23,24,25",5,17,9,30.495,30.561,TRUE,0,0,2420,1,,,4.494
postgres,view_based,22,21-25,"21,22,23,24,25",5,9,0,30.480,30.711,TRUE,0,0,448,1,,,4.494
postgres,rls,1,21-25,"21,22,23,24,25",5,4,6,30.471,30.514,TRUE,0,0,1568,1,,,0.000
postgres,rls,2,21-25,"21,22,23,24,25",5,15,2,30.759,30.708,TRUE,0,0,1120,1,,,0.000
postgres,rls,3,21-25,"21,22,23,24,25",5,8,0,30.715,30.593,TRUE,0,0,896,1,,,0.000
postgres,rls,4,21-25,"21,22,23,24,25",5,9,6,30.586,30.582,TRUE,0,0,1120,1,,,0.000
postgres,rls,5,21-25,"21,22,23,24,25",5,12,0,30.388,30.596,TRUE,0,0,448,1,,,0.000
postgres,rls,6,21-25,"21,22,23,24,25",5,6,6,30.522,30.730,TRUE,1,1,672,1,,,0.000
postgres,rls,7,21-25,"21,22,23,24,25",5,15,3,30.396,30.652,TRUE,0,0,1120,1,,,0.000
postgres,rls,8,21-25,"21,22,23,24,25",5,15,0,30.373,30.716,TRUE,0,0,819,1,,,0.000
postgres,rls,9,21-25,"21,22,23,24,25",5,11,0,30.434,30.702,TRUE,0,0,806,1,,,0.000
postgres,rls,10,21-25,"21,22,23,24,25",5,9,0,30.443,30.550,TRUE,0,0,-672,1,,,0.000
postgres,rls,11,21-25,"21,22,23,24,25",5,9,2,30.369,30.683,TRUE,0,0,-896,1,,,0.000
postgres,rls,12,21-25,"21,22,23,24,25",5,11,0,30.571,30.784,TRUE,0,0,-1120,1,,,0.000
postgres,rls,13,21-25,"21,22,23,24,25",5,6,0,30.550,30.386,TRUE,0,0,-224,1,,,0.000
postgres,rls,14,21-25,"21,22,23,24,25",5,4,6,30.482,30.627,TRUE,1,1,-448,1,,,0.000
postgres,rls,15,21-25,"21,22,23,24,25",5,8,9,30.687,,UNKNOWN,,,,0,db_error,"ERROR:  relation ""revenue0"" does not exist LINE 1: ... s_address, s_phone, total_revenue from supplier, revenue0 w...                                                              ^",0.000
postgres,rls,16,21-25,"21,22,23,24,25",5,10,5,30.500,30.626,TRUE,0,0,-179,1,,,0.000
postgres,rls,17,21-25,"21,22,23,24,25",5,5,6,30.384,30.570,TRUE,1,1,-672,1,,,0.000
postgres,rls,18,21-25,"21,22,23,24,25",5,9,6,30.591,30.476,TRUE,0,0,-224,1,,,0.000
postgres,rls,19,21-25,"21,22,23,24,25",5,28,6,30.630,30.638,TRUE,1,1,-672,1,,,0.000
postgres,rls,20,21-25,"21,22,23,24,25",5,14,11,30.445,30.628,TRUE,0,0,-672,1,,,0.000
postgres,rls,21,21-25,"21,22,23,24,25",5,17,9,30.535,30.526,TRUE,0,0,-492,1,,,0.000
postgres,rls,22,21-25,"21,22,23,24,25",5,9,0,30.457,30.696,TRUE,0,0,-224,1,,,0.000
postgres,rls_index,1,21-25,"21,22,23,24,25",5,4,6,30.685,30.672,TRUE,0,0,1792,1,,,39.394
postgres,rls_index,2,21-25,"21,22,23,24,25",5,15,2,30.627,30.643,TRUE,0,0,1568,1,,,39.394
postgres,rls_index,3,21-25,"21,22,23,24,25",5,8,0,30.547,30.646,TRUE,0,0,1120,1,,,39.394
postgres,rls_index,4,21-25,"21,22,23,24,25",5,9,6,30.443,30.720,TRUE,0,0,284,1,,,39.394
postgres,rls_index,5,21-25,"21,22,23,24,25",5,12,0,30.623,30.725,TRUE,0,0,1120,1,,,39.394
postgres,rls_index,6,21-25,"21,22,23,24,25",5,6,6,30.495,30.636,TRUE,1,1,1568,1,,,39.394
postgres,rls_index,7,21-25,"21,22,23,24,25",5,15,3,30.537,30.643,TRUE,0,0,2016,1,,,39.394
postgres,rls_index,8,21-25,"21,22,23,24,25",5,15,0,30.568,30.622,TRUE,0,0,1055,1,,,39.394
postgres,rls_index,9,21-25,"21,22,23,24,25",5,11,0,30.801,30.584,TRUE,0,0,1612,1,,,39.394
postgres,rls_index,10,21-25,"21,22,23,24,25",5,9,0,30.593,30.753,TRUE,0,0,1120,1,,,39.394
postgres,rls_index,11,21-25,"21,22,23,24,25",5,9,2,30.529,30.583,TRUE,0,0,-224,1,,,39.394
postgres,rls_index,12,21-25,"21,22,23,24,25",5,11,0,30.469,30.692,TRUE,0,0,448,1,,,39.394
postgres,rls_index,13,21-25,"21,22,23,24,25",5,6,0,30.742,30.611,TRUE,0,0,672,1,,,39.394
postgres,rls_index,14,21-25,"21,22,23,24,25",5,4,6,30.815,30.612,TRUE,1,1,0,1,,,39.394
postgres,rls_index,15,21-25,"21,22,23,24,25",5,8,9,30.611,,UNKNOWN,,,,0,db_error,"ERROR:  relation ""revenue0"" does not exist LINE 1: ... s_address, s_phone, total_revenue from supplier, revenue0 w...                                                              ^",39.394
postgres,rls_index,16,21-25,"21,22,23,24,25",5,10,5,30.488,30.434,TRUE,0,0,45,1,,,39.394
postgres,rls_index,17,21-25,"21,22,23,24,25",5,5,6,30.428,30.449,TRUE,1,1,224,1,,,39.394
postgres,rls_index,18,21-25,"21,22,23,24,25",5,9,6,30.518,30.532,TRUE,0,0,224,1,,,39.394
postgres,rls_index,19,21-25,"21,22,23,24,25",5,28,6,30.506,30.599,TRUE,1,1,448,1,,,39.394
postgres,rls_index,20,21-25,"21,22,23,24,25",5,14,11,30.336,30.600,TRUE,0,0,1120,1,,,39.394
postgres,rls_index,21,21-25,"21,22,23,24,25",5,17,9,30.530,30.541,TRUE,0,0,1076,1,,,39.394
postgres,rls_index,22,21-25,"21,22,23,24,25",5,9,0,30.627,30.576,TRUE,0,0,0,1,,,39.394
postgres,sieve,1,21-25,"21,22,23,24,25",5,4,6,30.399,30.516,TRUE,0,0,1344,1,,,7.679
postgres,sieve,2,21-25,"21,22,23,24,25",5,15,2,30.489,30.657,TRUE,0,0,672,1,,,7.679
postgres,sieve,3,21-25,"21,22,23,24,25",5,8,0,30.399,30.687,TRUE,0,0,896,1,,,7.679
postgres,sieve,4,21-25,"21,22,23,24,25",5,9,6,30.615,30.687,TRUE,0,0,1344,1,,,7.679
postgres,sieve,5,21-25,"21,22,23,24,25",5,12,0,30.690,30.671,TRUE,0,0,1344,1,,,7.679
postgres,sieve,6,21-25,"21,22,23,24,25",5,6,6,30.626,30.756,TRUE,1,1,672,1,,,7.679
postgres,sieve,7,21-25,"21,22,23,24,25",5,15,3,30.523,30.671,TRUE,0,0,2016,1,,,7.679
postgres,sieve,8,21-25,"21,22,23,24,25",5,15,0,30.408,30.592,TRUE,0,0,1120,1,,,7.679
postgres,sieve,9,21-25,"21,22,23,24,25",5,11,0,30.520,30.580,UNKNOWN,,0,,0,count,"ERROR:  relation ""cf_sv_lineitem"" does not exist LINE 1: ...ity as amount from part, cf_sv_supplier supplier, cf_sv_line...                                                              ^",7.679
postgres,sieve,10,21-25,"21,22,23,24,25",5,9,0,30.458,,UNKNOWN,,0,,0,db_error,"ERROR:  relation ""cf_sv_lineitem"" does not exist LINE 1: ...ddress, c_phone, c_comment from customer, orders, cf_sv_line...                                                              ^",7.679
postgres,sieve,11,21-25,"21,22,23,24,25",5,9,2,30.400,,UNKNOWN,,0,,0,db_error,"ERROR:  relation ""cf_sv_partsupp"" does not exist LINE 1: ...y, sum(ps_supplycost * ps_availqty) as value from cf_sv_part...                                                              ^",7.679
postgres,sieve,12,21-25,"21,22,23,24,25",5,11,0,30.430,,UNKNOWN,,0,,0,db_error,"ERROR:  relation ""cf_sv_lineitem"" does not exist LINE 1: ...then 1 else 0 end) as low_line_count from orders, cf_sv_line...                                                              ^",7.679
postgres,sieve,13,21-25,"21,22,23,24,25",5,6,0,30.438,30.692,TRUE,0,0,-448,1,,,7.679
postgres,sieve,14,21-25,"21,22,23,24,25",5,4,6,30.491,,UNKNOWN,,1,,0,db_error,"ERROR:  relation ""cf_sv_lineitem"" does not exist LINE 1: ...edprice * (1 - l_discount)) as promo_revenue from cf_sv_line...                                                              ^",7.679
postgres,sieve,15,21-25,"21,22,23,24,25",5,8,9,30.461,,UNKNOWN,,,,0,db_error,"ERROR:  relation ""revenue0"" does not exist LINE 1: ...hone, total_revenue from cf_sv_supplier supplier, revenue0 w...                                                              ^",7.679
postgres,sieve,16,21-25,"21,22,23,24,25",5,10,5,30.406,,UNKNOWN,,0,,0,db_error,"ERROR:  relation ""cf_sv_partsupp"" does not exist LINE 1: ..., count(distinct ps_suppkey) as supplier_cnt from cf_sv_part...                                                              ^",7.679
postgres,sieve,17,21-25,"21,22,23,24,25",5,5,6,30.526,,UNKNOWN,,1,,0,db_error,"ERROR:  relation ""cf_sv_lineitem"" does not exist LINE 1: ...ect sum(l_extendedprice) / 7.0 as avg_yearly from cf_sv_line...                                                              ^",7.679
postgres,sieve,18,21-25,"21,22,23,24,25",5,9,6,30.406,,UNKNOWN,,0,,0,db_error,"ERROR:  relation ""cf_sv_lineitem"" does not exist LINE 1: ...otalprice, sum(l_quantity) from customer, orders, cf_sv_line...                                                              ^",7.679
postgres,sieve,19,21-25,"21,22,23,24,25",5,28,6,30.354,,UNKNOWN,,1,,0,db_error,"ERROR:  relation ""cf_sv_lineitem"" does not exist LINE 1: ..._extendedprice* (1 - l_discount)) as revenue from cf_sv_line...                                                              ^",7.679
postgres,sieve,20,21-25,"21,22,23,24,25",5,14,11,30.458,,UNKNOWN,,0,,0,db_error,"ERROR:  relation ""cf_sv_partsupp"" does not exist LINE 1: ...ation where s_suppkey in ( select ps_suppkey from cf_sv_part...                                                              ^",7.679
postgres,sieve,21,21-25,"21,22,23,24,25",5,17,9,30.567,,UNKNOWN,,0,,0,db_error,"ERROR:  relation ""cf_sv_lineitem"" does not exist LINE 1: ...count(*) as numwait from cf_sv_supplier supplier, cf_sv_line...                                                              ^",7.679
postgres,sieve,22,21-25,"21,22,23,24,25",5,9,0,30.640,30.650,TRUE,0,0,-448,1,,,7.679
postgres,sieve_index,1,21-25,"21,22,23,24,25",5,4,6,30.321,30.600,TRUE,0,0,1568,1,,,42.814
postgres,sieve_index,2,21-25,"21,22,23,24,25",5,15,2,30.401,30.400,TRUE,0,0,1344,1,,,42.814
postgres,sieve_index,3,21-25,"21,22,23,24,25",5,8,0,30.329,30.585,TRUE,0,0,1120,1,,,42.814
postgres,sieve_index,4,21-25,"21,22,23,24,25",5,9,6,30.303,30.666,TRUE,0,0,1120,1,,,42.814
postgres,sieve_index,5,21-25,"21,22,23,24,25",5,12,0,30.326,30.523,TRUE,0,0,1523,1,,,42.814
postgres,sieve_index,6,21-25,"21,22,23,24,25",5,6,6,30.461,30.586,TRUE,1,1,1120,1,,,42.814
postgres,sieve_index,7,21-25,"21,22,23,24,25",5,15,3,30.522,30.602,TRUE,0,0,2464,1,,,42.814
postgres,sieve_index,8,21-25,"21,22,23,24,25",5,15,0,30.383,30.419,TRUE,0,0,1903,1,,,42.814
postgres,sieve_index,9,21-25,"21,22,23,24,25",5,11,0,30.280,30.570,TRUE,0,0,1568,1,,,42.814
postgres,sieve_index,10,21-25,"21,22,23,24,25",5,9,0,30.387,30.558,TRUE,0,0,851,1,,,42.814
postgres,sieve_index,11,21-25,"21,22,23,24,25",5,9,2,30.765,30.573,TRUE,0,0,224,1,,,42.814
postgres,sieve_index,12,21-25,"21,22,23,24,25",5,11,0,30.399,30.543,TRUE,0,0,448,1,,,42.814
postgres,sieve_index,13,21-25,"21,22,23,24,25",5,6,0,30.388,30.614,TRUE,0,0,-493,1,,,42.814
postgres,sieve_index,14,21-25,"21,22,23,24,25",5,4,6,30.667,30.569,TRUE,1,1,448,1,,,42.814
postgres,sieve_index,15,21-25,"21,22,23,24,25",5,8,9,30.612,,UNKNOWN,,,,0,db_error,"ERROR:  relation ""revenue0"" does not exist LINE 1: ...hone, total_revenue from cf_sv_supplier supplier, revenue0 w...                                                              ^",42.814
postgres,sieve_index,16,21-25,"21,22,23,24,25",5,10,5,30.589,30.612,TRUE,0,0,717,1,,,42.814
postgres,sieve_index,17,21-25,"21,22,23,24,25",5,5,6,30.562,30.613,TRUE,1,1,896,1,,,42.814
postgres,sieve_index,18,21-25,"21,22,23,24,25",5,9,6,30.463,30.507,TRUE,0,0,448,1,,,42.814
postgres,sieve_index,19,21-25,"21,22,23,24,25",5,28,6,30.709,30.595,TRUE,1,1,851,1,,,42.814
postgres,sieve_index,20,21-25,"21,22,23,24,25",5,14,11,30.402,30.592,TRUE,0,0,896,1,,,42.814
postgres,sieve_index,21,21-25,"21,22,23,24,25",5,17,9,30.478,30.558,TRUE,0,0,1255,1,,,42.814
postgres,sieve_index,22,21-25,"21,22,23,24,25",5,9,0,30.600,30.599,TRUE,0,0,-448,1,,,42.814
postgres,ours,1,21-25,"21,22,23,24,25",5,4,6,30.557,30.631,TRUE,0,0,8512,1,,,5.777
postgres,ours,2,21-25,"21,22,23,24,25",5,15,2,30.615,30.668,TRUE,0,0,8288,1,,,5.777
postgres,ours,3,21-25,"21,22,23,24,25",5,8,0,30.477,30.679,TRUE,0,0,8288,1,,,5.777
postgres,ours,4,21-25,"21,22,23,24,25",5,9,6,30.723,30.747,TRUE,0,0,8736,1,,,5.777
postgres,ours,5,21-25,"21,22,23,24,25",5,12,0,30.604,30.578,TRUE,0,0,8288,1,,,5.777
postgres,ours,6,21-25,"21,22,23,24,25",5,6,6,30.792,30.649,TRUE,1,1,8691,1,,,5.777
postgres,ours,7,21-25,"21,22,23,24,25",5,15,3,30.420,30.684,TRUE,0,0,8736,1,,,5.777
postgres,ours,8,21-25,"21,22,23,24,25",5,15,0,30.662,30.749,TRUE,0,0,8512,1,,,5.777
postgres,ours,9,21-25,"21,22,23,24,25",5,11,0,30.560,30.688,TRUE,0,0,8512,1,,,5.777
postgres,ours,10,21-25,"21,22,23,24,25",5,9,0,30.446,30.752,TRUE,0,0,6944,1,,,5.777
postgres,ours,11,21-25,"21,22,23,24,25",5,9,2,30.820,30.848,TRUE,0,0,7168,1,,,5.777
postgres,ours,12,21-25,"21,22,23,24,25",5,11,0,30.452,30.429,TRUE,0,0,7392,1,,,5.777
postgres,ours,13,21-25,"21,22,23,24,25",5,6,0,30.548,30.546,TRUE,0,0,6944,1,,,5.777
postgres,ours,14,21-25,"21,22,23,24,25",5,4,6,30.740,30.552,TRUE,1,1,6720,1,,,5.777
postgres,ours,15,21-25,"21,22,23,24,25",5,8,9,30.753,,UNKNOWN,,,,0,db_error,"ERROR:  relation ""revenue0"" does not exist LINE 1: ... s_address, s_phone, total_revenue from supplier, revenue0 w...                                                              ^",5.777
postgres,ours,16,21-25,"21,22,23,24,25",5,10,5,30.514,30.702,TRUE,0,0,8109,1,,,5.777
postgres,ours,17,21-25,"21,22,23,24,25",5,5,6,30.680,30.733,TRUE,1,1,8064,1,,,5.777
postgres,ours,18,21-25,"21,22,23,24,25",5,9,6,30.784,30.718,TRUE,0,0,7392,1,,,5.777
postgres,ours,19,21-25,"21,22,23,24,25",5,28,6,30.647,30.716,TRUE,1,1,7392,1,,,5.777
postgres,ours,20,21-25,"21,22,23,24,25",5,14,11,30.459,30.751,TRUE,0,0,7571,1,,,5.777
postgres,ours,21,21-25,"21,22,23,24,25",5,17,9,30.646,30.617,TRUE,0,0,8020,1,,,5.777
postgres,ours,22,21-25,"21,22,23,24,25",5,9,0,30.423,30.745,TRUE,0,0,6496,1,,,5.777
postgres,no_policy,1,21-30,"21,22,23,24,25,26,27,28,29,30",10,4,13,30.500,30.609,TRUE,0,0,0,1,,,0.000
postgres,no_policy,2,21-30,"21,22,23,24,25,26,27,28,29,30",10,15,10,30.344,30.500,TRUE,0,0,0,1,,,0.000
postgres,no_policy,3,21-30,"21,22,23,24,25,26,27,28,29,30",10,8,8,30.455,30.624,TRUE,0,0,0,1,,,0.000
postgres,no_policy,4,21-30,"21,22,23,24,25,26,27,28,29,30",10,9,16,30.599,30.561,TRUE,0,0,0,1,,,0.000
postgres,no_policy,5,21-30,"21,22,23,24,25,26,27,28,29,30",10,12,8,30.498,30.637,TRUE,0,0,0,1,,,0.000
postgres,no_policy,6,21-30,"21,22,23,24,25,26,27,28,29,30",10,6,13,30.534,30.708,TRUE,1,1,0,1,,,0.000
postgres,no_policy,7,21-30,"21,22,23,24,25,26,27,28,29,30",10,15,8,30.333,30.596,TRUE,0,0,0,1,,,0.000
postgres,no_policy,8,21-30,"21,22,23,24,25,26,27,28,29,30",10,15,4,30.601,30.740,TRUE,0,0,0,1,,,0.000
postgres,no_policy,9,21-30,"21,22,23,24,25,26,27,28,29,30",10,11,4,30.494,30.596,TRUE,0,0,0,1,,,0.000
postgres,no_policy,10,21-30,"21,22,23,24,25,26,27,28,29,30",10,9,8,30.378,30.501,TRUE,0,0,0,1,,,0.000
postgres,no_policy,11,21-30,"21,22,23,24,25,26,27,28,29,30",10,9,10,30.358,30.608,TRUE,0,0,0,1,,,0.000
postgres,no_policy,12,21-30,"21,22,23,24,25,26,27,28,29,30",10,11,6,30.560,30.602,TRUE,0,0,0,1,,,0.000
postgres,no_policy,13,21-30,"21,22,23,24,25,26,27,28,29,30",10,6,11,30.302,30.686,TRUE,0,0,0,1,,,0.000
postgres,no_policy,14,21-30,"21,22,23,24,25,26,27,28,29,30",10,4,13,30.486,30.582,TRUE,1,1,0,1,,,0.000
postgres,no_policy,15,21-30,"21,22,23,24,25,26,27,28,29,30",10,8,21,30.473,,UNKNOWN,,,,0,db_error,"ERROR:  relation ""revenue0"" does not exist LINE 1: ... s_address, s_phone, total_revenue from supplier, revenue0 w...                                                              ^",0.000
postgres,no_policy,16,21-30,"21,22,23,24,25,26,27,28,29,30",10,10,18,30.591,30.649,TRUE,0,0,0,1,,,0.000
postgres,no_policy,17,21-30,"21,22,23,24,25,26,27,28,29,30",10,5,13,30.586,30.682,TRUE,1,1,0,1,,,0.000
postgres,no_policy,18,21-30,"21,22,23,24,25,26,27,28,29,30",10,9,21,30.615,30.611,TRUE,0,0,0,1,,,0.000
postgres,no_policy,19,21-30,"21,22,23,24,25,26,27,28,29,30",10,28,13,30.468,30.522,TRUE,1,1,0,1,,,0.000
postgres,no_policy,20,21-30,"21,22,23,24,25,26,27,28,29,30",10,14,27,30.539,30.558,TRUE,0,0,0,1,,,0.000
postgres,no_policy,21,21-30,"21,22,23,24,25,26,27,28,29,30",10,17,21,30.460,30.751,TRUE,0,0,0,1,,,0.000
postgres,no_policy,22,21-30,"21,22,23,24,25,26,27,28,29,30",10,9,11,30.604,30.685,TRUE,0,0,0,1,,,0.000
postgres,view_based,1,21-30,"21,22,23,24,25,26,27,28,29,30",10,4,13,30.430,30.624,TRUE,0,0,2016,1,,,6.280
postgres,view_based,2,21-30,"21,22,23,24,25,26,27,28,29,30",10,15,10,30.336,30.642,TRUE,0,0,1344,1,,,6.280
postgres,view_based,3,21-30,"21,22,23,24,25,26,27,28,29,30",10,8,8,30.512,30.690,TRUE,0,0,1344,1,,,6.280
postgres,view_based,4,21-30,"21,22,23,24,25,26,27,28,29,30",10,9,16,30.473,30.619,TRUE,0,0,1568,1,,,6.280
postgres,view_based,5,21-30,"21,22,23,24,25,26,27,28,29,30",10,12,8,30.330,30.609,TRUE,0,0,896,1,,,6.280
postgres,view_based,6,21-30,"21,22,23,24,25,26,27,28,29,30",10,6,13,30.368,30.491,TRUE,1,1,1120,1,,,6.280
postgres,view_based,7,21-30,"21,22,23,24,25,26,27,28,29,30",10,15,8,30.567,30.605,TRUE,0,0,1792,1,,,6.280
postgres,view_based,8,21-30,"21,22,23,24,25,26,27,28,29,30",10,15,4,30.265,30.594,TRUE,0,0,896,1,,,6.280
postgres,view_based,9,21-30,"21,22,23,24,25,26,27,28,29,30",10,11,4,30.479,30.736,TRUE,0,0,717,1,,,6.280
postgres,view_based,10,21-30,"21,22,23,24,25,26,27,28,29,30",10,9,8,30.479,30.686,TRUE,0,0,1254,1,,,6.280
postgres,view_based,11,21-30,"21,22,23,24,25,26,27,28,29,30",10,9,10,30.582,30.767,TRUE,0,0,1120,1,,,6.280
postgres,view_based,12,21-30,"21,22,23,24,25,26,27,28,29,30",10,11,6,30.486,30.552,TRUE,0,0,1792,1,,,6.280
postgres,view_based,13,21-30,"21,22,23,24,25,26,27,28,29,30",10,6,11,30.327,30.652,TRUE,0,0,493,1,,,6.280
postgres,view_based,14,21-30,"21,22,23,24,25,26,27,28,29,30",10,4,13,30.510,30.602,TRUE,1,1,896,1,,,6.280
postgres,view_based,15,21-30,"21,22,23,24,25,26,27,28,29,30",10,8,21,30.346,,UNKNOWN,,,,0,db_error,"ERROR:  relation ""revenue0"" does not exist LINE 1: ...phone, total_revenue from cf_v_supplier supplier, revenue0 w...                                                              ^",6.280
postgres,view_based,16,21-30,"21,22,23,24,25,26,27,28,29,30",10,10,18,30.524,30.550,TRUE,0,0,1568,1,,,6.280
postgres,view_based,17,21-30,"21,22,23,24,25,26,27,28,29,30",10,5,13,30.618,30.619,TRUE,1,1,1568,1,,,6.280
postgres,view_based,18,21-30,"21,22,23,24,25,26,27,28,29,30",10,9,21,30.332,30.764,TRUE,0,0,1120,1,,,6.280
postgres,view_based,19,21-30,"21,22,23,24,25,26,27,28,29,30",10,28,13,31.062,31.342,TRUE,1,1,896,1,,,6.280
postgres,view_based,20,21-30,"21,22,23,24,25,26,27,28,29,30",10,14,27,31.074,31.297,TRUE,0,0,1568,1,,,6.280
postgres,view_based,21,21-30,"21,22,23,24,25,26,27,28,29,30",10,17,21,31.088,31.585,TRUE,0,0,2175,1,,,6.280
postgres,view_based,22,21-30,"21,22,23,24,25,26,27,28,29,30",10,9,11,31.120,31.324,TRUE,0,0,224,1,,,6.280
postgres,rls,1,21-30,"21,22,23,24,25,26,27,28,29,30",10,4,13,30.880,31.391,TRUE,0,0,1344,1,,,0.000
postgres,rls,2,21-30,"21,22,23,24,25,26,27,28,29,30",10,15,10,31.117,31.289,TRUE,0,0,672,1,,,0.000
postgres,rls,3,21-30,"21,22,23,24,25,26,27,28,29,30",10,8,8,31.018,31.298,TRUE,0,0,896,1,,,0.000
postgres,rls,4,21-30,"21,22,23,24,25,26,27,28,29,30",10,9,16,31.110,30.577,TRUE,0,0,896,1,,,0.000
postgres,rls,5,21-30,"21,22,23,24,25,26,27,28,29,30",10,12,8,30.627,31.439,TRUE,0,0,1120,1,,,0.000
postgres,rls,6,21-30,"21,22,23,24,25,26,27,28,29,30",10,6,13,31.143,31.334,TRUE,1,1,1344,1,,,0.000
postgres,rls,7,21-30,"21,22,23,24,25,26,27,28,29,30",10,15,8,30.975,30.902,TRUE,0,0,1344,1,,,0.000
postgres,rls,8,21-30,"21,22,23,24,25,26,27,28,29,30",10,15,4,30.985,31.038,TRUE,0,0,888,1,,,0.000
postgres,rls,9,21-30,"21,22,23,24,25,26,27,28,29,30",10,11,4,31.109,31.252,TRUE,0,0,717,1,,,0.000
postgres,rls,10,21-30,"21,22,23,24,25,26,27,28,29,30",10,9,8,30.924,31.010,TRUE,0,0,0,1,,,0.000
postgres,rls,11,21-30,"21,22,23,24,25,26,27,28,29,30",10,9,10,31.399,31.280,TRUE,0,0,-896,1,,,0.000
postgres,rls,12,21-30,"21,22,23,24,25,26,27,28,29,30",10,11,6,31.101,31.253,TRUE,0,0,224,1,,,0.000
postgres,rls,13,21-30,"21,22,23,24,25,26,27,28,29,30",10,6,11,31.044,31.122,TRUE,0,0,45,1,,,0.000
postgres,rls,14,21-30,"21,22,23,24,25,26,27,28,29,30",10,4,13,31.153,31.329,TRUE,1,1,-448,1,,,0.000
postgres,rls,15,21-30,"21,22,23,24,25,26,27,28,29,30",10,8,21,31.150,,UNKNOWN,,,,0,db_error,"ERROR:  relation ""revenue0"" does not exist LINE 1: ... s_address, s_phone, total_revenue from supplier, revenue0 w...                                                              ^",0.000
postgres,rls,16,21-30,"21,22,23,24,25,26,27,28,29,30",10,10,18,31.104,31.363,TRUE,0,0,-672,1,,,0.000
postgres,rls,17,21-30,"21,22,23,24,25,26,27,28,29,30",10,5,13,30.866,31.359,TRUE,1,1,-672,1,,,0.000
postgres,rls,18,21-30,"21,22,23,24,25,26,27,28,29,30",10,9,21,31.046,31.113,TRUE,0,0,-672,1,,,0.000
postgres,rls,19,21-30,"21,22,23,24,25,26,27,28,29,30",10,28,13,30.974,31.252,TRUE,1,1,-1120,1,,,0.000
postgres,rls,20,21-30,"21,22,23,24,25,26,27,28,29,30",10,14,27,30.963,31.266,TRUE,0,0,-448,1,,,0.000
postgres,rls,21,21-30,"21,22,23,24,25,26,27,28,29,30",10,17,21,30.979,31.147,TRUE,0,0,0,1,,,0.000
postgres,rls,22,21-30,"21,22,23,24,25,26,27,28,29,30",10,9,11,31.047,31.332,TRUE,0,0,-448,1,,,0.000
postgres,rls_index,1,21-30,"21,22,23,24,25,26,27,28,29,30",10,4,13,30.469,31.348,TRUE,0,0,2464,1,,,115.098
postgres,rls_index,2,21-30,"21,22,23,24,25,26,27,28,29,30",10,15,10,31.090,31.370,TRUE,0,0,2240,1,,,115.098
postgres,rls_index,3,21-30,"21,22,23,24,25,26,27,28,29,30",10,8,8,31.338,31.217,TRUE,0,0,1792,1,,,115.098
postgres,rls_index,4,21-30,"21,22,23,24,25,26,27,28,29,30",10,9,16,30.984,31.189,TRUE,0,0,1568,1,,,115.098
postgres,rls_index,5,21-30,"21,22,23,24,25,26,27,28,29,30",10,12,8,30.641,31.246,TRUE,0,0,1723,1,,,115.098
postgres,rls_index,6,21-30,"21,22,23,24,25,26,27,28,29,30",10,6,13,31.270,31.379,TRUE,1,1,1860,1,,,115.098
postgres,rls_index,7,21-30,"21,22,23,24,25,26,27,28,29,30",10,15,8,31.146,31.418,TRUE,0,0,2240,1,,,115.098
postgres,rls_index,8,21-30,"21,22,23,24,25,26,27,28,29,30",10,15,4,31.011,31.376,TRUE,0,0,2279,1,,,115.098
postgres,rls_index,9,21-30,"21,22,23,24,25,26,27,28,29,30",10,11,4,31.005,31.135,TRUE,0,0,1613,1,,,115.098
postgres,rls_index,10,21-30,"21,22,23,24,25,26,27,28,29,30",10,9,8,30.596,30.995,TRUE,0,0,2508,1,,,115.098
postgres,rls_index,11,21-30,"21,22,23,24,25,26,27,28,29,30",10,9,10,31.160,31.295,TRUE,0,0,224,1,,,115.098
postgres,rls_index,12,21-30,"21,22,23,24,25,26,27,28,29,30",10,11,6,31.035,31.181,TRUE,0,0,224,1,,,115.098
postgres,rls_index,13,21-30,"21,22,23,24,25,26,27,28,29,30",10,6,11,30.899,31.169,TRUE,0,0,0,1,,,115.098
postgres,rls_index,14,21-30,"21,22,23,24,25,26,27,28,29,30",10,4,13,30.987,31.233,TRUE,1,1,448,1,,,115.098
postgres,rls_index,15,21-30,"21,22,23,24,25,26,27,28,29,30",10,8,21,30.539,,UNKNOWN,,,,0,db_error,"ERROR:  relation ""revenue0"" does not exist LINE 1: ... s_address, s_phone, total_revenue from supplier, revenue0 w...                                                              ^",115.098
postgres,rls_index,16,21-30,"21,22,23,24,25,26,27,28,29,30",10,10,18,30.922,31.275,TRUE,0,0,-224,1,,,115.098
postgres,rls_index,17,21-30,"21,22,23,24,25,26,27,28,29,30",10,5,13,30.967,31.244,TRUE,1,1,448,1,,,115.098
postgres,rls_index,18,21-30,"21,22,23,24,25,26,27,28,29,30",10,9,21,30.870,31.262,TRUE,0,0,0,1,,,115.098
postgres,rls_index,19,21-30,"21,22,23,24,25,26,27,28,29,30",10,28,13,31.001,31.219,TRUE,1,1,-224,1,,,115.098
postgres,rls_index,20,21-30,"21,22,23,24,25,26,27,28,29,30",10,14,27,31.149,31.347,TRUE,0,0,851,1,,,115.098
postgres,rls_index,21,21-30,"21,22,23,24,25,26,27,28,29,30",10,17,21,31.179,31.398,TRUE,0,0,448,1,,,115.098
postgres,rls_index,22,21-30,"21,22,23,24,25,26,27,28,29,30",10,9,11,30.758,31.276,TRUE,0,0,0,1,,,115.098
postgres,sieve,1,21-30,"21,22,23,24,25,26,27,28,29,30",10,4,13,31.015,31.027,TRUE,0,0,2016,1,,,18.236
postgres,sieve,2,21-30,"21,22,23,24,25,26,27,28,29,30",10,15,10,31.111,31.225,TRUE,0,0,1344,1,,,18.236
postgres,sieve,3,21-30,"21,22,23,24,25,26,27,28,29,30",10,8,8,31.141,31.208,TRUE,0,0,1568,1,,,18.236
postgres,sieve,4,21-30,"21,22,23,24,25,26,27,28,29,30",10,9,16,31.087,31.275,TRUE,0,0,1120,1,,,18.236
postgres,sieve,5,21-30,"21,22,23,24,25,26,27,28,29,30",10,12,8,31.236,31.077,TRUE,0,0,896,1,,,18.236
postgres,sieve,6,21-30,"21,22,23,24,25,26,27,28,29,30",10,6,13,31.227,31.445,TRUE,1,1,1344,1,,,18.236
postgres,sieve,7,21-30,"21,22,23,24,25,26,27,28,29,30",10,15,8,31.052,31.393,TRUE,0,0,1792,1,,,18.236
postgres,sieve,8,21-30,"21,22,23,24,25,26,27,28,29,30",10,15,4,31.199,31.114,TRUE,0,0,1263,1,,,18.236
postgres,sieve,9,21-30,"21,22,23,24,25,26,27,28,29,30",10,11,4,31.016,31.055,TRUE,0,0,269,1,,,18.236
postgres,sieve,10,21-30,"21,22,23,24,25,26,27,28,29,30",10,9,8,31.217,,UNKNOWN,,0,,0,db_error,"ERROR:  relation ""cf_sv_lineitem"" does not exist LINE 1: ...ne, c_comment from customer, cf_sv_orders orders, cf_sv_line...                                                              ^",18.236
postgres,sieve,11,21-30,"21,22,23,24,25,26,27,28,29,30",10,9,10,31.214,,UNKNOWN,,0,,0,db_error,"ERROR:  relation ""cf_sv_partsupp"" does not exist LINE 1: ...y, sum(ps_supplycost * ps_availqty) as value from cf_sv_part...                                                              ^",18.236
postgres,sieve,12,21-30,"21,22,23,24,25,26,27,28,29,30",10,11,6,30.919,,UNKNOWN,,0,,0,db_error,"ERROR:  relation ""cf_sv_lineitem"" does not exist LINE 1: ... end) as low_line_count from cf_sv_orders orders, cf_sv_line...                                                              ^",18.236
postgres,sieve,13,21-30,"21,22,23,24,25,26,27,28,29,30",10,6,11,31.067,31.005,TRUE,0,0,269,1,,,18.236
postgres,sieve,14,21-30,"21,22,23,24,25,26,27,28,29,30",10,4,13,31.147,,UNKNOWN,,1,,0,db_error,"ERROR:  relation ""cf_sv_lineitem"" does not exist LINE 1: ...edprice * (1 - l_discount)) as promo_revenue from cf_sv_line...                                                              ^",18.236
postgres,sieve,15,21-30,"21,22,23,24,25,26,27,28,29,30",10,8,21,31.200,,UNKNOWN,,,,0,db_error,"ERROR:  relation ""cf_sv_supplier"" does not exist LINE 1: ...y, s_name, s_address, s_phone, total_revenue from cf_sv_supp...                                                              ^",18.236
postgres,sieve,16,21-30,"21,22,23,24,25,26,27,28,29,30",10,10,18,31.174,,UNKNOWN,,0,,0,db_error,"ERROR:  relation ""cf_sv_partsupp"" does not exist LINE 1: ..., count(distinct ps_suppkey) as supplier_cnt from cf_sv_part...                                                              ^",18.236
postgres,sieve,17,21-30,"21,22,23,24,25,26,27,28,29,30",10,5,13,31.172,,UNKNOWN,,1,,0,db_error,"ERROR:  relation ""cf_sv_lineitem"" does not exist LINE 1: ...ect sum(l_extendedprice) / 7.0 as avg_yearly from cf_sv_line...                                                              ^",18.236
postgres,sieve,18,21-30,"21,22,23,24,25,26,27,28,29,30",10,9,21,31.184,,UNKNOWN,,0,,0,db_error,"ERROR:  relation ""cf_sv_lineitem"" does not exist LINE 1: ...m(l_quantity) from customer, cf_sv_orders orders, cf_sv_line...                                                              ^",18.236
postgres,sieve,19,21-30,"21,22,23,24,25,26,27,28,29,30",10,28,13,31.019,,UNKNOWN,,1,,0,db_error,"ERROR:  relation ""cf_sv_lineitem"" does not exist LINE 1: ..._extendedprice* (1 - l_discount)) as revenue from cf_sv_line...                                                              ^",18.236
postgres,sieve,20,21-30,"21,22,23,24,25,26,27,28,29,30",10,14,27,31.115,,UNKNOWN,,0,,0,db_error,"ERROR:  relation ""cf_sv_supplier"" does not exist LINE 1: select s_name, s_address from cf_sv_supplier supplier, natio...                                       ^",18.236
postgres,sieve,21,21-30,"21,22,23,24,25,26,27,28,29,30",10,17,21,31.195,,UNKNOWN,,0,,0,db_error,"ERROR:  relation ""cf_sv_supplier"" does not exist LINE 1: select s_name, count(*) as numwait from cf_sv_supplier suppl...                                                 ^",18.236
postgres,sieve,22,21-30,"21,22,23,24,25,26,27,28,29,30",10,9,11,31.121,31.125,TRUE,0,0,0,1,,,18.236
postgres,sieve_index,1,21-30,"21,22,23,24,25,26,27,28,29,30",10,4,13,31.062,31.261,TRUE,0,0,3136,1,,,111.915
postgres,sieve_index,2,21-30,"21,22,23,24,25,26,27,28,29,30",10,15,10,31.093,31.303,TRUE,0,0,1951,1,,,111.915
postgres,sieve_index,3,21-30,"21,22,23,24,25,26,27,28,29,30",10,8,8,30.971,31.216,TRUE,0,0,2240,1,,,111.915
postgres,sieve_index,4,21-30,"21,22,23,24,25,26,27,28,29,30",10,9,16,31.071,31.185,TRUE,0,0,2240,1,,,111.915
postgres,sieve_index,5,21-30,"21,22,23,24,25,26,27,28,29,30",10,12,8,31.063,31.168,TRUE,0,0,1179,1,,,111.915
postgres,sieve_index,6,21-30,"21,22,23,24,25,26,27,28,29,30",10,6,13,31.167,31.186,TRUE,1,1,2464,1,,,111.915
postgres,sieve_index,7,21-30,"21,22,23,24,25,26,27,28,29,30",10,15,8,31.000,30.700,TRUE,0,0,2415,1,,,111.915
postgres,sieve_index,8,21-30,"21,22,23,24,25,26,27,28,29,30",10,15,4,31.065,30.540,TRUE,0,0,2167,1,,,111.915
postgres,sieve_index,9,21-30,"21,22,23,24,25,26,27,28,29,30",10,11,4,30.592,30.680,TRUE,0,0,2004,1,,,111.915
postgres,sieve_index,10,21-30,"21,22,23,24,25,26,27,28,29,30",10,9,8,30.446,30.620,TRUE,0,0,2240,1,,,111.915
postgres,sieve_index,11,21-30,"21,22,23,24,25,26,27,28,29,30",10,9,10,30.544,30.615,TRUE,0,0,1657,1,,,111.915
postgres,sieve_index,12,21-30,"21,22,23,24,25,26,27,28,29,30",10,11,6,30.821,30.719,TRUE,0,0,1344,1,,,111.915
postgres,sieve_index,13,21-30,"21,22,23,24,25,26,27,28,29,30",10,6,11,30.579,30.618,TRUE,0,0,45,1,,,111.915
postgres,sieve_index,14,21-30,"21,22,23,24,25,26,27,28,29,30",10,4,13,30.508,30.752,TRUE,1,1,1120,1,,,111.915
postgres,sieve_index,15,21-30,"21,22,23,24,25,26,27,28,29,30",10,8,21,30.433,,UNKNOWN,,,,0,db_error,"ERROR:  relation ""revenue0"" does not exist LINE 1: ...hone, total_revenue from cf_sv_supplier supplier, revenue0 w...                                                              ^",111.915
postgres,sieve_index,16,21-30,"21,22,23,24,25,26,27,28,29,30",10,10,18,30.702,30.850,TRUE,0,0,1120,1,,,111.915
postgres,sieve_index,17,21-30,"21,22,23,24,25,26,27,28,29,30",10,5,13,30.736,30.626,TRUE,1,1,1299,1,,,111.915
postgres,sieve_index,18,21-30,"21,22,23,24,25,26,27,28,29,30",10,9,21,30.613,30.760,TRUE,0,0,1047,1,,,111.915
postgres,sieve_index,19,21-30,"21,22,23,24,25,26,27,28,29,30",10,28,13,30.505,30.720,TRUE,1,1,896,1,,,111.915
postgres,sieve_index,20,21-30,"21,22,23,24,25,26,27,28,29,30",10,14,27,30.323,30.597,TRUE,0,0,672,1,,,111.915
postgres,sieve_index,21,21-30,"21,22,23,24,25,26,27,28,29,30",10,17,21,30.400,30.849,TRUE,0,0,967,1,,,111.915
postgres,sieve_index,22,21-30,"21,22,23,24,25,26,27,28,29,30",10,9,11,30.510,30.517,TRUE,0,0,448,1,,,111.915
postgres,ours,1,21-30,"21,22,23,24,25,26,27,28,29,30",10,4,13,30.672,30.984,TRUE,0,0,8288,1,,,6.483
postgres,ours,2,21-30,"21,22,23,24,25,26,27,28,29,30",10,15,10,30.844,30.883,TRUE,0,0,8736,1,,,6.483
postgres,ours,3,21-30,"21,22,23,24,25,26,27,28,29,30",10,8,8,31.588,31.085,TRUE,0,0,8736,1,,,6.483
postgres,ours,4,21-30,"21,22,23,24,25,26,27,28,29,30",10,9,16,30.751,30.807,TRUE,0,0,8960,1,,,6.483
postgres,ours,5,21-30,"21,22,23,24,25,26,27,28,29,30",10,12,8,30.818,30.633,TRUE,0,0,8422,1,,,6.483
postgres,ours,6,21-30,"21,22,23,24,25,26,27,28,29,30",10,6,13,30.565,30.758,TRUE,1,1,8736,1,,,6.483
postgres,ours,7,21-30,"21,22,23,24,25,26,27,28,29,30",10,15,8,30.484,30.689,TRUE,0,0,9184,1,,,6.483
postgres,ours,8,21-30,"21,22,23,24,25,26,27,28,29,30",10,15,4,30.635,30.616,TRUE,0,0,8736,1,,,6.483
postgres,ours,9,21-30,"21,22,23,24,25,26,27,28,29,30",10,11,4,30.583,30.784,TRUE,0,0,9049,1,,,6.483
postgres,ours,10,21-30,"21,22,23,24,25,26,27,28,29,30",10,9,8,30.697,30.816,TRUE,0,0,8736,1,,,6.483
postgres,ours,11,21-30,"21,22,23,24,25,26,27,28,29,30",10,9,10,30.691,30.921,TRUE,0,0,7840,1,,,6.483
postgres,ours,12,21-30,"21,22,23,24,25,26,27,28,29,30",10,11,6,30.654,30.713,TRUE,0,0,8512,1,,,6.483
postgres,ours,13,21-30,"21,22,23,24,25,26,27,28,29,30",10,6,11,30.568,30.746,TRUE,0,0,8960,1,,,6.483
postgres,ours,14,21-30,"21,22,23,24,25,26,27,28,29,30",10,4,13,30.586,30.740,TRUE,1,1,7840,1,,,6.483
postgres,ours,15,21-30,"21,22,23,24,25,26,27,28,29,30",10,8,21,30.512,,UNKNOWN,,,,0,db_error,"ERROR:  relation ""revenue0"" does not exist LINE 1: ... s_address, s_phone, total_revenue from supplier, revenue0 w...                                                              ^",6.483
postgres,ours,16,21-30,"21,22,23,24,25,26,27,28,29,30",10,10,18,30.767,30.978,TRUE,0,0,8064,1,,,6.483
postgres,ours,17,21-30,"21,22,23,24,25,26,27,28,29,30",10,5,13,30.764,30.818,TRUE,1,1,8019,1,,,6.483
postgres,ours,18,21-30,"21,22,23,24,25,26,27,28,29,30",10,9,21,30.550,30.794,TRUE,0,0,8064,1,,,6.483
postgres,ours,19,21-30,"21,22,23,24,25,26,27,28,29,30",10,28,13,30.558,30.827,TRUE,1,1,8064,1,,,6.483
postgres,ours,20,21-30,"21,22,23,24,25,26,27,28,29,30",10,14,27,30.542,30.740,TRUE,0,0,8064,1,,,6.483
postgres,ours,21,21-30,"21,22,23,24,25,26,27,28,29,30",10,17,21,30.725,30.696,TRUE,0,0,8915,1,,,6.483
postgres,ours,22,21-30,"21,22,23,24,25,26,27,28,29,30",10,9,11,30.671,30.846,TRUE,0,0,8512,1,,,6.483
postgres,no_policy,1,5-15_U_25-30,"5,6,7,8,9,10,11,12,13,14,15,25,26,27,28,29,30",17,4,29,30.728,30.644,TRUE,0,0,0,1,,,0.000
postgres,no_policy,2,5-15_U_25-30,"5,6,7,8,9,10,11,12,13,14,15,25,26,27,28,29,30",17,15,8,30.502,30.598,TRUE,0,0,0,1,,,0.000
postgres,no_policy,3,5-15_U_25-30,"5,6,7,8,9,10,11,12,13,14,15,25,26,27,28,29,30",17,8,58,30.569,30.615,TRUE,0,0,0,1,,,0.000
postgres,no_policy,4,5-15_U_25-30,"5,6,7,8,9,10,11,12,13,14,15,25,26,27,28,29,30",17,9,55,30.786,30.728,TRUE,0,0,0,1,,,0.000
postgres,no_policy,5,5-15_U_25-30,"5,6,7,8,9,10,11,12,13,14,15,25,26,27,28,29,30",17,12,58,30.531,30.523,TRUE,0,0,0,1,,,0.000
postgres,no_policy,6,5-15_U_25-30,"5,6,7,8,9,10,11,12,13,14,15,25,26,27,28,29,30",17,6,29,30.439,30.543,TRUE,1,1,0,1,,,0.000
postgres,no_policy,7,5-15_U_25-30,"5,6,7,8,9,10,11,12,13,14,15,25,26,27,28,29,30",17,15,8,30.505,30.629,TRUE,0,0,0,1,,,0.000
postgres,no_policy,8,5-15_U_25-30,"5,6,7,8,9,10,11,12,13,14,15,25,26,27,28,29,30",17,15,4,30.568,30.716,TRUE,0,0,0,1,,,0.000
postgres,no_policy,9,5-15_U_25-30,"5,6,7,8,9,10,11,12,13,14,15,25,26,27,28,29,30",17,11,4,30.322,30.505,TRUE,0,0,0,1,,,0.000
postgres,no_policy,10,5-15_U_25-30,"5,6,7,8,9,10,11,12,13,14,15,25,26,27,28,29,30",17,9,58,30.798,30.637,TRUE,0,0,0,1,,,0.000
postgres,no_policy,11,5-15_U_25-30,"5,6,7,8,9,10,11,12,13,14,15,25,26,27,28,29,30",17,9,8,30.776,30.667,TRUE,0,0,0,1,,,0.000
postgres,no_policy,12,5-15_U_25-30,"5,6,7,8,9,10,11,12,13,14,15,25,26,27,28,29,30",17,11,40,30.641,30.666,TRUE,0,0,0,1,,,0.000
postgres,no_policy,13,5-15_U_25-30,"5,6,7,8,9,10,11,12,13,14,15,25,26,27,28,29,30",17,6,72,30.560,30.573,TRUE,0,0,0,1,,,0.000
postgres,no_policy,14,5-15_U_25-30,"5,6,7,8,9,10,11,12,13,14,15,25,26,27,28,29,30",17,4,29,30.477,30.556,TRUE,1,1,0,1,,,0.000
postgres,no_policy,15,5-15_U_25-30,"5,6,7,8,9,10,11,12,13,14,15,25,26,27,28,29,30",17,8,37,30.405,,UNKNOWN,,,,0,db_error,"ERROR:  relation ""revenue0"" does not exist LINE 1: ... s_address, s_phone, total_revenue from supplier, revenue0 w...                                                              ^",0.000
postgres,no_policy,16,5-15_U_25-30,"5,6,7,8,9,10,11,12,13,14,15,25,26,27,28,29,30",17,10,16,30.655,30.680,TRUE,0,0,0,1,,,0.000
postgres,no_policy,17,5-15_U_25-30,"5,6,7,8,9,10,11,12,13,14,15,25,26,27,28,29,30",17,5,29,30.565,30.780,TRUE,1,1,0,1,,,0.000
postgres,no_policy,18,5-15_U_25-30,"5,6,7,8,9,10,11,12,13,14,15,25,26,27,28,29,30",17,9,87,30.576,30.795,TRUE,0,0,0,1,,,0.000
postgres,no_policy,19,5-15_U_25-30,"5,6,7,8,9,10,11,12,13,14,15,25,26,27,28,29,30",17,28,29,30.323,30.534,TRUE,1,1,0,1,,,0.000
postgres,no_policy,20,5-15_U_25-30,"5,6,7,8,9,10,11,12,13,14,15,25,26,27,28,29,30",17,14,41,30.613,30.722,TRUE,0,0,0,1,,,0.000
postgres,no_policy,21,5-15_U_25-30,"5,6,7,8,9,10,11,12,13,14,15,25,26,27,28,29,30",17,17,37,30.526,30.720,TRUE,0,0,0,1,,,0.000
postgres,no_policy,22,5-15_U_25-30,"5,6,7,8,9,10,11,12,13,14,15,25,26,27,28,29,30",17,9,72,30.586,30.664,TRUE,0,0,0,1,,,0.000
postgres,view_based,1,5-15_U_25-30,"5,6,7,8,9,10,11,12,13,14,15,25,26,27,28,29,30",17,4,29,30.592,30.881,TRUE,0,0,1344,1,,,8.284
postgres,view_based,2,5-15_U_25-30,"5,6,7,8,9,10,11,12,13,14,15,25,26,27,28,29,30",17,15,8,30.632,30.667,TRUE,0,0,717,1,,,8.284
postgres,view_based,3,5-15_U_25-30,"5,6,7,8,9,10,11,12,13,14,15,25,26,27,28,29,30",17,8,58,31.084,31.020,TRUE,0,0,831,1,,,8.284
postgres,view_based,4,5-15_U_25-30,"5,6,7,8,9,10,11,12,13,14,15,25,26,27,28,29,30",17,9,55,30.826,31.015,TRUE,0,0,1871,1,,,8.284
postgres,view_based,5,5-15_U_25-30,"5,6,7,8,9,10,11,12,13,14,15,25,26,27,28,29,30",17,12,58,30.523,30.555,TRUE,0,0,1656,1,,,8.284
postgres,view_based,6,5-15_U_25-30,"5,6,7,8,9,10,11,12,13,14,15,25,26,27,28,29,30",17,6,29,30.447,30.603,TRUE,1,1,2016,1,,,8.284
postgres,view_based,7,5-15_U_25-30,"5,6,7,8,9,10,11,12,13,14,15,25,26,27,28,29,30",17,15,8,30.563,30.738,TRUE,0,0,1564,1,,,8.284
postgres,view_based,8,5-15_U_25-30,"5,6,7,8,9,10,11,12,13,14,15,25,26,27,28,29,30",17,15,4,30.418,30.332,TRUE,0,0,1585,1,,,8.284
postgres,view_based,9,5-15_U_25-30,"5,6,7,8,9,10,11,12,13,14,15,25,26,27,28,29,30",17,11,4,30.494,30.551,TRUE,0,0,1226,1,,,8.284
postgres,view_based,10,5-15_U_25-30,"5,6,7,8,9,10,11,12,13,14,15,25,26,27,28,29,30",17,9,58,30.484,30.727,TRUE,0,0,1690,1,,,8.284
postgres,view_based,11,5-15_U_25-30,"5,6,7,8,9,10,11,12,13,14,15,25,26,27,28,29,30",17,9,8,30.799,30.659,TRUE,0,0,941,1,,,8.284
postgres,view_based,12,5-15_U_25-30,"5,6,7,8,9,10,11,12,13,14,15,25,26,27,28,29,30",17,11,40,30.480,30.494,TRUE,0,0,2936,1,,,8.284
postgres,view_based,13,5-15_U_25-30,"5,6,7,8,9,10,11,12,13,14,15,25,26,27,28,29,30",17,6,72,30.462,30.561,TRUE,0,0,2376,1,,,8.284
postgres,view_based,14,5-15_U_25-30,"5,6,7,8,9,10,11,12,13,14,15,25,26,27,28,29,30",17,4,29,30.592,30.611,TRUE,1,1,2912,1,,,8.284
postgres,view_based,15,5-15_U_25-30,"5,6,7,8,9,10,11,12,13,14,15,25,26,27,28,29,30",17,8,37,30.366,,UNKNOWN,,,,0,db_error,"ERROR:  relation ""revenue0"" does not exist LINE 1: ...phone, total_revenue from cf_v_supplier supplier, revenue0 w...                                                              ^",8.284
postgres,view_based,16,5-15_U_25-30,"5,6,7,8,9,10,11,12,13,14,15,25,26,27,28,29,30",17,10,16,30.333,30.744,TRUE,0,0,1792,1,,,8.284
postgres,view_based,17,5-15_U_25-30,"5,6,7,8,9,10,11,12,13,14,15,25,26,27,28,29,30",17,5,29,30.469,30.724,TRUE,1,1,2759,1,,,8.284
postgres,view_based,18,5-15_U_25-30,"5,6,7,8,9,10,11,12,13,14,15,25,26,27,28,29,30",17,9,87,30.612,30.667,TRUE,0,0,2500,1,,,8.284
postgres,view_based,19,5-15_U_25-30,"5,6,7,8,9,10,11,12,13,14,15,25,26,27,28,29,30",17,28,29,30.482,30.796,TRUE,1,1,1792,1,,,8.284
postgres,view_based,20,5-15_U_25-30,"5,6,7,8,9,10,11,12,13,14,15,25,26,27,28,29,30",17,14,41,30.385,30.425,TRUE,0,0,2016,1,,,8.284
postgres,view_based,21,5-15_U_25-30,"5,6,7,8,9,10,11,12,13,14,15,25,26,27,28,29,30",17,17,37,30.466,30.556,TRUE,0,0,2768,1,,,8.284
postgres,view_based,22,5-15_U_25-30,"5,6,7,8,9,10,11,12,13,14,15,25,26,27,28,29,30",17,9,72,30.487,30.729,TRUE,0,0,1773,1,,,8.284
postgres,rls,1,5-15_U_25-30,"5,6,7,8,9,10,11,12,13,14,15,25,26,27,28,29,30",17,4,29,30.677,30.727,TRUE,0,0,2247,1,,,0.000
postgres,rls,2,5-15_U_25-30,"5,6,7,8,9,10,11,12,13,14,15,25,26,27,28,29,30",17,15,8,30.438,30.532,TRUE,0,0,1165,1,,,0.000
postgres,rls,3,5-15_U_25-30,"5,6,7,8,9,10,11,12,13,14,15,25,26,27,28,29,30",17,8,58,30.521,30.509,TRUE,0,0,1700,1,,,0.000
postgres,rls,4,5-15_U_25-30,"5,6,7,8,9,10,11,12,13,14,15,25,26,27,28,29,30",17,9,55,30.356,30.641,TRUE,0,0,1350,1,,,0.000
postgres,rls,5,5-15_U_25-30,"5,6,7,8,9,10,11,12,13,14,15,25,26,27,28,29,30",17,12,58,30.591,30.615,TRUE,0,0,1911,1,,,0.000
postgres,rls,6,5-15_U_25-30,"5,6,7,8,9,10,11,12,13,14,15,25,26,27,28,29,30",17,6,29,30.474,30.757,TRUE,1,1,3184,1,,,0.000
postgres,rls,7,5-15_U_25-30,"5,6,7,8,9,10,11,12,13,14,15,25,26,27,28,29,30",17,15,8,30.613,30.547,TRUE,0,0,-224,1,,,0.000
postgres,rls,8,5-15_U_25-30,"5,6,7,8,9,10,11,12,13,14,15,25,26,27,28,29,30",17,15,4,30.537,30.807,TRUE,0,0,0,1,,,0.000
postgres,rls,9,5-15_U_25-30,"5,6,7,8,9,10,11,12,13,14,15,25,26,27,28,29,30",17,11,4,30.578,30.785,TRUE,0,0,179,1,,,0.000
postgres,rls,10,5-15_U_25-30,"5,6,7,8,9,10,11,12,13,14,15,25,26,27,28,29,30",17,9,58,30.535,30.714,TRUE,0,0,224,1,,,0.000
postgres,rls,11,5-15_U_25-30,"5,6,7,8,9,10,11,12,13,14,15,25,26,27,28,29,30",17,9,8,30.463,30.529,TRUE,0,0,-582,1,,,0.000
postgres,rls,12,5-15_U_25-30,"5,6,7,8,9,10,11,12,13,14,15,25,26,27,28,29,30",17,11,40,30.378,30.591,TRUE,0,0,-896,1,,,0.000
postgres,rls,13,5-15_U_25-30,"5,6,7,8,9,10,11,12,13,14,15,25,26,27,28,29,30",17,6,72,30.401,30.689,TRUE,0,0,-179,1,,,0.000
postgres,rls,14,5-15_U_25-30,"5,6,7,8,9,10,11,12,13,14,15,25,26,27,28,29,30",17,4,29,30.430,30.662,TRUE,1,1,224,1,,,0.000
postgres,rls,15,5-15_U_25-30,"5,6,7,8,9,10,11,12,13,14,15,25,26,27,28,29,30",17,8,37,30.517,,UNKNOWN,,,,0,db_error,"ERROR:  relation ""revenue0"" does not exist LINE 1: ... s_address, s_phone, total_revenue from supplier, revenue0 w...                                                              ^",0.000
postgres,rls,16,5-15_U_25-30,"5,6,7,8,9,10,11,12,13,14,15,25,26,27,28,29,30",17,10,16,30.591,30.670,TRUE,0,0,-224,1,,,0.000
postgres,rls,17,5-15_U_25-30,"5,6,7,8,9,10,11,12,13,14,15,25,26,27,28,29,30",17,5,29,30.417,30.471,TRUE,1,1,-448,1,,,0.000
postgres,rls,18,5-15_U_25-30,"5,6,7,8,9,10,11,12,13,14,15,25,26,27,28,29,30",17,9,87,30.321,30.660,TRUE,0,0,-224,1,,,0.000
postgres,rls,19,5-15_U_25-30,"5,6,7,8,9,10,11,12,13,14,15,25,26,27,28,29,30",17,28,29,30.430,30.582,TRUE,1,1,-448,1,,,0.000
postgres,rls,20,5-15_U_25-30,"5,6,7,8,9,10,11,12,13,14,15,25,26,27,28,29,30",17,14,41,30.465,30.667,TRUE,0,0,0,1,,,0.000
postgres,rls,21,5-15_U_25-30,"5,6,7,8,9,10,11,12,13,14,15,25,26,27,28,29,30",17,17,37,30.394,30.564,TRUE,0,0,0,1,,,0.000
postgres,rls,22,5-15_U_25-30,"5,6,7,8,9,10,11,12,13,14,15,25,26,27,28,29,30",17,9,72,30.414,30.594,TRUE,0,0,-448,1,,,0.000
postgres,rls_index,1,5-15_U_25-30,"5,6,7,8,9,10,11,12,13,14,15,25,26,27,28,29,30",17,4,29,30.524,30.640,TRUE,0,0,5389,1,,,114.751
postgres,rls_index,2,5-15_U_25-30,"5,6,7,8,9,10,11,12,13,14,15,25,26,27,28,29,30",17,15,8,30.741,30.606,TRUE,0,0,4591,1,,,114.751
postgres,rls_index,3,5-15_U_25-30,"5,6,7,8,9,10,11,12,13,14,15,25,26,27,28,29,30",17,8,58,30.463,30.490,TRUE,0,0,4574,1,,,114.751
postgres,rls_index,4,5-15_U_25-30,"5,6,7,8,9,10,11,12,13,14,15,25,26,27,28,29,30",17,9,55,30.546,30.439,TRUE,0,0,5748,1,,,114.751
postgres,rls_index,5,5-15_U_25-30,"5,6,7,8,9,10,11,12,13,14,15,25,26,27,28,29,30",17,12,58,30.574,30.724,TRUE,0,0,8784,1,,,114.751
postgres,rls_index,6,5-15_U_25-30,"5,6,7,8,9,10,11,12,13,14,15,25,26,27,28,29,30",17,6,29,30.417,30.575,TRUE,1,1,7405,1,,,114.751
postgres,rls_index,7,5-15_U_25-30,"5,6,7,8,9,10,11,12,13,14,15,25,26,27,28,29,30",17,15,8,30.371,30.484,TRUE,0,0,2387,1,,,114.751
postgres,rls_index,8,5-15_U_25-30,"5,6,7,8,9,10,11,12,13,14,15,25,26,27,28,29,30",17,15,4,30.388,30.491,TRUE,0,0,2579,1,,,114.751
postgres,rls_index,9,5-15_U_25-30,"5,6,7,8,9,10,11,12,13,14,15,25,26,27,28,29,30",17,11,4,30.463,30.624,TRUE,0,0,3091,1,,,114.751
postgres,rls_index,10,5-15_U_25-30,"5,6,7,8,9,10,11,12,13,14,15,25,26,27,28,29,30",17,9,58,30.508,30.714,TRUE,0,0,2240,1,,,114.751
postgres,rls_index,11,5-15_U_25-30,"5,6,7,8,9,10,11,12,13,14,15,25,26,27,28,29,30",17,9,8,30.634,30.592,TRUE,0,0,314,1,,,114.751
postgres,rls_index,12,5-15_U_25-30,"5,6,7,8,9,10,11,12,13,14,15,25,26,27,28,29,30",17,11,40,30.804,30.597,TRUE,0,0,1120,1,,,114.751
postgres,rls_index,13,5-15_U_25-30,"5,6,7,8,9,10,11,12,13,14,15,25,26,27,28,29,30",17,6,72,30.639,30.613,TRUE,0,0,941,1,,,114.751
postgres,rls_index,14,5-15_U_25-30,"5,6,7,8,9,10,11,12,13,14,15,25,26,27,28,29,30",17,4,29,30.884,30.721,TRUE,1,1,2016,1,,,114.751
postgres,rls_index,15,5-15_U_25-30,"5,6,7,8,9,10,11,12,13,14,15,25,26,27,28,29,30",17,8,37,30.595,,UNKNOWN,,,,0,db_error,"ERROR:  relation ""revenue0"" does not exist LINE 1: ... s_address, s_phone, total_revenue from supplier, revenue0 w...                                                              ^",114.751
postgres,rls_index,16,5-15_U_25-30,"5,6,7,8,9,10,11,12,13,14,15,25,26,27,28,29,30",17,10,16,30.496,30.636,TRUE,0,0,448,1,,,114.751
postgres,rls_index,17,5-15_U_25-30,"5,6,7,8,9,10,11,12,13,14,15,25,26,27,28,29,30",17,5,29,30.501,30.792,TRUE,1,1,1432,1,,,114.751
postgres,rls_index,18,5-15_U_25-30,"5,6,7,8,9,10,11,12,13,14,15,25,26,27,28,29,30",17,9,87,30.726,30.692,TRUE,0,0,1792,1,,,114.751
postgres,rls_index,19,5-15_U_25-30,"5,6,7,8,9,10,11,12,13,14,15,25,26,27,28,29,30",17,28,29,30.628,30.679,TRUE,1,1,1344,1,,,114.751
postgres,rls_index,20,5-15_U_25-30,"5,6,7,8,9,10,11,12,13,14,15,25,26,27,28,29,30",17,14,41,30.490,30.546,TRUE,0,0,2016,1,,,114.751
postgres,rls_index,21,5-15_U_25-30,"5,6,7,8,9,10,11,12,13,14,15,25,26,27,28,29,30",17,17,37,30.606,30.796,TRUE,0,0,1792,1,,,114.751
postgres,rls_index,22,5-15_U_25-30,"5,6,7,8,9,10,11,12,13,14,15,25,26,27,28,29,30",17,9,72,30.411,30.606,TRUE,0,0,224,1,,,114.751
postgres,sieve,1,5-15_U_25-30,"5,6,7,8,9,10,11,12,13,14,15,25,26,27,28,29,30",17,4,29,30.488,30.541,TRUE,0,0,2857,1,,,14.294
postgres,sieve,2,5-15_U_25-30,"5,6,7,8,9,10,11,12,13,14,15,25,26,27,28,29,30",17,15,8,30.569,30.666,TRUE,0,0,2376,1,,,14.294
postgres,sieve,3,5-15_U_25-30,"5,6,7,8,9,10,11,12,13,14,15,25,26,27,28,29,30",17,8,58,30.588,30.511,TRUE,0,0,1848,1,,,14.294
postgres,sieve,4,5-15_U_25-30,"5,6,7,8,9,10,11,12,13,14,15,25,26,27,28,29,30",17,9,55,30.508,30.494,TRUE,0,0,2415,1,,,14.294
postgres,sieve,5,5-15_U_25-30,"5,6,7,8,9,10,11,12,13,14,15,25,26,27,28,29,30",17,12,58,30.415,30.557,TRUE,0,0,2444,1,,,14.294
postgres,sieve,6,5-15_U_25-30,"5,6,7,8,9,10,11,12,13,14,15,25,26,27,28,29,30",17,6,29,30.712,,UNKNOWN,,1,,0,db_error,"ERROR:  relation ""cf_sv_lineitem"" does not exist LINE 1: ...sum(l_extendedprice * l_discount) as revenue from cf_sv_line...                                                              ^",14.294
postgres,sieve,7,5-15_U_25-30,"5,6,7,8,9,10,11,12,13,14,15,25,26,27,28,29,30",17,15,8,30.855,,UNKNOWN,,0,,0,db_error,"ERROR:  relation ""cf_sv_supplier"" does not exist LINE 1: ...l_extendedprice * (1 - l_discount) as volume from cf_sv_supp...                                                              ^",14.294
postgres,sieve,8,5-15_U_25-30,"5,6,7,8,9,10,11,12,13,14,15,25,26,27,28,29,30",17,15,4,30.605,,UNKNOWN,,0,,0,db_error,"ERROR:  relation ""cf_sv_supplier"" does not exist LINE 1: ...scount) as volume, n2.n_name as nation from part, cf_sv_supp...                                                              ^",14.294
postgres,sieve,9,5-15_U_25-30,"5,6,7,8,9,10,11,12,13,14,15,25,26,27,28,29,30",17,11,4,30.563,,UNKNOWN,,0,,0,db_error,"ERROR:  relation ""cf_sv_supplier"" does not exist LINE 1: ...- ps_supplycost * l_quantity as amount from part, cf_sv_supp...                                                              ^",14.294
postgres,sieve,10,5-15_U_25-30,"5,6,7,8,9,10,11,12,13,14,15,25,26,27,28,29,30",17,9,58,30.394,,UNKNOWN,,0,,0,db_error,"ERROR:  relation ""cf_sv_orders"" does not exist LINE 1: ... c_phone, c_comment from cf_sv_customer customer, cf_sv_orde...                                                              ^",14.294
postgres,sieve,11,5-15_U_25-30,"5,6,7,8,9,10,11,12,13,14,15,25,26,27,28,29,30",17,9,8,30.362,,UNKNOWN,,0,,0,db_error,"ERROR:  relation ""cf_sv_partsupp"" does not exist LINE 1: ...y, sum(ps_supplycost * ps_availqty) as value from cf_sv_part...                                                              ^",14.294
postgres,sieve,12,5-15_U_25-30,"5,6,7,8,9,10,11,12,13,14,15,25,26,27,28,29,30",17,11,40,30.479,,UNKNOWN,,0,,0,db_error,"ERROR:  relation ""cf_sv_orders"" does not exist LINE 1: ...2-HIGH' then 1 else 0 end) as low_line_count from cf_sv_orde...                                                              ^",14.294
postgres,sieve,13,5-15_U_25-30,"5,6,7,8,9,10,11,12,13,14,15,25,26,27,28,29,30",17,6,72,30.581,,UNKNOWN,,0,,0,db_error,"ERROR:  relation ""cf_sv_orders"" does not exist LINE 1: ...key) from cf_sv_customer customer left outer join cf_sv_orde...                                                              ^",14.294
postgres,sieve,14,5-15_U_25-30,"5,6,7,8,9,10,11,12,13,14,15,25,26,27,28,29,30",17,4,29,30.529,,UNKNOWN,,1,,0,db_error,"ERROR:  relation ""cf_sv_lineitem"" does not exist LINE 1: ...edprice * (1 - l_discount)) as promo_revenue from cf_sv_line...                                                              ^",14.294
postgres,sieve,15,5-15_U_25-30,"5,6,7,8,9,10,11,12,13,14,15,25,26,27,28,29,30",17,8,37,30.650,,UNKNOWN,,,,0,db_error,"ERROR:  relation ""cf_sv_supplier"" does not exist LINE 1: ...y, s_name, s_address, s_phone, total_revenue from cf_sv_supp...                                                              ^",14.294
postgres,sieve,16,5-15_U_25-30,"5,6,7,8,9,10,11,12,13,14,15,25,26,27,28,29,30",17,10,16,30.571,,UNKNOWN,,0,,0,db_error,"ERROR:  relation ""cf_sv_partsupp"" does not exist LINE 1: ..., count(distinct ps_suppkey) as supplier_cnt from cf_sv_part...                                                              ^",14.294
postgres,sieve,17,5-15_U_25-30,"5,6,7,8,9,10,11,12,13,14,15,25,26,27,28,29,30",17,5,29,30.597,,UNKNOWN,,1,,0,db_error,"ERROR:  relation ""cf_sv_lineitem"" does not exist LINE 1: ...ect sum(l_extendedprice) / 7.0 as avg_yearly from cf_sv_line...                                                              ^",14.294
postgres,sieve,18,5-15_U_25-30,"5,6,7,8,9,10,11,12,13,14,15,25,26,27,28,29,30",17,9,87,30.577,,UNKNOWN,,0,,0,db_error,"ERROR:  relation ""cf_sv_orders"" does not exist LINE 1: ...ce, sum(l_quantity) from cf_sv_customer customer, cf_sv_orde...                                                              ^",14.294
postgres,sieve,19,5-15_U_25-30,"5,6,7,8,9,10,11,12,13,14,15,25,26,27,28,29,30",17,28,29,30.455,,UNKNOWN,,1,,0,db_error,"ERROR:  relation ""cf_sv_lineitem"" does not exist LINE 1: ..._extendedprice* (1 - l_discount)) as revenue from cf_sv_line...                                                              ^",14.294
postgres,sieve,20,5-15_U_25-30,"5,6,7,8,9,10,11,12,13,14,15,25,26,27,28,29,30",17,14,41,30.775,,UNKNOWN,,0,,0,db_error,"ERROR:  relation ""cf_sv_supplier"" does not exist LINE 1: select s_name, s_address from cf_sv_supplier supplier, natio...                                       ^",14.294
postgres,sieve,21,5-15_U_25-30,"5,6,7,8,9,10,11,12,13,14,15,25,26,27,28,29,30",17,17,37,30.655,,UNKNOWN,,0,,0,db_error,"ERROR:  relation ""cf_sv_supplier"" does not exist LINE 1: select s_name, count(*) as numwait from cf_sv_supplier suppl...                                                 ^",14.294
postgres,sieve,22,5-15_U_25-30,"5,6,7,8,9,10,11,12,13,14,15,25,26,27,28,29,30",17,9,72,30.366,,UNKNOWN,,0,,0,db_error,"ERROR:  relation ""cf_sv_orders"" does not exist LINE 1: ...17', '21', '14') ) and not exists ( select * from cf_sv_orde...                                                              ^",14.294
postgres,sieve_index,1,5-15_U_25-30,"5,6,7,8,9,10,11,12,13,14,15,25,26,27,28,29,30",17,4,29,30.608,30.504,TRUE,0,0,3859,1,,,131.689
postgres,sieve_index,2,5-15_U_25-30,"5,6,7,8,9,10,11,12,13,14,15,25,26,27,28,29,30",17,15,8,30.707,30.736,TRUE,0,0,3500,1,,,131.689
postgres,sieve_index,3,5-15_U_25-30,"5,6,7,8,9,10,11,12,13,14,15,25,26,27,28,29,30",17,8,58,30.533,30.641,TRUE,0,0,3561,1,,,131.689
postgres,sieve_index,4,5-15_U_25-30,"5,6,7,8,9,10,11,12,13,14,15,25,26,27,28,29,30",17,9,55,30.498,30.534,TRUE,0,0,3320,1,,,131.689
postgres,sieve_index,5,5-15_U_25-30,"5,6,7,8,9,10,11,12,13,14,15,25,26,27,28,29,30",17,12,58,30.439,30.591,TRUE,0,0,9346,1,,,131.689
postgres,sieve_index,6,5-15_U_25-30,"5,6,7,8,9,10,11,12,13,14,15,25,26,27,28,29,30",17,6,29,30.388,30.427,TRUE,1,1,5134,1,,,131.689
postgres,sieve_index,7,5-15_U_25-30,"5,6,7,8,9,10,11,12,13,14,15,25,26,27,28,29,30",17,15,8,30.480,30.445,TRUE,0,0,6467,1,,,131.689
postgres,sieve_index,8,5-15_U_25-30,"5,6,7,8,9,10,11,12,13,14,15,25,26,27,28,29,30",17,15,4,30.436,30.626,TRUE,0,0,2555,1,,,131.689
postgres,sieve_index,9,5-15_U_25-30,"5,6,7,8,9,10,11,12,13,14,15,25,26,27,28,29,30",17,11,4,30.334,30.594,TRUE,0,0,2378,1,,,131.689
postgres,sieve_index,10,5-15_U_25-30,"5,6,7,8,9,10,11,12,13,14,15,25,26,27,28,29,30",17,9,58,30.572,30.701,TRUE,0,0,2288,1,,,131.689
postgres,sieve_index,11,5-15_U_25-30,"5,6,7,8,9,10,11,12,13,14,15,25,26,27,28,29,30",17,9,8,30.543,30.567,TRUE,0,0,1210,1,,,131.689
postgres,sieve_index,12,5-15_U_25-30,"5,6,7,8,9,10,11,12,13,14,15,25,26,27,28,29,30",17,11,40,30.457,30.355,TRUE,0,0,1424,1,,,131.689
postgres,sieve_index,13,5-15_U_25-30,"5,6,7,8,9,10,11,12,13,14,15,25,26,27,28,29,30",17,6,72,30.457,30.617,TRUE,0,0,1783,1,,,131.689
postgres,sieve_index,14,5-15_U_25-30,"5,6,7,8,9,10,11,12,13,14,15,25,26,27,28,29,30",17,4,29,30.634,30.625,TRUE,1,1,2710,1,,,131.689
postgres,sieve_index,15,5-15_U_25-30,"5,6,7,8,9,10,11,12,13,14,15,25,26,27,28,29,30",17,8,37,30.378,,UNKNOWN,,,,0,db_error,"ERROR:  relation ""revenue0"" does not exist LINE 1: ...hone, total_revenue from cf_sv_supplier supplier, revenue0 w...                                                              ^",131.689
postgres,sieve_index,16,5-15_U_25-30,"5,6,7,8,9,10,11,12,13,14,15,25,26,27,28,29,30",17,10,16,30.472,30.619,TRUE,0,0,1568,1,,,131.689
postgres,sieve_index,17,5-15_U_25-30,"5,6,7,8,9,10,11,12,13,14,15,25,26,27,28,29,30",17,5,29,30.772,30.625,TRUE,1,1,6937,1,,,131.689
postgres,sieve_index,18,5-15_U_25-30,"5,6,7,8,9,10,11,12,13,14,15,25,26,27,28,29,30",17,9,87,30.644,30.673,TRUE,0,0,8058,1,,,131.689
postgres,sieve_index,19,5-15_U_25-30,"5,6,7,8,9,10,11,12,13,14,15,25,26,27,28,29,30",17,28,29,30.591,30.585,TRUE,1,1,2046,1,,,131.689
postgres,sieve_index,20,5-15_U_25-30,"5,6,7,8,9,10,11,12,13,14,15,25,26,27,28,29,30",17,14,41,30.602,30.600,TRUE,0,0,2316,1,,,131.689
postgres,sieve_index,21,5-15_U_25-30,"5,6,7,8,9,10,11,12,13,14,15,25,26,27,28,29,30",17,17,37,30.648,30.628,TRUE,0,0,12342,1,,,131.689
postgres,sieve_index,22,5-15_U_25-30,"5,6,7,8,9,10,11,12,13,14,15,25,26,27,28,29,30",17,9,72,30.576,30.595,TRUE,0,0,1178,1,,,131.689
postgres,ours,1,5-15_U_25-30,"5,6,7,8,9,10,11,12,13,14,15,25,26,27,28,29,30",17,4,29,30.634,30.746,TRUE,0,0,9587,1,,,8.614
postgres,ours,2,5-15_U_25-30,"5,6,7,8,9,10,11,12,13,14,15,25,26,27,28,29,30",17,15,8,30.686,30.957,TRUE,0,0,9139,1,,,8.614
postgres,ours,3,5-15_U_25-30,"5,6,7,8,9,10,11,12,13,14,15,25,26,27,28,29,30",17,8,58,30.636,30.922,TRUE,0,0,8960,1,,,8.614
postgres,ours,4,5-15_U_25-30,"5,6,7,8,9,10,11,12,13,14,15,25,26,27,28,29,30",17,9,55,30.978,30.943,TRUE,0,0,9184,1,,,8.614
postgres,ours,5,5-15_U_25-30,"5,6,7,8,9,10,11,12,13,14,15,25,26,27,28,29,30",17,12,58,30.697,30.585,TRUE,0,0,8821,1,,,8.614
postgres,ours,6,5-15_U_25-30,"5,6,7,8,9,10,11,12,13,14,15,25,26,27,28,29,30",17,6,29,31.213,30.819,UNKNOWN,,1,,0,count,ERROR:  canceling statement due to user request,8.614
postgres,ours,7,5-15_U_25-30,"5,6,7,8,9,10,11,12,13,14,15,25,26,27,28,29,30",17,15,8,30.806,30.978,TRUE,0,0,8825,1,,,8.614
postgres,ours,8,5-15_U_25-30,"5,6,7,8,9,10,11,12,13,14,15,25,26,27,28,29,30",17,15,4,30.906,30.992,TRUE,0,0,9363,1,,,8.614
postgres,ours,9,5-15_U_25-30,"5,6,7,8,9,10,11,12,13,14,15,25,26,27,28,29,30",17,11,4,30.970,30.943,TRUE,0,0,9351,1,,,8.614
postgres,ours,10,5-15_U_25-30,"5,6,7,8,9,10,11,12,13,14,15,25,26,27,28,29,30",17,9,58,31.049,30.921,TRUE,0,0,8915,1,,,8.614
postgres,ours,11,5-15_U_25-30,"5,6,7,8,9,10,11,12,13,14,15,25,26,27,28,29,30",17,9,8,30.651,30.826,TRUE,0,0,8378,1,,,8.614
postgres,ours,12,5-15_U_25-30,"5,6,7,8,9,10,11,12,13,14,15,25,26,27,28,29,30",17,11,40,31.135,30.842,TRUE,0,0,8512,1,,,8.614
postgres,ours,13,5-15_U_25-30,"5,6,7,8,9,10,11,12,13,14,15,25,26,27,28,29,30",17,6,72,30.675,30.915,TRUE,0,0,8736,1,,,8.614
postgres,ours,14,5-15_U_25-30,"5,6,7,8,9,10,11,12,13,14,15,25,26,27,28,29,30",17,4,29,30.670,30.913,TRUE,1,1,9139,1,,,8.614
postgres,ours,15,5-15_U_25-30,"5,6,7,8,9,10,11,12,13,14,15,25,26,27,28,29,30",17,8,37,30.736,,UNKNOWN,,,,0,db_error,"ERROR:  relation ""revenue0"" does not exist LINE 1: ... s_address, s_phone, total_revenue from supplier, revenue0 w...                                                              ^",8.614
postgres,ours,16,5-15_U_25-30,"5,6,7,8,9,10,11,12,13,14,15,25,26,27,28,29,30",17,10,16,30.710,30.781,TRUE,0,0,8467,1,,,8.614
postgres,ours,17,5-15_U_25-30,"5,6,7,8,9,10,11,12,13,14,15,25,26,27,28,29,30",17,5,29,30.606,30.790,TRUE,1,1,9139,1,,,8.614
postgres,ours,18,5-15_U_25-30,"5,6,7,8,9,10,11,12,13,14,15,25,26,27,28,29,30",17,9,87,30.767,30.862,TRUE,0,0,9004,1,,,8.614
postgres,ours,19,5-15_U_25-30,"5,6,7,8,9,10,11,12,13,14,15,25,26,27,28,29,30",17,28,29,30.957,30.844,TRUE,1,1,8512,1,,,8.614
postgres,ours,20,5-15_U_25-30,"5,6,7,8,9,10,11,12,13,14,15,25,26,27,28,29,30",17,14,41,30.645,30.778,TRUE,0,0,9363,1,,,8.614
postgres,ours,21,5-15_U_25-30,"5,6,7,8,9,10,11,12,13,14,15,25,26,27,28,29,30",17,17,37,31.202,30.884,TRUE,0,0,9049,1,,,8.614
postgres,ours,22,5-15_U_25-30,"5,6,7,8,9,10,11,12,13,14,15,25,26,27,28,29,30",17,9,72,30.588,30.827,TRUE,0,0,8092,1,,,8.614
