db,baseline,query_id,policy_set_name,policy_ids,num_policies,query_complexity,policy_complexity,cold_ms,hot_ms,correctness,baseline_rows,rls_index_rows,mem_overhead_kb,status,error_type,error_msg,pre_run_memory_building_ms
postgres,no_policy,1,1-5,"1,2,3,4,5",5,4,30,30.561,30.735,TRUE,0,0,0,1,,,0.000
postgres,no_policy,2,1-5,"1,2,3,4,5",5,15,0,30.591,30.772,TRUE,0,0,0,1,,,0.000
postgres,no_policy,3,1-5,"1,2,3,4,5",5,8,0,30.542,30.803,TRUE,0,0,0,1,,,0.000
postgres,no_policy,4,1-5,"1,2,3,4,5",5,9,30,30.408,30.754,TRUE,0,0,0,1,,,0.000
postgres,no_policy,5,1-5,"1,2,3,4,5",5,12,0,30.568,30.646,TRUE,0,0,0,1,,,0.000
postgres,no_policy,6,1-5,"1,2,3,4,5",5,6,30,30.606,30.680,TRUE,1,1,0,1,,,0.000
postgres,no_policy,7,1-5,"1,2,3,4,5",5,15,0,30.417,30.700,TRUE,0,0,0,1,,,0.000
postgres,no_policy,8,1-5,"1,2,3,4,5",5,15,0,30.577,31.098,TRUE,0,0,0,1,,,0.000
postgres,no_policy,9,1-5,"1,2,3,4,5",5,11,0,30.330,30.672,TRUE,0,0,0,1,,,0.000
postgres,no_policy,10,1-5,"1,2,3,4,5",5,9,0,30.550,30.655,TRUE,0,0,0,1,,,0.000
postgres,no_policy,11,1-5,"1,2,3,4,5",5,9,0,30.540,30.663,TRUE,0,0,0,1,,,0.000
postgres,no_policy,12,1-5,"1,2,3,4,5",5,11,0,30.487,30.640,TRUE,0,0,0,1,,,0.000
postgres,no_policy,13,1-5,"1,2,3,4,5",5,6,0,30.629,30.728,TRUE,0,0,0,1,,,0.000
postgres,no_policy,14,1-5,"1,2,3,4,5",5,4,30,30.508,30.701,TRUE,1,1,0,1,,,0.000
postgres,no_policy,15,1-5,"1,2,3,4,5",5,8,30,31.141,,UNKNOWN,,,,0,db_error,"ERROR:  relation ""revenue0"" does not exist LINE 1: ... s_address, s_phone, total_revenue from supplier, revenue0 w...                                                              ^",0.000
postgres,no_policy,16,1-5,"1,2,3,4,5",5,10,0,30.536,30.711,TRUE,0,0,0,1,,,0.000
postgres,no_policy,17,1-5,"1,2,3,4,5",5,5,30,30.589,30.830,TRUE,1,1,0,1,,,0.000
postgres,no_policy,18,1-5,"1,2,3,4,5",5,9,30,30.756,30.803,TRUE,0,0,0,1,,,0.000
postgres,no_policy,19,1-5,"1,2,3,4,5",5,28,30,30.799,30.693,TRUE,1,1,0,1,,,0.000
postgres,no_policy,20,1-5,"1,2,3,4,5",5,14,30,30.516,30.749,TRUE,0,0,0,1,,,0.000
postgres,no_policy,21,1-5,"1,2,3,4,5",5,17,30,30.466,30.643,TRUE,0,0,0,1,,,0.000
postgres,no_policy,22,1-5,"1,2,3,4,5",5,9,0,30.719,30.709,TRUE,0,0,0,1,,,0.000
postgres,view_based,1,1-5,"1,2,3,4,5",5,4,30,30.510,30.748,TRUE,0,0,2464,1,,,2.859
postgres,view_based,2,1-5,"1,2,3,4,5",5,15,0,30.719,30.738,TRUE,0,0,941,1,,,2.859
postgres,view_based,3,1-5,"1,2,3,4,5",5,8,0,30.549,30.671,TRUE,0,0,896,1,,,2.859
postgres,view_based,4,1-5,"1,2,3,4,5",5,9,30,30.471,30.717,TRUE,0,0,1120,1,,,2.859
postgres,view_based,5,1-5,"1,2,3,4,5",5,12,0,30.659,30.728,TRUE,0,0,1120,1,,,2.859
postgres,view_based,6,1-5,"1,2,3,4,5",5,6,30,30.659,30.708,TRUE,1,1,1344,1,,,2.859
postgres,view_based,7,1-5,"1,2,3,4,5",5,15,0,30.471,30.703,TRUE,0,0,672,1,,,2.859
postgres,view_based,8,1-5,"1,2,3,4,5",5,15,0,30.640,30.721,TRUE,0,0,995,1,,,2.859
postgres,view_based,9,1-5,"1,2,3,4,5",5,11,0,30.540,30.634,TRUE,0,0,819,1,,,2.859
postgres,view_based,10,1-5,"1,2,3,4,5",5,9,0,30.587,30.626,TRUE,0,0,896,1,,,2.859
postgres,view_based,11,1-5,"1,2,3,4,5",5,9,0,30.729,30.730,TRUE,0,0,-224,1,,,2.859
postgres,view_based,12,1-5,"1,2,3,4,5",5,11,0,30.665,30.673,TRUE,0,0,1344,1,,,2.859
postgres,view_based,13,1-5,"1,2,3,4,5",5,6,0,30.477,30.709,TRUE,0,0,-314,1,,,2.859
postgres,view_based,14,1-5,"1,2,3,4,5",5,4,30,30.521,30.671,TRUE,1,1,672,1,,,2.859
postgres,view_based,15,1-5,"1,2,3,4,5",5,8,30,30.568,,UNKNOWN,,,,0,db_error,"ERROR:  relation ""revenue0"" does not exist LINE 1: ... s_address, s_phone, total_revenue from supplier, revenue0 w...                                                              ^",2.859
postgres,view_based,16,1-5,"1,2,3,4,5",5,10,0,30.748,30.713,TRUE,0,0,224,1,,,2.859
postgres,view_based,17,1-5,"1,2,3,4,5",5,5,30,30.660,30.692,TRUE,1,1,1120,1,,,2.859
postgres,view_based,18,1-5,"1,2,3,4,5",5,9,30,30.467,30.734,TRUE,0,0,672,1,,,2.859
postgres,view_based,19,1-5,"1,2,3,4,5",5,28,30,30.567,30.780,TRUE,1,1,1120,1,,,2.859
postgres,view_based,20,1-5,"1,2,3,4,5",5,14,30,30.712,30.738,TRUE,0,0,896,1,,,2.859
postgres,view_based,21,1-5,"1,2,3,4,5",5,17,30,30.535,30.720,TRUE,0,0,1207,1,,,2.859
postgres,view_based,22,1-5,"1,2,3,4,5",5,9,0,30.578,30.574,TRUE,0,0,-269,1,,,2.859
postgres,rls,1,1-5,"1,2,3,4,5",5,4,30,30.814,30.697,TRUE,0,0,2912,1,,,0.000
postgres,rls,2,1-5,"1,2,3,4,5",5,15,0,30.737,30.762,TRUE,0,0,1165,1,,,0.000
postgres,rls,3,1-5,"1,2,3,4,5",5,8,0,30.771,30.673,TRUE,0,0,1344,1,,,0.000
postgres,rls,4,1-5,"1,2,3,4,5",5,9,30,30.613,30.708,TRUE,0,0,1344,1,,,0.000
postgres,rls,5,1-5,"1,2,3,4,5",5,12,0,30.515,30.519,TRUE,0,0,1344,1,,,0.000
postgres,rls,6,1-5,"1,2,3,4,5",5,6,30,30.376,30.688,TRUE,1,1,896,1,,,0.000
postgres,rls,7,1-5,"1,2,3,4,5",5,15,0,30.456,30.679,TRUE,0,0,1120,1,,,0.000
postgres,rls,8,1-5,"1,2,3,4,5",5,15,0,30.602,30.688,TRUE,0,0,1120,1,,,0.000
postgres,rls,9,1-5,"1,2,3,4,5",5,11,0,30.659,30.546,TRUE,0,0,775,1,,,0.000
postgres,rls,10,1-5,"1,2,3,4,5",5,9,0,30.342,30.611,TRUE,0,0,896,1,,,0.000
postgres,rls,11,1-5,"1,2,3,4,5",5,9,0,30.550,30.721,TRUE,0,0,0,1,,,0.000
postgres,rls,12,1-5,"1,2,3,4,5",5,11,0,30.693,30.646,TRUE,0,0,1344,1,,,0.000
postgres,rls,13,1-5,"1,2,3,4,5",5,6,0,30.694,30.646,TRUE,0,0,224,1,,,0.000
postgres,rls,14,1-5,"1,2,3,4,5",5,4,30,30.518,30.654,TRUE,1,1,672,1,,,0.000
postgres,rls,15,1-5,"1,2,3,4,5",5,8,30,30.759,,UNKNOWN,,,,0,db_error,"ERROR:  relation ""revenue0"" does not exist LINE 1: ... s_address, s_phone, total_revenue from supplier, revenue0 w...                                                              ^",0.000
postgres,rls,16,1-5,"1,2,3,4,5",5,10,0,30.529,30.657,TRUE,0,0,0,1,,,0.000
postgres,rls,17,1-5,"1,2,3,4,5",5,5,30,30.347,30.594,TRUE,1,1,448,1,,,0.000
postgres,rls,18,1-5,"1,2,3,4,5",5,9,30,30.501,30.646,TRUE,0,0,896,1,,,0.000
postgres,rls,19,1-5,"1,2,3,4,5",5,28,30,30.758,30.730,TRUE,1,1,896,1,,,0.000
postgres,rls,20,1-5,"1,2,3,4,5",5,14,30,30.643,30.668,TRUE,0,0,896,1,,,0.000
postgres,rls,21,1-5,"1,2,3,4,5",5,17,30,30.693,30.741,TRUE,0,0,1568,1,,,0.000
postgres,rls,22,1-5,"1,2,3,4,5",5,9,0,30.512,30.720,TRUE,0,0,0,1,,,0.000
postgres,rls_index,1,1-5,"1,2,3,4,5",5,4,30,30.770,30.715,TRUE,0,0,2912,1,,,27.787
postgres,rls_index,2,1-5,"1,2,3,4,5",5,15,0,30.619,30.700,TRUE,0,0,1165,1,,,27.787
postgres,rls_index,3,1-5,"1,2,3,4,5",5,8,0,30.523,30.664,TRUE,0,0,1120,1,,,27.787
postgres,rls_index,4,1-5,"1,2,3,4,5",5,9,30,30.759,30.718,TRUE,0,0,1344,1,,,27.787
postgres,rls_index,5,1-5,"1,2,3,4,5",5,12,0,30.350,30.445,TRUE,0,0,1568,1,,,27.787
postgres,rls_index,6,1-5,"1,2,3,4,5",5,6,30,30.550,30.695,TRUE,1,1,2240,1,,,27.787
postgres,rls_index,7,1-5,"1,2,3,4,5",5,15,0,30.297,30.656,TRUE,0,0,1120,1,,,27.787
postgres,rls_index,8,1-5,"1,2,3,4,5",5,15,0,30.451,30.671,TRUE,0,0,2464,1,,,27.787
postgres,rls_index,9,1-5,"1,2,3,4,5",5,11,0,30.561,30.677,TRUE,0,0,1299,1,,,27.787
postgres,rls_index,10,1-5,"1,2,3,4,5",5,9,0,30.513,30.690,TRUE,0,0,1120,1,,,27.787
postgres,rls_index,11,1-5,"1,2,3,4,5",5,9,0,30.489,30.649,TRUE,0,0,0,1,,,27.787
postgres,rls_index,12,1-5,"1,2,3,4,5",5,11,0,30.638,30.642,TRUE,0,0,1792,1,,,27.787
postgres,rls_index,13,1-5,"1,2,3,4,5",5,6,0,30.639,30.716,TRUE,0,0,0,1,,,27.787
postgres,rls_index,14,1-5,"1,2,3,4,5",5,4,30,30.600,30.691,TRUE,1,1,1792,1,,,27.787
postgres,rls_index,15,1-5,"1,2,3,4,5",5,8,30,30.673,,UNKNOWN,,,,0,db_error,"ERROR:  relation ""revenue0"" does not exist LINE 1: ... s_address, s_phone, total_revenue from supplier, revenue0 w...                                                              ^",27.787
postgres,rls_index,16,1-5,"1,2,3,4,5",5,10,0,30.639,30.662,TRUE,0,0,224,1,,,27.787
postgres,rls_index,17,1-5,"1,2,3,4,5",5,5,30,30.633,30.668,TRUE,1,1,1568,1,,,27.787
postgres,rls_index,18,1-5,"1,2,3,4,5",5,9,30,30.643,30.708,TRUE,0,0,1120,1,,,27.787
postgres,rls_index,19,1-5,"1,2,3,4,5",5,28,30,30.744,30.685,TRUE,1,1,1568,1,,,27.787
postgres,rls_index,20,1-5,"1,2,3,4,5",5,14,30,30.748,30.630,TRUE,0,0,1344,1,,,27.787
postgres,rls_index,21,1-5,"1,2,3,4,5",5,17,30,30.730,30.721,TRUE,0,0,2016,1,,,27.787
postgres,rls_index,22,1-5,"1,2,3,4,5",5,9,0,30.787,30.796,TRUE,0,0,224,1,,,27.787
postgres,sieve,1,1-5,"1,2,3,4,5",5,4,30,30.687,30.681,TRUE,0,0,2912,1,,,3.962
postgres,sieve,2,1-5,"1,2,3,4,5",5,15,0,30.615,30.716,TRUE,0,0,941,1,,,3.962
postgres,sieve,3,1-5,"1,2,3,4,5",5,8,0,30.610,30.627,TRUE,0,0,1344,1,,,3.962
postgres,sieve,4,1-5,"1,2,3,4,5",5,9,30,30.666,30.675,TRUE,0,0,1568,1,,,3.962
postgres,sieve,5,1-5,"1,2,3,4,5",5,12,0,30.730,30.727,TRUE,0,0,1344,1,,,3.962
postgres,sieve,6,1-5,"1,2,3,4,5",5,6,30,30.570,30.709,TRUE,1,1,1568,1,,,3.962
postgres,sieve,7,1-5,"1,2,3,4,5",5,15,0,30.692,30.584,TRUE,0,0,1120,1,,,3.962
postgres,sieve,8,1-5,"1,2,3,4,5",5,15,0,30.623,30.667,TRUE,0,0,1879,1,,,3.962
postgres,sieve,9,1-5,"1,2,3,4,5",5,11,0,30.584,30.709,TRUE,0,0,1344,1,,,3.962
postgres,sieve,10,1-5,"1,2,3,4,5",5,9,0,30.633,30.586,TRUE,0,0,896,1,,,3.962
postgres,sieve,11,1-5,"1,2,3,4,5",5,9,0,30.436,30.643,TRUE,0,0,-224,1,,,3.962
postgres,sieve,12,1-5,"1,2,3,4,5",5,11,0,30.381,30.526,TRUE,0,0,896,1,,,3.962
postgres,sieve,13,1-5,"1,2,3,4,5",5,6,0,30.523,30.715,TRUE,0,0,-314,1,,,3.962
postgres,sieve,14,1-5,"1,2,3,4,5",5,4,30,30.725,30.755,TRUE,1,1,1120,1,,,3.962
postgres,sieve,15,1-5,"1,2,3,4,5",5,8,30,30.626,,UNKNOWN,,,,0,db_error,"ERROR:  relation ""revenue0"" does not exist LINE 1: ... s_address, s_phone, total_revenue from supplier, revenue0 w...                                                              ^",3.962
postgres,sieve,16,1-5,"1,2,3,4,5",5,10,0,30.614,30.652,TRUE,0,0,0,1,,,3.962
postgres,sieve,17,1-5,"1,2,3,4,5",5,5,30,30.518,30.711,TRUE,1,1,1120,1,,,3.962
postgres,sieve,18,1-5,"1,2,3,4,5",5,9,30,30.630,30.696,TRUE,0,0,1120,1,,,3.962
postgres,sieve,19,1-5,"1,2,3,4,5",5,28,30,30.532,30.742,TRUE,1,1,896,1,,,3.962
postgres,sieve,20,1-5,"1,2,3,4,5",5,14,30,30.672,30.629,TRUE,0,0,896,1,,,3.962
postgres,sieve,21,1-5,"1,2,3,4,5",5,17,30,30.640,30.769,TRUE,0,0,1695,1,,,3.962
postgres,sieve,22,1-5,"1,2,3,4,5",5,9,0,30.623,30.746,TRUE,0,0,0,1,,,3.962
postgres,sieve_index,1,1-5,"1,2,3,4,5",5,4,30,30.639,30.739,TRUE,0,0,3136,1,,,27.800
postgres,sieve_index,2,1-5,"1,2,3,4,5",5,15,0,30.739,30.753,TRUE,0,0,941,1,,,27.800
postgres,sieve_index,3,1-5,"1,2,3,4,5",5,8,0,30.682,30.692,TRUE,0,0,1568,1,,,27.800
postgres,sieve_index,4,1-5,"1,2,3,4,5",5,9,30,30.578,30.711,TRUE,0,0,2016,1,,,27.800
postgres,sieve_index,5,1-5,"1,2,3,4,5",5,12,0,30.767,30.692,TRUE,0,0,1792,1,,,27.800
postgres,sieve_index,6,1-5,"1,2,3,4,5",5,6,30,30.727,30.691,TRUE,1,1,2240,1,,,27.800
postgres,sieve_index,7,1-5,"1,2,3,4,5",5,15,0,30.463,30.689,TRUE,0,0,1344,1,,,27.800
postgres,sieve_index,8,1-5,"1,2,3,4,5",5,15,0,30.574,30.684,TRUE,0,0,2147,1,,,27.800
postgres,sieve_index,9,1-5,"1,2,3,4,5",5,11,0,30.639,30.753,TRUE,0,0,1251,1,,,27.800
postgres,sieve_index,10,1-5,"1,2,3,4,5",5,9,0,30.640,30.641,TRUE,0,0,1344,1,,,27.800
postgres,sieve_index,11,1-5,"1,2,3,4,5",5,9,0,30.716,30.662,TRUE,0,0,0,1,,,27.800
postgres,sieve_index,12,1-5,"1,2,3,4,5",5,11,0,30.706,30.631,TRUE,0,0,1792,1,,,27.800
postgres,sieve_index,13,1-5,"1,2,3,4,5",5,6,0,30.698,30.692,TRUE,0,0,0,1,,,27.800
postgres,sieve_index,14,1-5,"1,2,3,4,5",5,4,30,30.656,30.702,TRUE,1,1,1568,1,,,27.800
postgres,sieve_index,15,1-5,"1,2,3,4,5",5,8,30,30.763,,UNKNOWN,,,,0,db_error,"ERROR:  relation ""revenue0"" does not exist LINE 1: ... s_address, s_phone, total_revenue from supplier, revenue0 w...                                                              ^",27.800
postgres,sieve_index,16,1-5,"1,2,3,4,5",5,10,0,30.449,30.621,TRUE,0,0,0,1,,,27.800
postgres,sieve_index,17,1-5,"1,2,3,4,5",5,5,30,30.631,30.720,TRUE,1,1,1120,1,,,27.800
postgres,sieve_index,18,1-5,"1,2,3,4,5",5,9,30,30.558,30.760,TRUE,0,0,1120,1,,,27.800
postgres,sieve_index,19,1-5,"1,2,3,4,5",5,28,30,30.496,30.497,TRUE,1,1,1120,1,,,27.800
postgres,sieve_index,20,1-5,"1,2,3,4,5",5,14,30,30.547,30.701,TRUE,0,0,1568,1,,,27.800
postgres,sieve_index,21,1-5,"1,2,3,4,5",5,17,30,30.527,30.730,TRUE,0,0,2114,1,,,27.800
postgres,sieve_index,22,1-5,"1,2,3,4,5",5,9,0,30.616,30.675,TRUE,0,0,-672,1,,,27.800
postgres,ours,1,1-5,"1,2,3,4,5",5,4,30,30.673,30.804,TRUE,0,0,10752,1,,,3.230
postgres,ours,2,1-5,"1,2,3,4,5",5,15,0,30.695,30.797,TRUE,0,0,8109,1,,,3.230
postgres,ours,3,1-5,"1,2,3,4,5",5,8,0,30.426,30.736,TRUE,0,0,8691,1,,,3.230
postgres,ours,4,1-5,"1,2,3,4,5",5,9,30,30.676,30.796,TRUE,0,0,9632,1,,,3.230
postgres,ours,5,1-5,"1,2,3,4,5",5,12,0,30.652,30.786,TRUE,0,0,8467,1,,,3.230
postgres,ours,6,1-5,"1,2,3,4,5",5,6,30,30.648,30.716,TRUE,1,1,9408,1,,,3.230
postgres,ours,7,1-5,"1,2,3,4,5",5,15,0,30.609,30.757,TRUE,0,0,8646,1,,,3.230
postgres,ours,8,1-5,"1,2,3,4,5",5,15,0,30.774,30.836,TRUE,0,0,9184,1,,,3.230
postgres,ours,9,1-5,"1,2,3,4,5",5,11,0,30.596,30.794,TRUE,0,0,8512,1,,,3.230
postgres,ours,10,1-5,"1,2,3,4,5",5,9,0,30.854,30.799,TRUE,0,0,8512,1,,,3.230
postgres,ours,11,1-5,"1,2,3,4,5",5,9,0,30.644,30.759,TRUE,0,0,7347,1,,,3.230
postgres,ours,12,1-5,"1,2,3,4,5",5,11,0,30.659,30.771,TRUE,0,0,9856,1,,,3.230
postgres,ours,13,1-5,"1,2,3,4,5",5,6,0,30.902,30.812,TRUE,0,0,7347,1,,,3.230
postgres,ours,14,1-5,"1,2,3,4,5",5,4,30,30.745,30.805,TRUE,1,1,8512,1,,,3.230
postgres,ours,15,1-5,"1,2,3,4,5",5,8,30,30.820,,UNKNOWN,,,,0,db_error,"ERROR:  relation ""revenue0"" does not exist LINE 1: ... s_address, s_phone, total_revenue from supplier, revenue0 w...                                                              ^",3.230
postgres,ours,16,1-5,"1,2,3,4,5",5,10,0,30.848,30.875,TRUE,0,0,7436,1,,,3.230
postgres,ours,17,1-5,"1,2,3,4,5",5,5,30,30.634,30.832,TRUE,1,1,8960,1,,,3.230
postgres,ours,18,1-5,"1,2,3,4,5",5,9,30,30.847,30.821,TRUE,0,0,8512,1,,,3.230
postgres,ours,19,1-5,"1,2,3,4,5",5,28,30,30.725,30.770,TRUE,1,1,8288,1,,,3.230
postgres,ours,20,1-5,"1,2,3,4,5",5,14,30,30.702,30.841,TRUE,0,0,7616,1,,,3.230
postgres,ours,21,1-5,"1,2,3,4,5",5,17,30,30.749,30.789,TRUE,0,0,9408,1,,,3.230
postgres,ours,22,1-5,"1,2,3,4,5",5,9,0,30.683,30.779,TRUE,0,0,6899,1,,,3.230
postgres,no_policy,1,1-10,"1,2,3,4,5,6,7,8,9,10",10,4,30,30.466,30.686,TRUE,0,0,0,1,,,0.000
postgres,no_policy,2,1-10,"1,2,3,4,5,6,7,8,9,10",10,15,0,30.614,30.718,TRUE,0,0,0,1,,,0.000
postgres,no_policy,3,1-10,"1,2,3,4,5,6,7,8,9,10",10,8,27,30.532,30.668,TRUE,0,0,0,1,,,0.000
postgres,no_policy,4,1-10,"1,2,3,4,5,6,7,8,9,10",10,9,30,30.647,30.657,TRUE,0,0,0,1,,,0.000
postgres,no_policy,5,1-10,"1,2,3,4,5,6,7,8,9,10",10,12,27,30.569,30.688,TRUE,0,0,0,1,,,0.000
postgres,no_policy,6,1-10,"1,2,3,4,5,6,7,8,9,10",10,6,30,30.755,30.670,TRUE,1,1,0,1,,,0.000
postgres,no_policy,7,1-10,"1,2,3,4,5,6,7,8,9,10",10,15,0,30.598,30.660,TRUE,0,0,0,1,,,0.000
postgres,no_policy,8,1-10,"1,2,3,4,5,6,7,8,9,10",10,15,0,30.407,30.609,TRUE,0,0,0,1,,,0.000
postgres,no_policy,9,1-10,"1,2,3,4,5,6,7,8,9,10",10,11,0,30.649,30.681,TRUE,0,0,0,1,,,0.000
postgres,no_policy,10,1-10,"1,2,3,4,5,6,7,8,9,10",10,9,27,30.596,30.625,TRUE,0,0,0,1,,,0.000
postgres,no_policy,11,1-10,"1,2,3,4,5,6,7,8,9,10",10,9,0,30.724,30.637,TRUE,0,0,0,1,,,0.000
postgres,no_policy,12,1-10,"1,2,3,4,5,6,7,8,9,10",10,11,0,30.418,30.718,TRUE,0,0,0,1,,,0.000
postgres,no_policy,13,1-10,"1,2,3,4,5,6,7,8,9,10",10,6,27,30.584,30.716,TRUE,0,0,0,1,,,0.000
postgres,no_policy,14,1-10,"1,2,3,4,5,6,7,8,9,10",10,4,30,30.614,30.677,TRUE,1,1,0,1,,,0.000
postgres,no_policy,15,1-10,"1,2,3,4,5,6,7,8,9,10",10,8,30,30.404,,UNKNOWN,,,,0,db_error,"ERROR:  relation ""revenue0"" does not exist LINE 1: ... s_address, s_phone, total_revenue from supplier, revenue0 w...                                                              ^",0.000
postgres,no_policy,16,1-10,"1,2,3,4,5,6,7,8,9,10",10,10,0,30.648,30.782,TRUE,0,0,0,1,,,0.000
postgres,no_policy,17,1-10,"1,2,3,4,5,6,7,8,9,10",10,5,30,30.706,30.734,TRUE,1,1,0,1,,,0.000
postgres,no_policy,18,1-10,"1,2,3,4,5,6,7,8,9,10",10,9,57,30.728,30.710,TRUE,0,0,0,1,,,0.000
postgres,no_policy,19,1-10,"1,2,3,4,5,6,7,8,9,10",10,28,30,30.350,30.582,TRUE,1,1,0,1,,,0.000
postgres,no_policy,20,1-10,"1,2,3,4,5,6,7,8,9,10",10,14,30,30.410,30.668,TRUE,0,0,0,1,,,0.000
postgres,no_policy,21,1-10,"1,2,3,4,5,6,7,8,9,10",10,17,30,30.534,30.761,TRUE,0,0,0,1,,,0.000
postgres,no_policy,22,1-10,"1,2,3,4,5,6,7,8,9,10",10,9,27,30.462,30.669,TRUE,0,0,0,1,,,0.000
postgres,view_based,1,1-10,"1,2,3,4,5,6,7,8,9,10",10,4,30,30.459,30.696,TRUE,0,0,762,1,,,7.881
postgres,view_based,2,1-10,"1,2,3,4,5,6,7,8,9,10",10,15,0,30.465,30.678,TRUE,0,0,448,1,,,7.881
postgres,view_based,3,1-10,"1,2,3,4,5,6,7,8,9,10",10,8,27,30.598,30.719,TRUE,0,0,1523,1,,,7.881
postgres,view_based,4,1-10,"1,2,3,4,5,6,7,8,9,10",10,9,30,30.490,30.696,TRUE,0,0,1344,1,,,7.881
postgres,view_based,5,1-10,"1,2,3,4,5,6,7,8,9,10",10,12,27,30.534,30.606,TRUE,0,0,499,1,,,7.881
postgres,view_based,6,1-10,"1,2,3,4,5,6,7,8,9,10",10,6,30,30.725,30.667,TRUE,1,1,1568,1,,,7.881
postgres,view_based,7,1-10,"1,2,3,4,5,6,7,8,9,10",10,15,0,30.482,30.760,TRUE,0,0,1063,1,,,7.881
postgres,view_based,8,1-10,"1,2,3,4,5,6,7,8,9,10",10,15,0,30.473,30.659,TRUE,0,0,1047,1,,,7.881
postgres,view_based,9,1-10,"1,2,3,4,5,6,7,8,9,10",10,11,0,30.759,30.639,TRUE,0,0,1120,1,,,7.881
postgres,view_based,10,1-10,"1,2,3,4,5,6,7,8,9,10",10,9,27,30.502,30.720,TRUE,0,0,896,1,,,7.881
postgres,view_based,11,1-10,"1,2,3,4,5,6,7,8,9,10",10,9,0,30.463,30.641,TRUE,0,0,0,1,,,7.881
postgres,view_based,12,1-10,"1,2,3,4,5,6,7,8,9,10",10,11,0,30.438,30.568,TRUE,0,0,1120,1,,,7.881
postgres,view_based,13,1-10,"1,2,3,4,5,6,7,8,9,10",10,6,27,30.666,30.705,TRUE,0,0,2240,1,,,7.881
postgres,view_based,14,1-10,"1,2,3,4,5,6,7,8,9,10",10,4,30,30.721,30.807,TRUE,1,1,1120,1,,,7.881
postgres,view_based,15,1-10,"1,2,3,4,5,6,7,8,9,10",10,8,30,30.443,,UNKNOWN,,,,0,db_error,"ERROR:  relation ""revenue0"" does not exist LINE 1: ... s_address, s_phone, total_revenue from supplier, revenue0 w...                                                              ^",7.881
postgres,view_based,16,1-10,"1,2,3,4,5,6,7,8,9,10",10,10,0,30.470,30.674,TRUE,0,0,0,1,,,7.881
postgres,view_based,17,1-10,"1,2,3,4,5,6,7,8,9,10",10,5,30,30.730,30.706,TRUE,1,1,1344,1,,,7.881
postgres,view_based,18,1-10,"1,2,3,4,5,6,7,8,9,10",10,9,57,30.474,30.705,TRUE,0,0,1120,1,,,7.881
postgres,view_based,19,1-10,"1,2,3,4,5,6,7,8,9,10",10,28,30,30.726,30.844,TRUE,1,1,1120,1,,,7.881
postgres,view_based,20,1-10,"1,2,3,4,5,6,7,8,9,10",10,14,30,30.498,30.700,TRUE,0,0,896,1,,,7.881
postgres,view_based,21,1-10,"1,2,3,4,5,6,7,8,9,10",10,17,30,30.542,30.677,TRUE,0,0,1495,1,,,7.881
postgres,view_based,22,1-10,"1,2,3,4,5,6,7,8,9,10",10,9,27,30.467,30.715,TRUE,0,0,1792,1,,,7.881
postgres,rls,1,1-10,"1,2,3,4,5,6,7,8,9,10",10,4,30,30.513,30.731,TRUE,0,0,986,1,,,0.000
postgres,rls,2,1-10,"1,2,3,4,5,6,7,8,9,10",10,15,0,30.507,30.689,TRUE,0,0,224,1,,,0.000
postgres,rls,3,1-10,"1,2,3,4,5,6,7,8,9,10",10,8,27,30.715,30.644,TRUE,0,0,1120,1,,,0.000
postgres,rls,4,1-10,"1,2,3,4,5,6,7,8,9,10",10,9,30,30.682,30.683,TRUE,0,0,1344,1,,,0.000
postgres,rls,5,1-10,"1,2,3,4,5,6,7,8,9,10",10,12,27,30.553,30.688,TRUE,0,0,1120,1,,,0.000
postgres,rls,6,1-10,"1,2,3,4,5,6,7,8,9,10",10,6,30,30.651,30.664,TRUE,1,1,1568,1,,,0.000
postgres,rls,7,1-10,"1,2,3,4,5,6,7,8,9,10",10,15,0,30.518,30.759,TRUE,0,0,896,1,,,0.000
postgres,rls,8,1-10,"1,2,3,4,5,6,7,8,9,10",10,15,0,30.785,30.689,TRUE,0,0,1344,1,,,0.000
postgres,rls,9,1-10,"1,2,3,4,5,6,7,8,9,10",10,11,0,30.684,30.646,TRUE,0,0,896,1,,,0.000
postgres,rls,10,1-10,"1,2,3,4,5,6,7,8,9,10",10,9,27,30.742,30.614,TRUE,0,0,1344,1,,,0.000
postgres,rls,11,1-10,"1,2,3,4,5,6,7,8,9,10",10,9,0,30.631,30.692,TRUE,0,0,224,1,,,0.000
postgres,rls,12,1-10,"1,2,3,4,5,6,7,8,9,10",10,11,0,30.545,30.721,TRUE,0,0,1344,1,,,0.000
postgres,rls,13,1-10,"1,2,3,4,5,6,7,8,9,10",10,6,27,30.400,30.742,TRUE,0,0,1747,1,,,0.000
postgres,rls,14,1-10,"1,2,3,4,5,6,7,8,9,10",10,4,30,30.480,30.759,TRUE,1,1,1120,1,,,0.000
postgres,rls,15,1-10,"1,2,3,4,5,6,7,8,9,10",10,8,30,30.668,,UNKNOWN,,,,0,db_error,"ERROR:  relation ""revenue0"" does not exist LINE 1: ... s_address, s_phone, total_revenue from supplier, revenue0 w...                                                              ^",0.000
postgres,rls,16,1-10,"1,2,3,4,5,6,7,8,9,10",10,10,0,30.726,30.763,TRUE,0,0,224,1,,,0.000
postgres,rls,17,1-10,"1,2,3,4,5,6,7,8,9,10",10,5,30,30.723,30.701,TRUE,1,1,1120,1,,,0.000
postgres,rls,18,1-10,"1,2,3,4,5,6,7,8,9,10",10,9,57,30.702,30.800,TRUE,0,0,1120,1,,,0.000
postgres,rls,19,1-10,"1,2,3,4,5,6,7,8,9,10",10,28,30,30.572,30.671,TRUE,1,1,448,1,,,0.000
postgres,rls,20,1-10,"1,2,3,4,5,6,7,8,9,10",10,14,30,30.615,30.638,TRUE,0,0,1120,1,,,0.000
postgres,rls,21,1-10,"1,2,3,4,5,6,7,8,9,10",10,17,30,30.438,30.504,TRUE,0,0,1568,1,,,0.000
postgres,rls,22,1-10,"1,2,3,4,5,6,7,8,9,10",10,9,27,30.536,30.659,TRUE,0,0,1568,1,,,0.000
postgres,rls_index,1,1-10,"1,2,3,4,5,6,7,8,9,10",10,4,30,30.780,30.710,TRUE,0,0,1658,1,,,41.982
postgres,rls_index,2,1-10,"1,2,3,4,5,6,7,8,9,10",10,15,0,30.517,30.737,TRUE,0,0,448,1,,,41.982
postgres,rls_index,3,1-10,"1,2,3,4,5,6,7,8,9,10",10,8,27,30.748,30.689,TRUE,0,0,1568,1,,,41.982
postgres,rls_index,4,1-10,"1,2,3,4,5,6,7,8,9,10",10,9,30,30.529,30.615,TRUE,0,0,1792,1,,,41.982
postgres,rls_index,5,1-10,"1,2,3,4,5,6,7,8,9,10",10,12,27,30.565,30.595,TRUE,0,0,1435,1,,,41.982
postgres,rls_index,6,1-10,"1,2,3,4,5,6,7,8,9,10",10,6,30,30.443,30.718,TRUE,1,1,2016,1,,,41.982
postgres,rls_index,7,1-10,"1,2,3,4,5,6,7,8,9,10",10,15,0,30.493,30.559,TRUE,0,0,1568,1,,,41.982
postgres,rls_index,8,1-10,"1,2,3,4,5,6,7,8,9,10",10,15,0,30.651,30.625,TRUE,0,0,1895,1,,,41.982
postgres,rls_index,9,1-10,"1,2,3,4,5,6,7,8,9,10",10,11,0,30.711,30.630,TRUE,0,0,1120,1,,,41.982
postgres,rls_index,10,1-10,"1,2,3,4,5,6,7,8,9,10",10,9,27,30.708,30.661,TRUE,0,0,1344,1,,,41.982
postgres,rls_index,11,1-10,"1,2,3,4,5,6,7,8,9,10",10,9,0,30.716,30.668,TRUE,0,0,224,1,,,41.982
postgres,rls_index,12,1-10,"1,2,3,4,5,6,7,8,9,10",10,11,0,30.621,30.715,TRUE,0,0,1568,1,,,41.982
postgres,rls_index,13,1-10,"1,2,3,4,5,6,7,8,9,10",10,6,27,30.626,30.701,TRUE,0,0,2688,1,,,41.982
postgres,rls_index,14,1-10,"1,2,3,4,5,6,7,8,9,10",10,4,30,30.683,30.667,TRUE,1,1,1792,1,,,41.982
postgres,rls_index,15,1-10,"1,2,3,4,5,6,7,8,9,10",10,8,30,30.589,,UNKNOWN,,,,0,db_error,"ERROR:  relation ""revenue0"" does not exist LINE 1: ... s_address, s_phone, total_revenue from supplier, revenue0 w...                                                              ^",41.982
postgres,rls_index,16,1-10,"1,2,3,4,5,6,7,8,9,10",10,10,0,30.603,30.754,TRUE,0,0,448,1,,,41.982
postgres,rls_index,17,1-10,"1,2,3,4,5,6,7,8,9,10",10,5,30,30.686,30.756,TRUE,1,1,1792,1,,,41.982
postgres,rls_index,18,1-10,"1,2,3,4,5,6,7,8,9,10",10,9,57,30.623,30.675,TRUE,0,0,1792,1,,,41.982
postgres,rls_index,19,1-10,"1,2,3,4,5,6,7,8,9,10",10,28,30,30.680,30.716,TRUE,1,1,1344,1,,,41.982
postgres,rls_index,20,1-10,"1,2,3,4,5,6,7,8,9,10",10,14,30,30.651,30.678,TRUE,0,0,1344,1,,,41.982
postgres,rls_index,21,1-10,"1,2,3,4,5,6,7,8,9,10",10,17,30,30.718,30.677,TRUE,0,0,2240,1,,,41.982
postgres,rls_index,22,1-10,"1,2,3,4,5,6,7,8,9,10",10,9,27,30.752,30.702,TRUE,0,0,2464,1,,,41.982
postgres,sieve,1,1-10,"1,2,3,4,5,6,7,8,9,10",10,4,30,30.621,30.701,TRUE,0,0,986,1,,,6.632
postgres,sieve,2,1-10,"1,2,3,4,5,6,7,8,9,10",10,15,0,30.546,30.730,TRUE,0,0,179,1,,,6.632
postgres,sieve,3,1-10,"1,2,3,4,5,6,7,8,9,10",10,8,27,30.425,30.621,TRUE,0,0,1075,1,,,6.632
postgres,sieve,4,1-10,"1,2,3,4,5,6,7,8,9,10",10,9,30,30.547,30.700,TRUE,0,0,672,1,,,6.632
postgres,sieve,5,1-10,"1,2,3,4,5,6,7,8,9,10",10,12,27,30.543,30.674,TRUE,0,0,1120,1,,,6.632
postgres,sieve,6,1-10,"1,2,3,4,5,6,7,8,9,10",10,6,30,30.340,30.506,TRUE,1,1,1568,1,,,6.632
postgres,sieve,7,1-10,"1,2,3,4,5,6,7,8,9,10",10,15,0,30.434,30.677,TRUE,0,0,1043,1,,,6.632
postgres,sieve,8,1-10,"1,2,3,4,5,6,7,8,9,10",10,15,0,30.632,30.605,TRUE,0,0,1675,1,,,6.632
postgres,sieve,9,1-10,"1,2,3,4,5,6,7,8,9,10",10,11,0,30.545,30.712,TRUE,0,0,1120,1,,,6.632
postgres,sieve,10,1-10,"1,2,3,4,5,6,7,8,9,10",10,9,27,30.500,30.694,TRUE,0,0,1344,1,,,6.632
postgres,sieve,11,1-10,"1,2,3,4,5,6,7,8,9,10",10,9,0,30.750,30.784,TRUE,0,0,224,1,,,6.632
postgres,sieve,12,1-10,"1,2,3,4,5,6,7,8,9,10",10,11,0,30.595,30.689,TRUE,0,0,1344,1,,,6.632
postgres,sieve,13,1-10,"1,2,3,4,5,6,7,8,9,10",10,6,27,30.544,30.651,TRUE,0,0,1971,1,,,6.632
postgres,sieve,14,1-10,"1,2,3,4,5,6,7,8,9,10",10,4,30,30.541,30.681,TRUE,1,1,1120,1,,,6.632
postgres,sieve,15,1-10,"1,2,3,4,5,6,7,8,9,10",10,8,30,30.607,,UNKNOWN,,,,0,db_error,"ERROR:  relation ""revenue0"" does not exist LINE 1: ... s_address, s_phone, total_revenue from supplier, revenue0 w...                                                              ^",6.632
postgres,sieve,16,1-10,"1,2,3,4,5,6,7,8,9,10",10,10,0,30.527,30.796,TRUE,0,0,0,1,,,6.632
postgres,sieve,17,1-10,"1,2,3,4,5,6,7,8,9,10",10,5,30,30.486,30.637,TRUE,1,1,1120,1,,,6.632
postgres,sieve,18,1-10,"1,2,3,4,5,6,7,8,9,10",10,9,57,30.546,30.703,TRUE,0,0,896,1,,,6.632
postgres,sieve,19,1-10,"1,2,3,4,5,6,7,8,9,10",10,28,30,30.673,30.737,TRUE,1,1,1120,1,,,6.632
postgres,sieve,20,1-10,"1,2,3,4,5,6,7,8,9,10",10,14,30,30.377,30.693,TRUE,0,0,1120,1,,,6.632
postgres,sieve,21,1-10,"1,2,3,4,5,6,7,8,9,10",10,17,30,30.723,30.718,TRUE,0,0,1931,1,,,6.632
postgres,sieve,22,1-10,"1,2,3,4,5,6,7,8,9,10",10,9,27,30.418,30.736,TRUE,0,0,1344,1,,,6.632
postgres,sieve_index,1,1-10,"1,2,3,4,5,6,7,8,9,10",10,4,30,30.462,30.674,TRUE,0,0,986,1,,,48.737
postgres,sieve_index,2,1-10,"1,2,3,4,5,6,7,8,9,10",10,15,0,30.628,30.682,TRUE,0,0,224,1,,,48.737
postgres,sieve_index,3,1-10,"1,2,3,4,5,6,7,8,9,10",10,8,27,30.485,30.665,TRUE,0,0,1344,1,,,48.737
postgres,sieve_index,4,1-10,"1,2,3,4,5,6,7,8,9,10",10,9,30,30.640,30.744,TRUE,0,0,1792,1,,,48.737
postgres,sieve_index,5,1-10,"1,2,3,4,5,6,7,8,9,10",10,12,27,30.608,30.728,TRUE,0,0,1362,1,,,48.737
postgres,sieve_index,6,1-10,"1,2,3,4,5,6,7,8,9,10",10,6,30,30.881,30.605,TRUE,1,1,2016,1,,,48.737
postgres,sieve_index,7,1-10,"1,2,3,4,5,6,7,8,9,10",10,15,0,30.598,30.655,TRUE,0,0,1235,1,,,48.737
postgres,sieve_index,8,1-10,"1,2,3,4,5,6,7,8,9,10",10,15,0,30.560,30.684,TRUE,0,0,1786,1,,,48.737
postgres,sieve_index,9,1-10,"1,2,3,4,5,6,7,8,9,10",10,11,0,30.559,30.703,TRUE,0,0,1515,1,,,48.737
postgres,sieve_index,10,1-10,"1,2,3,4,5,6,7,8,9,10",10,9,27,30.646,30.652,TRUE,0,0,1971,1,,,48.737
postgres,sieve_index,11,1-10,"1,2,3,4,5,6,7,8,9,10",10,9,0,30.553,30.522,TRUE,0,0,224,1,,,48.737
postgres,sieve_index,12,1-10,"1,2,3,4,5,6,7,8,9,10",10,11,0,30.413,30.616,TRUE,0,0,1344,1,,,48.737
postgres,sieve_index,13,1-10,"1,2,3,4,5,6,7,8,9,10",10,6,27,30.618,30.574,TRUE,0,0,2688,1,,,48.737
postgres,sieve_index,14,1-10,"1,2,3,4,5,6,7,8,9,10",10,4,30,30.981,30.702,TRUE,1,1,672,1,,,48.737
postgres,sieve_index,15,1-10,"1,2,3,4,5,6,7,8,9,10",10,8,30,30.713,,UNKNOWN,,,,0,db_error,"ERROR:  relation ""revenue0"" does not exist LINE 1: ... s_address, s_phone, total_revenue from supplier, revenue0 w...                                                              ^",48.737
postgres,sieve_index,16,1-10,"1,2,3,4,5,6,7,8,9,10",10,10,0,30.518,30.761,TRUE,0,0,0,1,,,48.737
postgres,sieve_index,17,1-10,"1,2,3,4,5,6,7,8,9,10",10,5,30,30.536,30.771,TRUE,1,1,896,1,,,48.737
postgres,sieve_index,18,1-10,"1,2,3,4,5,6,7,8,9,10",10,9,57,30.702,30.951,TRUE,0,0,1915,1,,,48.737
postgres,sieve_index,19,1-10,"1,2,3,4,5,6,7,8,9,10",10,28,30,30.747,30.861,TRUE,1,1,1120,1,,,48.737
postgres,sieve_index,20,1-10,"1,2,3,4,5,6,7,8,9,10",10,14,30,30.538,30.793,TRUE,0,0,1120,1,,,48.737
postgres,sieve_index,21,1-10,"1,2,3,4,5,6,7,8,9,10",10,17,30,30.592,30.747,TRUE,0,0,2066,1,,,48.737
postgres,sieve_index,22,1-10,"1,2,3,4,5,6,7,8,9,10",10,9,27,30.629,30.803,TRUE,0,0,2464,1,,,48.737
postgres,ours,1,1-10,"1,2,3,4,5,6,7,8,9,10",10,4,30,30.787,30.927,TRUE,0,0,8378,1,,,3.941
postgres,ours,2,1-10,"1,2,3,4,5,6,7,8,9,10",10,15,0,30.712,30.835,TRUE,0,0,7616,1,,,3.941
postgres,ours,3,1-10,"1,2,3,4,5,6,7,8,9,10",10,8,27,31.082,31.059,TRUE,0,0,8736,1,,,3.941
postgres,ours,4,1-10,"1,2,3,4,5,6,7,8,9,10",10,9,30,30.892,30.817,TRUE,0,0,9856,1,,,3.941
postgres,ours,5,1-10,"1,2,3,4,5,6,7,8,9,10",10,12,27,30.803,30.718,TRUE,0,0,8467,1,,,3.941
postgres,ours,6,1-10,"1,2,3,4,5,6,7,8,9,10",10,6,30,31.135,30.973,TRUE,1,1,9632,1,,,3.941
postgres,ours,7,1-10,"1,2,3,4,5,6,7,8,9,10",10,15,0,30.685,30.756,TRUE,0,0,8332,1,,,3.941
postgres,ours,8,1-10,"1,2,3,4,5,6,7,8,9,10",10,15,0,30.757,31.467,TRUE,0,0,8646,1,,,3.941
postgres,ours,9,1-10,"1,2,3,4,5,6,7,8,9,10",10,11,0,30.754,31.139,TRUE,0,0,8691,1,,,3.941
postgres,ours,10,1-10,"1,2,3,4,5,6,7,8,9,10",10,9,27,30.555,31.334,TRUE,0,0,8691,1,,,3.941
postgres,ours,11,1-10,"1,2,3,4,5,6,7,8,9,10",10,9,0,30.637,30.851,TRUE,0,0,7347,1,,,3.941
postgres,ours,12,1-10,"1,2,3,4,5,6,7,8,9,10",10,11,0,30.660,30.946,TRUE,0,0,9408,1,,,3.941
postgres,ours,13,1-10,"1,2,3,4,5,6,7,8,9,10",10,6,27,30.684,30.849,TRUE,0,0,9632,1,,,3.941
postgres,ours,14,1-10,"1,2,3,4,5,6,7,8,9,10",10,4,30,30.767,30.878,TRUE,1,1,8064,1,,,3.941
postgres,ours,15,1-10,"1,2,3,4,5,6,7,8,9,10",10,8,30,30.958,,UNKNOWN,,,,0,db_error,"ERROR:  relation ""revenue0"" does not exist LINE 1: ... s_address, s_phone, total_revenue from supplier, revenue0 w...                                                              ^",3.941
postgres,ours,16,1-10,"1,2,3,4,5,6,7,8,9,10",10,10,0,30.661,31.045,TRUE,0,0,6944,1,,,3.941
postgres,ours,17,1-10,"1,2,3,4,5,6,7,8,9,10",10,5,30,30.686,30.860,TRUE,1,1,8736,1,,,3.941
postgres,ours,18,1-10,"1,2,3,4,5,6,7,8,9,10",10,9,57,30.968,30.891,TRUE,0,0,8288,1,,,3.941
postgres,ours,19,1-10,"1,2,3,4,5,6,7,8,9,10",10,28,30,30.452,30.802,TRUE,1,1,8288,1,,,3.941
postgres,ours,20,1-10,"1,2,3,4,5,6,7,8,9,10",10,14,30,30.874,30.789,TRUE,0,0,8288,1,,,3.941
postgres,ours,21,1-10,"1,2,3,4,5,6,7,8,9,10",10,17,30,30.764,30.918,TRUE,0,0,9184,1,,,3.941
postgres,ours,22,1-10,"1,2,3,4,5,6,7,8,9,10",10,9,27,30.612,30.808,TRUE,0,0,9632,1,,,3.941
postgres,no_policy,1,11-15,"11,12,13,14,15",5,4,11,30.531,30.739,TRUE,0,0,0,1,,,0.000
postgres,no_policy,2,11-15,"11,12,13,14,15",5,15,0,30.991,30.602,TRUE,0,0,0,1,,,0.000
postgres,no_policy,3,11-15,"11,12,13,14,15",5,8,23,30.493,31.127,TRUE,0,0,0,1,,,0.000
postgres,no_policy,4,11-15,"11,12,13,14,15",5,9,34,31.179,30.782,TRUE,0,0,0,1,,,0.000
postgres,no_policy,5,11-15,"11,12,13,14,15",5,12,23,30.613,30.755,TRUE,0,0,0,1,,,0.000
postgres,no_policy,6,11-15,"11,12,13,14,15",5,6,11,30.753,30.845,TRUE,1,1,0,1,,,0.000
postgres,no_policy,7,11-15,"11,12,13,14,15",5,15,0,30.694,30.745,TRUE,0,0,0,1,,,0.000
postgres,no_policy,8,11-15,"11,12,13,14,15",5,15,0,30.644,30.858,TRUE,0,0,0,1,,,0.000
postgres,no_policy,9,11-15,"11,12,13,14,15",5,11,0,30.781,30.801,TRUE,0,0,0,1,,,0.000
postgres,no_policy,10,11-15,"11,12,13,14,15",5,9,23,30.836,30.808,TRUE,0,0,0,1,,,0.000
postgres,no_policy,11,11-15,"11,12,13,14,15",5,9,0,30.869,30.802,TRUE,0,0,0,1,,,0.000
postgres,no_policy,12,11-15,"11,12,13,14,15",5,11,34,30.680,30.836,TRUE,0,0,0,1,,,0.000
postgres,no_policy,13,11-15,"11,12,13,14,15",5,6,34,30.547,30.754,TRUE,0,0,0,1,,,0.000
postgres,no_policy,14,11-15,"11,12,13,14,15",5,4,11,30.826,30.800,TRUE,1,1,0,1,,,0.000
postgres,no_policy,15,11-15,"11,12,13,14,15",5,8,11,30.613,,UNKNOWN,,,,0,db_error,"ERROR:  relation ""revenue0"" does not exist LINE 1: ... s_address, s_phone, total_revenue from supplier, revenue0 w...                                                              ^",0.000
postgres,no_policy,16,11-15,"11,12,13,14,15",5,10,0,30.540,30.667,TRUE,0,0,0,1,,,0.000
postgres,no_policy,17,11-15,"11,12,13,14,15",5,5,11,30.454,30.680,TRUE,1,1,0,1,,,0.000
postgres,no_policy,18,11-15,"11,12,13,14,15",5,9,34,30.496,30.672,TRUE,0,0,0,1,,,0.000
postgres,no_policy,19,11-15,"11,12,13,14,15",5,28,11,30.610,30.664,TRUE,1,1,0,1,,,0.000
postgres,no_policy,20,11-15,"11,12,13,14,15",5,14,11,30.622,30.701,TRUE,0,0,0,1,,,0.000
postgres,no_policy,21,11-15,"11,12,13,14,15",5,17,11,30.640,30.679,TRUE,0,0,0,1,,,0.000
postgres,no_policy,22,11-15,"11,12,13,14,15",5,9,34,30.612,30.784,TRUE,0,0,0,1,,,0.000
postgres,view_based,1,11-15,"11,12,13,14,15",5,4,11,30.714,30.765,TRUE,0,0,1120,1,,,4.278
postgres,view_based,2,11-15,"11,12,13,14,15",5,15,0,30.562,30.728,TRUE,0,0,-224,1,,,4.278
postgres,view_based,3,11-15,"11,12,13,14,15",5,8,23,30.604,30.738,TRUE,0,0,1344,1,,,4.278
postgres,view_based,4,11-15,"11,12,13,14,15",5,9,34,30.539,30.764,TRUE,0,0,1568,1,,,4.278
postgres,view_based,5,11-15,"11,12,13,14,15",5,12,23,30.676,30.717,TRUE,0,0,1150,1,,,4.278
postgres,view_based,6,11-15,"11,12,13,14,15",5,6,11,30.473,30.762,TRUE,1,1,2016,1,,,4.278
postgres,view_based,7,11-15,"11,12,13,14,15",5,15,0,30.578,30.724,TRUE,0,0,1285,1,,,4.278
postgres,view_based,8,11-15,"11,12,13,14,15",5,15,0,30.615,30.983,TRUE,0,0,596,1,,,4.278
postgres,view_based,9,11-15,"11,12,13,14,15",5,11,0,30.585,30.639,TRUE,0,0,1151,1,,,4.278
postgres,view_based,10,11-15,"11,12,13,14,15",5,9,23,30.678,30.847,TRUE,0,0,224,1,,,4.278
postgres,view_based,11,11-15,"11,12,13,14,15",5,9,0,30.693,30.824,TRUE,0,0,0,1,,,4.278
postgres,view_based,12,11-15,"11,12,13,14,15",5,11,34,30.655,30.756,TRUE,0,0,1792,1,,,4.278
postgres,view_based,13,11-15,"11,12,13,14,15",5,6,34,30.610,30.809,TRUE,0,0,2240,1,,,4.278
postgres,view_based,14,11-15,"11,12,13,14,15",5,4,11,30.648,30.877,TRUE,1,1,896,1,,,4.278
postgres,view_based,15,11-15,"11,12,13,14,15",5,8,11,30.439,,UNKNOWN,,,,0,db_error,"ERROR:  relation ""revenue0"" does not exist LINE 1: ... s_address, s_phone, total_revenue from supplier, revenue0 w...                                                              ^",4.278
postgres,view_based,16,11-15,"11,12,13,14,15",5,10,0,30.655,30.813,TRUE,0,0,-1720,1,,,4.278
postgres,view_based,17,11-15,"11,12,13,14,15",5,5,11,30.875,30.864,TRUE,1,1,1120,1,,,4.278
postgres,view_based,18,11-15,"11,12,13,14,15",5,9,34,30.922,30.994,TRUE,0,0,1321,1,,,4.278
postgres,view_based,19,11-15,"11,12,13,14,15",5,28,11,30.371,30.888,TRUE,1,1,1344,1,,,4.278
postgres,view_based,20,11-15,"11,12,13,14,15",5,14,11,31.103,31.010,TRUE,0,0,1568,1,,,4.278
postgres,view_based,21,11-15,"11,12,13,14,15",5,17,11,30.644,30.644,TRUE,0,0,3030,1,,,4.278
postgres,view_based,22,11-15,"11,12,13,14,15",5,9,34,30.762,30.755,TRUE,0,0,3360,1,,,4.278
postgres,rls,1,11-15,"11,12,13,14,15",5,4,11,30.627,30.806,TRUE,0,0,3584,1,,,0.000
postgres,rls,2,11-15,"11,12,13,14,15",5,15,0,30.724,30.767,TRUE,0,0,1344,1,,,0.000
postgres,rls,3,11-15,"11,12,13,14,15",5,8,23,30.415,30.619,TRUE,0,0,2327,1,,,0.000
postgres,rls,4,11-15,"11,12,13,14,15",5,9,34,30.639,30.605,TRUE,0,0,3987,1,,,0.000
postgres,rls,5,11-15,"11,12,13,14,15",5,12,23,30.574,30.768,TRUE,0,0,2653,1,,,0.000
postgres,rls,6,11-15,"11,12,13,14,15",5,6,11,30.546,30.669,TRUE,1,1,3808,1,,,0.000
postgres,rls,7,11-15,"11,12,13,14,15",5,15,0,30.644,30.756,TRUE,0,0,1955,1,,,0.000
postgres,rls,8,11-15,"11,12,13,14,15",5,15,0,30.634,30.609,TRUE,0,0,2076,1,,,0.000
postgres,rls,9,11-15,"11,12,13,14,15",5,11,0,30.420,30.632,TRUE,0,0,2232,1,,,0.000
postgres,rls,10,11-15,"11,12,13,14,15",5,9,23,30.890,30.780,TRUE,0,0,2778,1,,,0.000
postgres,rls,11,11-15,"11,12,13,14,15",5,9,0,30.709,30.716,TRUE,0,0,1120,1,,,0.000
postgres,rls,12,11-15,"11,12,13,14,15",5,11,34,30.535,30.735,TRUE,0,0,3719,1,,,0.000
postgres,rls,13,11-15,"11,12,13,14,15",5,6,34,30.725,30.826,TRUE,0,0,3584,1,,,0.000
postgres,rls,14,11-15,"11,12,13,14,15",5,4,11,30.600,30.747,TRUE,1,1,2464,1,,,0.000
postgres,rls,15,11-15,"11,12,13,14,15",5,8,11,30.574,,UNKNOWN,,,,0,db_error,"ERROR:  relation ""revenue0"" does not exist LINE 1: ... s_address, s_phone, total_revenue from supplier, revenue0 w...                                                              ^",0.000
postgres,rls,16,11-15,"11,12,13,14,15",5,10,0,30.600,30.783,TRUE,0,0,968,1,,,0.000
postgres,rls,17,11-15,"11,12,13,14,15",5,5,11,30.785,30.795,TRUE,1,1,3234,1,,,0.000
postgres,rls,18,11-15,"11,12,13,14,15",5,9,34,30.466,30.736,TRUE,0,0,2360,1,,,0.000
postgres,rls,19,11-15,"11,12,13,14,15",5,28,11,30.676,30.809,TRUE,1,1,2464,1,,,0.000
postgres,rls,20,11-15,"11,12,13,14,15",5,14,11,30.785,30.895,TRUE,0,0,3455,1,,,0.000
postgres,rls,21,11-15,"11,12,13,14,15",5,17,11,30.754,30.750,TRUE,0,0,3305,1,,,0.000
postgres,rls,22,11-15,"11,12,13,14,15",5,9,34,30.671,31.055,TRUE,0,0,3405,1,,,0.000
postgres,rls_index,1,11-15,"11,12,13,14,15",5,4,11,30.563,30.755,TRUE,0,0,4795,1,,,52.419
postgres,rls_index,2,11-15,"11,12,13,14,15",5,15,0,30.752,30.825,TRUE,0,0,1792,1,,,52.419
postgres,rls_index,3,11-15,"11,12,13,14,15",5,8,23,30.518,30.770,TRUE,0,0,4678,1,,,52.419
postgres,rls_index,4,11-15,"11,12,13,14,15",5,9,34,30.751,30.754,TRUE,0,0,5050,1,,,52.419
postgres,rls_index,5,11-15,"11,12,13,14,15",5,12,23,30.774,30.798,TRUE,0,0,3934,1,,,52.419
postgres,rls_index,6,11-15,"11,12,13,14,15",5,6,11,30.571,30.755,TRUE,1,1,4700,1,,,52.419
postgres,rls_index,7,11-15,"11,12,13,14,15",5,15,0,30.577,30.767,TRUE,0,0,3845,1,,,52.419
postgres,rls_index,8,11-15,"11,12,13,14,15",5,15,0,30.780,30.769,TRUE,0,0,4046,1,,,52.419
postgres,rls_index,9,11-15,"11,12,13,14,15",5,11,0,30.662,30.820,TRUE,0,0,3719,1,,,52.419
postgres,rls_index,10,11-15,"11,12,13,14,15",5,9,23,30.778,30.853,TRUE,0,0,4457,1,,,52.419
postgres,rls_index,11,11-15,"11,12,13,14,15",5,9,0,30.723,30.772,TRUE,0,0,2016,1,,,52.419
postgres,rls_index,12,11-15,"11,12,13,14,15",5,11,34,30.570,30.684,TRUE,0,0,5180,1,,,52.419
postgres,rls_index,13,11-15,"11,12,13,14,15",5,6,34,30.567,30.730,TRUE,0,0,4917,1,,,52.419
postgres,rls_index,14,11-15,"11,12,13,14,15",5,4,11,30.745,30.708,TRUE,1,1,4032,1,,,52.419
postgres,rls_index,15,11-15,"11,12,13,14,15",5,8,11,30.483,,UNKNOWN,,,,0,db_error,"ERROR:  relation ""revenue0"" does not exist LINE 1: ... s_address, s_phone, total_revenue from supplier, revenue0 w...                                                              ^",52.419
postgres,rls_index,16,11-15,"11,12,13,14,15",5,10,0,30.817,30.826,TRUE,0,0,1640,1,,,52.419
postgres,rls_index,17,11-15,"11,12,13,14,15",5,5,11,30.662,30.820,TRUE,1,1,5169,1,,,52.419
postgres,rls_index,18,11-15,"11,12,13,14,15",5,9,34,30.835,30.748,TRUE,0,0,4300,1,,,52.419
postgres,rls_index,19,11-15,"11,12,13,14,15",5,28,11,30.834,30.797,TRUE,1,1,4256,1,,,52.419
postgres,rls_index,20,11-15,"11,12,13,14,15",5,14,11,30.744,30.820,TRUE,0,0,5043,1,,,52.419
postgres,rls_index,21,11-15,"11,12,13,14,15",5,17,11,30.571,30.846,TRUE,0,0,5827,1,,,52.419
postgres,rls_index,22,11-15,"11,12,13,14,15",5,9,34,30.753,30.752,TRUE,0,0,4596,1,,,52.419
postgres,sieve,1,11-15,"11,12,13,14,15",5,4,11,30.594,30.779,TRUE,0,0,3584,1,,,6.984
postgres,sieve,2,11-15,"11,12,13,14,15",5,15,0,30.793,30.807,TRUE,0,0,1568,1,,,6.984
postgres,sieve,3,11-15,"11,12,13,14,15",5,8,23,30.735,30.755,TRUE,0,0,2829,1,,,6.984
postgres,sieve,4,11-15,"11,12,13,14,15",5,9,34,30.776,30.807,TRUE,0,0,3656,1,,,6.984
postgres,sieve,5,11-15,"11,12,13,14,15",5,12,23,30.687,30.761,TRUE,0,0,2503,1,,,6.984
postgres,sieve,6,11-15,"11,12,13,14,15",5,6,11,30.602,30.825,TRUE,1,1,3360,1,,,6.984
postgres,sieve,7,11-15,"11,12,13,14,15",5,15,0,30.771,30.780,TRUE,0,0,2310,1,,,6.984
postgres,sieve,8,11-15,"11,12,13,14,15",5,15,0,30.556,30.657,TRUE,0,0,2095,1,,,6.984
postgres,sieve,9,11-15,"11,12,13,14,15",5,11,0,30.541,30.780,TRUE,0,0,2256,1,,,6.984
postgres,sieve,10,11-15,"11,12,13,14,15",5,9,23,30.624,30.836,TRUE,0,0,2634,1,,,6.984
postgres,sieve,11,11-15,"11,12,13,14,15",5,9,0,30.565,30.629,TRUE,0,0,1120,1,,,6.984
postgres,sieve,12,11-15,"11,12,13,14,15",5,11,34,30.442,30.584,TRUE,0,0,3164,1,,,6.984
postgres,sieve,13,11-15,"11,12,13,14,15",5,6,34,30.524,30.731,TRUE,0,0,2688,1,,,6.984
postgres,sieve,14,11-15,"11,12,13,14,15",5,4,11,30.697,30.806,TRUE,1,1,2464,1,,,6.984
postgres,sieve,15,11-15,"11,12,13,14,15",5,8,11,30.681,,UNKNOWN,,,,0,db_error,"ERROR:  relation ""revenue0"" does not exist LINE 1: ... s_address, s_phone, total_revenue from supplier, revenue0 w...                                                              ^",6.984
postgres,sieve,16,11-15,"11,12,13,14,15",5,10,0,30.683,30.679,TRUE,0,0,992,1,,,6.984
postgres,sieve,17,11-15,"11,12,13,14,15",5,5,11,30.542,30.709,TRUE,1,1,3221,1,,,6.984
postgres,sieve,18,11-15,"11,12,13,14,15",5,9,34,30.685,30.738,TRUE,0,0,2877,1,,,6.984
postgres,sieve,19,11-15,"11,12,13,14,15",5,28,11,30.763,30.744,TRUE,1,1,1971,1,,,6.984
postgres,sieve,20,11-15,"11,12,13,14,15",5,14,11,30.672,30.749,TRUE,0,0,3360,1,,,6.984
postgres,sieve,21,11-15,"11,12,13,14,15",5,17,11,30.673,30.707,TRUE,0,0,3620,1,,,6.984
postgres,sieve,22,11-15,"11,12,13,14,15",5,9,34,30.774,30.767,TRUE,0,0,2957,1,,,6.984
postgres,sieve_index,1,11-15,"11,12,13,14,15",5,4,11,30.801,30.794,TRUE,0,0,4731,1,,,58.834
postgres,sieve_index,2,11-15,"11,12,13,14,15",5,15,0,30.428,30.736,TRUE,0,0,1792,1,,,58.834
postgres,sieve_index,3,11-15,"11,12,13,14,15",5,8,23,30.760,30.751,TRUE,0,0,3564,1,,,58.834
postgres,sieve_index,4,11-15,"11,12,13,14,15",5,9,34,30.751,30.704,TRUE,0,0,4608,1,,,58.834
postgres,sieve_index,5,11-15,"11,12,13,14,15",5,12,23,30.476,30.576,TRUE,0,0,3332,1,,,58.834
postgres,sieve_index,6,11-15,"11,12,13,14,15",5,6,11,30.630,30.711,TRUE,1,1,5182,1,,,58.834
postgres,sieve_index,7,11-15,"11,12,13,14,15",5,15,0,30.721,30.630,TRUE,0,0,3157,1,,,58.834
postgres,sieve_index,8,11-15,"11,12,13,14,15",5,15,0,30.678,30.652,TRUE,0,0,3359,1,,,58.834
postgres,sieve_index,9,11-15,"11,12,13,14,15",5,11,0,30.740,31.015,TRUE,0,0,2964,1,,,58.834
postgres,sieve_index,10,11-15,"11,12,13,14,15",5,9,23,30.952,31.097,TRUE,0,0,3103,1,,,58.834
postgres,sieve_index,11,11-15,"11,12,13,14,15",5,9,0,30.630,31.057,TRUE,0,0,1120,1,,,58.834
postgres,sieve_index,12,11-15,"11,12,13,14,15",5,11,34,30.385,30.561,TRUE,0,0,3950,1,,,58.834
postgres,sieve_index,13,11-15,"11,12,13,14,15",5,6,34,30.697,30.812,TRUE,0,0,4598,1,,,58.834
postgres,sieve_index,14,11-15,"11,12,13,14,15",5,4,11,30.550,30.697,TRUE,1,1,3878,1,,,58.834
postgres,sieve_index,15,11-15,"11,12,13,14,15",5,8,11,30.757,,UNKNOWN,,,,0,db_error,"ERROR:  relation ""revenue0"" does not exist LINE 1: ... s_address, s_phone, total_revenue from supplier, revenue0 w...                                                              ^",58.834
postgres,sieve_index,16,11-15,"11,12,13,14,15",5,10,0,30.634,30.782,TRUE,0,0,1416,1,,,58.834
postgres,sieve_index,17,11-15,"11,12,13,14,15",5,5,11,30.787,30.855,TRUE,1,1,4419,1,,,58.834
postgres,sieve_index,18,11-15,"11,12,13,14,15",5,9,34,30.824,30.728,TRUE,0,0,4312,1,,,58.834
postgres,sieve_index,19,11-15,"11,12,13,14,15",5,28,11,30.799,30.723,TRUE,1,1,3538,1,,,58.834
postgres,sieve_index,20,11-15,"11,12,13,14,15",5,14,11,30.820,30.861,TRUE,0,0,4422,1,,,58.834
postgres,sieve_index,21,11-15,"11,12,13,14,15",5,17,11,30.728,30.866,TRUE,0,0,6700,1,,,58.834
postgres,sieve_index,22,11-15,"11,12,13,14,15",5,9,34,30.471,30.811,TRUE,0,0,3964,1,,,58.834
postgres,ours,1,11-15,"11,12,13,14,15",5,4,11,30.864,30.999,TRUE,0,0,10259,1,,,6.357
postgres,ours,2,11-15,"11,12,13,14,15",5,15,0,31.020,30.999,TRUE,0,0,8736,1,,,6.357
postgres,ours,3,11-15,"11,12,13,14,15",5,8,23,30.972,31.086,TRUE,0,0,9408,1,,,6.357
postgres,ours,4,11-15,"11,12,13,14,15",5,9,34,30.645,30.896,TRUE,0,0,10528,1,,,6.357
postgres,ours,5,11-15,"11,12,13,14,15",5,12,23,30.712,30.814,TRUE,0,0,9318,1,,,6.357
postgres,ours,6,11-15,"11,12,13,14,15",5,6,11,30.821,30.916,TRUE,1,1,10304,1,,,6.357
postgres,ours,7,11-15,"11,12,13,14,15",5,15,0,30.875,30.970,TRUE,0,0,9856,1,,,6.357
postgres,ours,8,11-15,"11,12,13,14,15",5,15,0,31.050,30.998,TRUE,0,0,9856,1,,,6.357
postgres,ours,9,11-15,"11,12,13,14,15",5,11,0,30.882,31.038,TRUE,0,0,10080,1,,,6.357
postgres,ours,10,11-15,"11,12,13,14,15",5,9,23,30.653,30.863,TRUE,0,0,9318,1,,,6.357
postgres,ours,11,11-15,"11,12,13,14,15",5,9,0,30.649,30.752,TRUE,0,0,8064,1,,,6.357
postgres,ours,12,11-15,"11,12,13,14,15",5,11,34,30.530,30.925,TRUE,0,0,10752,1,,,6.357
postgres,ours,13,11-15,"11,12,13,14,15",5,6,34,30.717,30.913,TRUE,0,0,10304,1,,,6.357
postgres,ours,14,11-15,"11,12,13,14,15",5,4,11,30.896,31.015,TRUE,1,1,9632,1,,,6.357
postgres,ours,15,11-15,"11,12,13,14,15",5,8,11,30.828,,UNKNOWN,,,,0,db_error,"ERROR:  relation ""revenue0"" does not exist LINE 1: ... s_address, s_phone, total_revenue from supplier, revenue0 w...                                                              ^",6.357
postgres,ours,16,11-15,"11,12,13,14,15",5,10,0,30.818,30.925,TRUE,0,0,8360,1,,,6.357
postgres,ours,17,11-15,"11,12,13,14,15",5,5,11,30.709,30.972,TRUE,1,1,10707,1,,,6.357
postgres,ours,18,11-15,"11,12,13,14,15",5,9,34,30.714,30.982,TRUE,0,0,9452,1,,,6.357
postgres,ours,19,11-15,"11,12,13,14,15",5,28,11,30.737,30.986,TRUE,1,1,9184,1,,,6.357
postgres,ours,20,11-15,"11,12,13,14,15",5,14,11,30.789,30.941,TRUE,0,0,10259,1,,,6.357
postgres,ours,21,11-15,"11,12,13,14,15",5,17,11,30.717,30.898,TRUE,0,0,10886,1,,,6.357
postgres,ours,22,11-15,"11,12,13,14,15",5,9,34,30.755,30.831,TRUE,0,0,10797,1,,,6.357
postgres,no_policy,1,11-20,"11,12,13,14,15,16,17,18,19,20",10,4,55,30.352,30.769,TRUE,0,0,0,1,,,0.000
postgres,no_policy,2,11-20,"11,12,13,14,15,16,17,18,19,20",10,15,34,30.728,30.921,TRUE,0,0,0,1,,,0.000
postgres,no_policy,3,11-20,"11,12,13,14,15,16,17,18,19,20",10,8,58,30.457,30.644,TRUE,0,0,0,1,,,0.000
postgres,no_policy,4,11-20,"11,12,13,14,15,16,17,18,19,20",10,9,78,30.581,30.683,TRUE,0,0,0,1,,,0.000
postgres,no_policy,5,11-20,"11,12,13,14,15,16,17,18,19,20",10,12,58,30.430,30.611,TRUE,0,0,0,1,,,0.000
postgres,no_policy,6,11-20,"11,12,13,14,15,16,17,18,19,20",10,6,55,30.643,30.881,TRUE,1,1,0,1,,,0.000
postgres,no_policy,7,11-20,"11,12,13,14,15,16,17,18,19,20",10,15,26,30.597,30.822,TRUE,0,0,0,1,,,0.000
postgres,no_policy,8,11-20,"11,12,13,14,15,16,17,18,19,20",10,15,34,30.596,30.801,TRUE,0,0,0,1,,,0.000
postgres,no_policy,9,11-20,"11,12,13,14,15,16,17,18,19,20",10,11,34,30.890,30.682,TRUE,0,0,0,1,,,0.000
postgres,no_policy,10,11-20,"11,12,13,14,15,16,17,18,19,20",10,9,58,30.484,30.726,TRUE,0,0,0,1,,,0.000
postgres,no_policy,11,11-20,"11,12,13,14,15,16,17,18,19,20",10,9,34,30.774,30.906,TRUE,0,0,0,1,,,0.000
postgres,no_policy,12,11-20,"11,12,13,14,15,16,17,18,19,20",10,11,69,30.776,30.877,TRUE,0,0,0,1,,,0.000
postgres,no_policy,13,11-20,"11,12,13,14,15,16,17,18,19,20",10,6,69,30.638,30.832,TRUE,0,0,0,1,,,0.000
postgres,no_policy,14,11-20,"11,12,13,14,15,16,17,18,19,20",10,4,55,30.494,30.877,TRUE,1,1,0,1,,,0.000
postgres,no_policy,15,11-20,"11,12,13,14,15,16,17,18,19,20",10,8,72,30.376,,UNKNOWN,,,,0,db_error,"ERROR:  relation ""revenue0"" does not exist LINE 1: ... s_address, s_phone, total_revenue from supplier, revenue0 w...                                                              ^",0.000
postgres,no_policy,16,11-20,"11,12,13,14,15,16,17,18,19,20",10,10,43,30.614,30.806,TRUE,0,0,0,1,,,0.000
postgres,no_policy,17,11-20,"11,12,13,14,15,16,17,18,19,20",10,5,55,30.800,30.909,TRUE,1,1,0,1,,,0.000
postgres,no_policy,18,11-20,"11,12,13,14,15,16,17,18,19,20",10,9,78,30.848,30.931,TRUE,0,0,0,1,,,0.000
postgres,no_policy,19,11-20,"11,12,13,14,15,16,17,18,19,20",10,28,55,30.730,30.730,TRUE,1,1,0,1,,,0.000
postgres,no_policy,20,11-20,"11,12,13,14,15,16,17,18,19,20",10,14,72,30.515,30.778,TRUE,0,0,0,1,,,0.000
postgres,no_policy,21,11-20,"11,12,13,14,15,16,17,18,19,20",10,17,72,30.709,30.742,TRUE,0,0,0,1,,,0.000
postgres,no_policy,22,11-20,"11,12,13,14,15,16,17,18,19,20",10,9,69,30.669,30.853,TRUE,0,0,0,1,,,0.000
postgres,view_based,1,11-20,"11,12,13,14,15,16,17,18,19,20",10,4,55,30.375,30.672,TRUE,0,0,1701,1,,,8.278
postgres,view_based,2,11-20,"11,12,13,14,15,16,17,18,19,20",10,15,34,30.416,30.688,TRUE,0,0,224,1,,,8.278
postgres,view_based,3,11-20,"11,12,13,14,15,16,17,18,19,20",10,8,58,30.395,30.653,TRUE,0,0,2129,1,,,8.278
postgres,view_based,4,11-20,"11,12,13,14,15,16,17,18,19,20",10,9,78,30.656,30.775,TRUE,0,0,2067,1,,,8.278
postgres,view_based,5,11-20,"11,12,13,14,15,16,17,18,19,20",10,12,58,30.723,30.914,TRUE,0,0,1984,1,,,8.278
postgres,view_based,6,11-20,"11,12,13,14,15,16,17,18,19,20",10,6,55,30.804,30.816,TRUE,1,1,3223,1,,,8.278
postgres,view_based,7,11-20,"11,12,13,14,15,16,17,18,19,20",10,15,26,30.709,30.875,TRUE,0,0,1402,1,,,8.278
postgres,view_based,8,11-20,"11,12,13,14,15,16,17,18,19,20",10,15,34,30.584,30.569,TRUE,0,0,1388,1,,,8.278
postgres,view_based,9,11-20,"11,12,13,14,15,16,17,18,19,20",10,11,34,30.609,30.759,TRUE,0,0,1361,1,,,8.278
postgres,view_based,10,11-20,"11,12,13,14,15,16,17,18,19,20",10,9,58,30.653,30.872,TRUE,0,0,2200,1,,,8.278
postgres,view_based,11,11-20,"11,12,13,14,15,16,17,18,19,20",10,9,34,30.575,30.823,TRUE,0,0,448,1,,,8.278
postgres,view_based,12,11-20,"11,12,13,14,15,16,17,18,19,20",10,11,69,30.468,30.769,TRUE,0,0,2573,1,,,8.278
postgres,view_based,13,11-20,"11,12,13,14,15,16,17,18,19,20",10,6,69,30.673,30.731,TRUE,0,0,1568,1,,,8.278
postgres,view_based,14,11-20,"11,12,13,14,15,16,17,18,19,20",10,4,55,30.705,30.787,TRUE,1,1,1792,1,,,8.278
postgres,view_based,15,11-20,"11,12,13,14,15,16,17,18,19,20",10,8,72,30.803,,UNKNOWN,,,,0,db_error,"ERROR:  relation ""revenue0"" does not exist LINE 1: ... s_address, s_phone, total_revenue from supplier, revenue0 w...                                                              ^",8.278
postgres,view_based,16,11-20,"11,12,13,14,15,16,17,18,19,20",10,10,43,30.663,30.839,TRUE,0,0,403,1,,,8.278
postgres,view_based,17,11-20,"11,12,13,14,15,16,17,18,19,20",10,5,55,30.422,30.609,TRUE,1,1,1633,1,,,8.278
postgres,view_based,18,11-20,"11,12,13,14,15,16,17,18,19,20",10,9,78,30.754,30.868,TRUE,0,0,3588,1,,,8.278
postgres,view_based,19,11-20,"11,12,13,14,15,16,17,18,19,20",10,28,55,30.530,30.684,TRUE,1,1,1563,1,,,8.278
postgres,view_based,20,11-20,"11,12,13,14,15,16,17,18,19,20",10,14,72,30.687,30.881,TRUE,0,0,1531,1,,,8.278
postgres,view_based,21,11-20,"11,12,13,14,15,16,17,18,19,20",10,17,72,30.988,30.658,TRUE,0,0,4452,1,,,8.278
postgres,view_based,22,11-20,"11,12,13,14,15,16,17,18,19,20",10,9,69,30.505,30.879,TRUE,0,0,941,1,,,8.278
postgres,rls,1,11-20,"11,12,13,14,15,16,17,18,19,20",10,4,55,30.593,30.714,TRUE,0,0,4530,1,,,0.000
postgres,rls,2,11-20,"11,12,13,14,15,16,17,18,19,20",10,15,34,30.584,30.748,TRUE,0,0,1120,1,,,0.000
postgres,rls,3,11-20,"11,12,13,14,15,16,17,18,19,20",10,8,58,30.650,30.756,TRUE,0,0,4477,1,,,0.000
postgres,rls,4,11-20,"11,12,13,14,15,16,17,18,19,20",10,9,78,30.798,30.876,TRUE,0,0,4951,1,,,0.000
postgres,rls,5,11-20,"11,12,13,14,15,16,17,18,19,20",10,12,58,30.733,30.857,TRUE,0,0,4639,1,,,0.000
postgres,rls,6,11-20,"11,12,13,14,15,16,17,18,19,20",10,6,55,30.670,30.835,TRUE,1,1,5469,1,,,0.000
postgres,rls,7,11-20,"11,12,13,14,15,16,17,18,19,20",10,15,26,30.584,30.835,TRUE,0,0,3936,1,,,0.000
postgres,rls,8,11-20,"11,12,13,14,15,16,17,18,19,20",10,15,34,30.908,30.866,TRUE,0,0,4214,1,,,0.000
postgres,rls,9,11-20,"11,12,13,14,15,16,17,18,19,20",10,11,34,30.704,30.667,TRUE,0,0,3707,1,,,0.000
postgres,rls,10,11-20,"11,12,13,14,15,16,17,18,19,20",10,9,58,30.769,30.850,TRUE,0,0,4209,1,,,0.000
postgres,rls,11,11-20,"11,12,13,14,15,16,17,18,19,20",10,9,34,30.693,30.768,TRUE,0,0,1792,1,,,0.000
postgres,rls,12,11-20,"11,12,13,14,15,16,17,18,19,20",10,11,69,30.737,30.855,TRUE,0,0,4564,1,,,0.000
postgres,rls,13,11-20,"11,12,13,14,15,16,17,18,19,20",10,6,69,30.464,30.700,TRUE,0,0,1568,1,,,0.000
postgres,rls,14,11-20,"11,12,13,14,15,16,17,18,19,20",10,4,55,30.708,30.688,TRUE,1,1,4306,1,,,0.000
postgres,rls,15,11-20,"11,12,13,14,15,16,17,18,19,20",10,8,72,30.888,,UNKNOWN,,,,0,db_error,"ERROR:  relation ""revenue0"" does not exist LINE 1: ... s_address, s_phone, total_revenue from supplier, revenue0 w...                                                              ^",0.000
postgres,rls,16,11-20,"11,12,13,14,15,16,17,18,19,20",10,10,43,30.721,30.957,TRUE,0,0,2016,1,,,0.000
postgres,rls,17,11-20,"11,12,13,14,15,16,17,18,19,20",10,5,55,30.799,30.878,TRUE,1,1,5824,1,,,0.000
postgres,rls,18,11-20,"11,12,13,14,15,16,17,18,19,20",10,9,78,30.566,30.839,TRUE,0,0,6435,1,,,0.000
postgres,rls,19,11-20,"11,12,13,14,15,16,17,18,19,20",10,28,55,30.516,30.853,TRUE,1,1,4055,1,,,0.000
postgres,rls,20,11-20,"11,12,13,14,15,16,17,18,19,20",10,14,72,30.849,30.895,TRUE,0,0,4084,1,,,0.000
postgres,rls,21,11-20,"11,12,13,14,15,16,17,18,19,20",10,17,72,30.646,30.801,TRUE,0,0,9268,1,,,0.000
postgres,rls,22,11-20,"11,12,13,14,15,16,17,18,19,20",10,9,69,30.495,30.825,TRUE,0,0,2061,1,,,0.000
postgres,rls_index,1,11-20,"11,12,13,14,15,16,17,18,19,20",10,4,55,30.784,30.842,TRUE,0,0,6567,1,,,94.321
postgres,rls_index,2,11-20,"11,12,13,14,15,16,17,18,19,20",10,15,34,30.813,30.610,TRUE,0,0,2688,1,,,94.321
postgres,rls_index,3,11-20,"11,12,13,14,15,16,17,18,19,20",10,8,58,30.345,30.763,TRUE,0,0,8464,1,,,94.321
postgres,rls_index,4,11-20,"11,12,13,14,15,16,17,18,19,20",10,9,78,30.555,30.939,TRUE,0,0,9056,1,,,94.321
postgres,rls_index,5,11-20,"11,12,13,14,15,16,17,18,19,20",10,12,58,30.445,30.893,TRUE,0,0,8532,1,,,94.321
postgres,rls_index,6,11-20,"11,12,13,14,15,16,17,18,19,20",10,6,55,30.809,30.858,TRUE,1,1,8784,1,,,94.321
postgres,rls_index,7,11-20,"11,12,13,14,15,16,17,18,19,20",10,15,26,30.708,30.755,TRUE,0,0,7922,1,,,94.321
postgres,rls_index,8,11-20,"11,12,13,14,15,16,17,18,19,20",10,15,34,30.561,30.638,TRUE,0,0,8682,1,,,94.321
postgres,rls_index,9,11-20,"11,12,13,14,15,16,17,18,19,20",10,11,34,30.562,30.796,TRUE,0,0,7263,1,,,94.321
postgres,rls_index,10,11-20,"11,12,13,14,15,16,17,18,19,20",10,9,58,30.758,30.732,TRUE,0,0,8424,1,,,94.321
postgres,rls_index,11,11-20,"11,12,13,14,15,16,17,18,19,20",10,9,34,30.646,30.782,TRUE,0,0,2464,1,,,94.321
postgres,rls_index,12,11-20,"11,12,13,14,15,16,17,18,19,20",10,11,69,30.578,30.795,TRUE,0,0,8978,1,,,94.321
postgres,rls_index,13,11-20,"11,12,13,14,15,16,17,18,19,20",10,6,69,30.759,30.838,TRUE,0,0,3247,1,,,94.321
postgres,rls_index,14,11-20,"11,12,13,14,15,16,17,18,19,20",10,4,55,30.549,30.876,TRUE,1,1,7664,1,,,94.321
postgres,rls_index,15,11-20,"11,12,13,14,15,16,17,18,19,20",10,8,72,30.649,,UNKNOWN,,,,0,db_error,"ERROR:  relation ""revenue0"" does not exist LINE 1: ... s_address, s_phone, total_revenue from supplier, revenue0 w...                                                              ^",94.321
postgres,rls_index,16,11-20,"11,12,13,14,15,16,17,18,19,20",10,10,43,30.613,30.923,TRUE,0,0,2688,1,,,94.321
postgres,rls_index,17,11-20,"11,12,13,14,15,16,17,18,19,20",10,5,55,30.562,30.640,TRUE,1,1,10493,1,,,94.321
postgres,rls_index,18,11-20,"11,12,13,14,15,16,17,18,19,20",10,9,78,30.615,30.785,TRUE,0,0,10931,1,,,94.321
postgres,rls_index,19,11-20,"11,12,13,14,15,16,17,18,19,20",10,28,55,30.453,30.793,TRUE,1,1,6973,1,,,94.321
postgres,rls_index,20,11-20,"11,12,13,14,15,16,17,18,19,20",10,14,72,30.690,30.804,TRUE,0,0,6789,1,,,94.321
postgres,rls_index,21,11-20,"11,12,13,14,15,16,17,18,19,20",10,17,72,30.726,30.745,TRUE,0,0,14938,1,,,94.321
postgres,rls_index,22,11-20,"11,12,13,14,15,16,17,18,19,20",10,9,69,30.908,30.723,TRUE,0,0,3580,1,,,94.321
postgres,sieve,1,11-20,"11,12,13,14,15,16,17,18,19,20",10,4,55,30.484,30.795,TRUE,0,0,4023,1,,,9.591
postgres,sieve,2,11-20,"11,12,13,14,15,16,17,18,19,20",10,15,34,30.786,30.884,TRUE,0,0,448,1,,,9.591
postgres,sieve,3,11-20,"11,12,13,14,15,16,17,18,19,20",10,8,58,30.531,30.807,TRUE,0,0,4035,1,,,9.591
postgres,sieve,4,11-20,"11,12,13,14,15,16,17,18,19,20",10,9,78,30.446,30.752,TRUE,0,0,4255,1,,,9.591
postgres,sieve,5,11-20,"11,12,13,14,15,16,17,18,19,20",10,12,58,30.699,30.773,TRUE,0,0,4069,1,,,9.591
postgres,sieve,6,11-20,"11,12,13,14,15,16,17,18,19,20",10,6,55,30.647,30.738,TRUE,1,1,4015,1,,,9.591
postgres,sieve,7,11-20,"11,12,13,14,15,16,17,18,19,20",10,15,26,30.541,30.715,TRUE,0,0,3585,1,,,9.591
postgres,sieve,8,11-20,"11,12,13,14,15,16,17,18,19,20",10,15,34,30.601,30.927,TRUE,0,0,4166,1,,,9.591
postgres,sieve,9,11-20,"11,12,13,14,15,16,17,18,19,20",10,11,34,30.510,30.646,TRUE,0,0,1650,1,,,9.591
postgres,sieve,10,11-20,"11,12,13,14,15,16,17,18,19,20",10,9,58,30.604,30.780,TRUE,0,0,4234,1,,,9.591
postgres,sieve,11,11-20,"11,12,13,14,15,16,17,18,19,20",10,9,34,30.648,30.755,TRUE,0,0,672,1,,,9.591
postgres,sieve,12,11-20,"11,12,13,14,15,16,17,18,19,20",10,11,69,30.693,30.682,TRUE,0,0,4258,1,,,9.591
postgres,sieve,13,11-20,"11,12,13,14,15,16,17,18,19,20",10,6,69,30.586,30.747,TRUE,0,0,1344,1,,,9.591
postgres,sieve,14,11-20,"11,12,13,14,15,16,17,18,19,20",10,4,55,30.535,30.750,TRUE,1,1,3340,1,,,9.591
postgres,sieve,15,11-20,"11,12,13,14,15,16,17,18,19,20",10,8,72,30.571,,UNKNOWN,,,,0,db_error,"ERROR:  relation ""revenue0"" does not exist LINE 1: ... s_address, s_phone, total_revenue from supplier, revenue0 w...                                                              ^",9.591
postgres,sieve,16,11-20,"11,12,13,14,15,16,17,18,19,20",10,10,43,30.579,30.726,TRUE,0,0,224,1,,,9.591
postgres,sieve,17,11-20,"11,12,13,14,15,16,17,18,19,20",10,5,55,30.507,30.848,TRUE,1,1,4006,1,,,9.591
postgres,sieve,18,11-20,"11,12,13,14,15,16,17,18,19,20",10,9,78,30.637,30.728,TRUE,0,0,6232,1,,,9.591
postgres,sieve,19,11-20,"11,12,13,14,15,16,17,18,19,20",10,28,55,30.637,30.714,TRUE,1,1,3408,1,,,9.591
postgres,sieve,20,11-20,"11,12,13,14,15,16,17,18,19,20",10,14,72,30.476,30.576,TRUE,0,0,3246,1,,,9.591
postgres,sieve,21,11-20,"11,12,13,14,15,16,17,18,19,20",10,17,72,30.431,30.695,TRUE,0,0,9690,1,,,9.591
postgres,sieve,22,11-20,"11,12,13,14,15,16,17,18,19,20",10,9,69,30.669,30.805,TRUE,0,0,1788,1,,,9.591
postgres,sieve_index,1,11-20,"11,12,13,14,15,16,17,18,19,20",10,4,55,30.667,30.732,TRUE,0,0,6175,1,,,102.072
postgres,sieve_index,2,11-20,"11,12,13,14,15,16,17,18,19,20",10,15,34,30.703,30.873,TRUE,0,0,1792,1,,,102.072
postgres,sieve_index,3,11-20,"11,12,13,14,15,16,17,18,19,20",10,8,58,30.768,30.850,TRUE,0,0,7467,1,,,102.072
postgres,sieve_index,4,11-20,"11,12,13,14,15,16,17,18,19,20",10,9,78,30.824,30.826,TRUE,0,0,7812,1,,,102.072
postgres,sieve_index,5,11-20,"11,12,13,14,15,16,17,18,19,20",10,12,58,30.718,30.734,TRUE,0,0,7264,1,,,102.072
postgres,sieve_index,6,11-20,"11,12,13,14,15,16,17,18,19,20",10,6,55,30.409,30.649,TRUE,1,1,7528,1,,,102.072
postgres,sieve_index,7,11-20,"11,12,13,14,15,16,17,18,19,20",10,15,26,30.547,30.702,TRUE,0,0,6696,1,,,102.072
postgres,sieve_index,8,11-20,"11,12,13,14,15,16,17,18,19,20",10,15,34,30.516,30.801,TRUE,0,0,7160,1,,,102.072
postgres,sieve_index,9,11-20,"11,12,13,14,15,16,17,18,19,20",10,11,34,30.720,30.867,TRUE,0,0,6124,1,,,102.072
postgres,sieve_index,10,11-20,"11,12,13,14,15,16,17,18,19,20",10,9,58,30.623,30.784,TRUE,0,0,7247,1,,,102.072
postgres,sieve_index,11,11-20,"11,12,13,14,15,16,17,18,19,20",10,9,34,30.625,30.666,TRUE,0,0,1120,1,,,102.072
postgres,sieve_index,12,11-20,"11,12,13,14,15,16,17,18,19,20",10,11,69,30.552,30.792,TRUE,0,0,7378,1,,,102.072
postgres,sieve_index,13,11-20,"11,12,13,14,15,16,17,18,19,20",10,6,69,30.513,30.798,TRUE,0,0,3042,1,,,102.072
postgres,sieve_index,14,11-20,"11,12,13,14,15,16,17,18,19,20",10,4,55,30.460,30.775,TRUE,1,1,6472,1,,,102.072
postgres,sieve_index,15,11-20,"11,12,13,14,15,16,17,18,19,20",10,8,72,30.701,,UNKNOWN,,,,0,db_error,"ERROR:  relation ""revenue0"" does not exist LINE 1: ... s_address, s_phone, total_revenue from supplier, revenue0 w...                                                              ^",102.072
postgres,sieve_index,16,11-20,"11,12,13,14,15,16,17,18,19,20",10,10,43,30.787,30.884,TRUE,0,0,1344,1,,,102.072
postgres,sieve_index,17,11-20,"11,12,13,14,15,16,17,18,19,20",10,5,55,30.614,30.767,TRUE,1,1,9573,1,,,102.072
postgres,sieve_index,18,11-20,"11,12,13,14,15,16,17,18,19,20",10,9,78,30.625,30.786,TRUE,0,0,10488,1,,,102.072
postgres,sieve_index,19,11-20,"11,12,13,14,15,16,17,18,19,20",10,28,55,30.580,30.737,TRUE,1,1,6628,1,,,102.072
postgres,sieve_index,20,11-20,"11,12,13,14,15,16,17,18,19,20",10,14,72,30.630,30.786,TRUE,0,0,6558,1,,,102.072
postgres,sieve_index,21,11-20,"11,12,13,14,15,16,17,18,19,20",10,17,72,30.478,30.843,TRUE,0,0,12442,1,,,102.072
postgres,sieve_index,22,11-20,"11,12,13,14,15,16,17,18,19,20",10,9,69,30.826,31.014,TRUE,0,0,3499,1,,,102.072
postgres,ours,1,11-20,"11,12,13,14,15,16,17,18,19,20",10,4,55,30.775,30.986,TRUE,0,0,9498,1,,,6.355
postgres,ours,2,11-20,"11,12,13,14,15,16,17,18,19,20",10,15,34,30.844,31.147,TRUE,0,0,9184,1,,,6.355
postgres,ours,3,11-20,"11,12,13,14,15,16,17,18,19,20",10,8,58,30.793,30.916,TRUE,0,0,9005,1,,,6.355
postgres,ours,4,11-20,"11,12,13,14,15,16,17,18,19,20",10,9,78,30.760,30.868,TRUE,0,0,9632,1,,,6.355
postgres,ours,5,11-20,"11,12,13,14,15,16,17,18,19,20",10,12,58,31.039,31.144,TRUE,0,0,9139,1,,,6.355
postgres,ours,6,11-20,"11,12,13,14,15,16,17,18,19,20",10,6,55,31.075,30.965,TRUE,1,1,9811,1,,,6.355
postgres,ours,7,11-20,"11,12,13,14,15,16,17,18,19,20",10,15,26,30.945,31.050,TRUE,0,0,8736,1,,,6.355
postgres,ours,8,11-20,"11,12,13,14,15,16,17,18,19,20",10,15,34,30.935,30.890,TRUE,0,0,9587,1,,,6.355
postgres,ours,9,11-20,"11,12,13,14,15,16,17,18,19,20",10,11,34,30.871,31.042,TRUE,0,0,8736,1,,,6.355
postgres,ours,10,11-20,"11,12,13,14,15,16,17,18,19,20",10,9,58,31.015,31.191,TRUE,0,0,9184,1,,,6.355
postgres,ours,11,11-20,"11,12,13,14,15,16,17,18,19,20",10,9,34,30.765,31.124,TRUE,0,0,9139,1,,,6.355
postgres,ours,12,11-20,"11,12,13,14,15,16,17,18,19,20",10,11,69,31.199,30.993,TRUE,0,0,9856,1,,,6.355
postgres,ours,13,11-20,"11,12,13,14,15,16,17,18,19,20",10,6,69,30.830,31.151,TRUE,0,0,9408,1,,,6.355
postgres,ours,14,11-20,"11,12,13,14,15,16,17,18,19,20",10,4,55,31.029,31.207,TRUE,1,1,8512,1,,,6.355
postgres,ours,15,11-20,"11,12,13,14,15,16,17,18,19,20",10,8,72,30.851,,UNKNOWN,,,,0,db_error,"ERROR:  relation ""revenue0"" does not exist LINE 1: ... s_address, s_phone, total_revenue from supplier, revenue0 w...                                                              ^",6.355
postgres,ours,16,11-20,"11,12,13,14,15,16,17,18,19,20",10,10,43,31.139,31.038,TRUE,0,0,9632,1,,,6.355
postgres,ours,17,11-20,"11,12,13,14,15,16,17,18,19,20",10,5,55,30.896,31.107,TRUE,1,1,9408,1,,,6.355
postgres,ours,18,11-20,"11,12,13,14,15,16,17,18,19,20",10,9,78,31.316,31.114,TRUE,0,0,8467,1,,,6.355
postgres,ours,19,11-20,"11,12,13,14,15,16,17,18,19,20",10,28,55,30.820,31.157,TRUE,1,1,8960,1,,,6.355
postgres,ours,20,11-20,"11,12,13,14,15,16,17,18,19,20",10,14,72,30.905,31.136,TRUE,0,0,8736,1,,,6.355
postgres,ours,21,11-20,"11,12,13,14,15,16,17,18,19,20",10,17,72,30.805,31.210,TRUE,0,0,10080,1,,,6.355
postgres,ours,22,11-20,"11,12,13,14,15,16,17,18,19,20",10,9,69,30.886,31.046,TRUE,0,0,9453,1,,,6.355
postgres,no_policy,1,21-25,"21,22,23,24,25",5,4,6,30.737,30.860,TRUE,0,0,0,1,,,0.000
postgres,no_policy,2,21-25,"21,22,23,24,25",5,15,2,30.681,30.907,TRUE,0,0,0,1,,,0.000
postgres,no_policy,3,21-25,"21,22,23,24,25",5,8,0,30.544,30.863,TRUE,0,0,0,1,,,0.000
postgres,no_policy,4,21-25,"21,22,23,24,25",5,9,6,30.616,30.652,TRUE,0,0,0,1,,,0.000
postgres,no_policy,5,21-25,"21,22,23,24,25",5,12,0,30.602,30.691,TRUE,0,0,0,1,,,0.000
postgres,no_policy,6,21-25,"21,22,23,24,25",5,6,6,30.712,30.794,TRUE,1,1,0,1,,,0.000
postgres,no_policy,7,21-25,"21,22,23,24,25",5,15,3,30.672,30.663,TRUE,0,0,0,1,,,0.000
postgres,no_policy,8,21-25,"21,22,23,24,25",5,15,0,30.741,30.820,TRUE,0,0,0,1,,,0.000
postgres,no_policy,9,21-25,"21,22,23,24,25",5,11,0,30.489,30.851,TRUE,0,0,0,1,,,0.000
postgres,no_policy,10,21-25,"21,22,23,24,25",5,9,0,30.612,30.772,TRUE,0,0,0,1,,,0.000
postgres,no_policy,11,21-25,"21,22,23,24,25",5,9,2,30.465,30.588,TRUE,0,0,0,1,,,0.000
postgres,no_policy,12,21-25,"21,22,23,24,25",5,11,0,30.488,30.786,TRUE,0,0,0,1,,,0.000
postgres,no_policy,13,21-25,"21,22,23,24,25",5,6,0,30.632,30.804,TRUE,0,0,0,1,,,0.000
postgres,no_policy,14,21-25,"21,22,23,24,25",5,4,6,30.674,30.915,TRUE,1,1,0,1,,,0.000
postgres,no_policy,15,21-25,"21,22,23,24,25",5,8,9,30.496,,UNKNOWN,,,,0,db_error,"ERROR:  relation ""revenue0"" does not exist LINE 1: ... s_address, s_phone, total_revenue from supplier, revenue0 w...                                                              ^",0.000
postgres,no_policy,16,21-25,"21,22,23,24,25",5,10,5,30.610,30.841,TRUE,0,0,0,1,,,0.000
postgres,no_policy,17,21-25,"21,22,23,24,25",5,5,6,30.646,30.951,TRUE,1,1,0,1,,,0.000
postgres,no_policy,18,21-25,"21,22,23,24,25",5,9,6,30.821,30.936,TRUE,0,0,0,1,,,0.000
postgres,no_policy,19,21-25,"21,22,23,24,25",5,28,6,30.788,30.827,TRUE,1,1,0,1,,,0.000
postgres,no_policy,20,21-25,"21,22,23,24,25",5,14,11,30.507,30.924,TRUE,0,0,0,1,,,0.000
postgres,no_policy,21,21-25,"21,22,23,24,25",5,17,9,30.758,30.881,TRUE,0,0,0,1,,,0.000
postgres,no_policy,22,21-25,"21,22,23,24,25",5,9,0,30.543,30.868,TRUE,0,0,0,1,,,0.000
postgres,view_based,1,21-25,"21,22,23,24,25",5,4,6,30.498,30.750,TRUE,0,0,762,1,,,9.711
postgres,view_based,2,21-25,"21,22,23,24,25",5,15,2,30.580,30.812,TRUE,0,0,224,1,,,9.711
postgres,view_based,3,21-25,"21,22,23,24,25",5,8,0,30.762,30.885,TRUE,0,0,1120,1,,,9.711
postgres,view_based,4,21-25,"21,22,23,24,25",5,9,6,30.584,30.846,TRUE,0,0,1120,1,,,9.711
postgres,view_based,5,21-25,"21,22,23,24,25",5,12,0,30.656,30.953,TRUE,0,0,1568,1,,,9.711
postgres,view_based,6,21-25,"21,22,23,24,25",5,6,6,30.731,30.757,TRUE,1,1,896,1,,,9.711
postgres,view_based,7,21-25,"21,22,23,24,25",5,15,3,30.513,30.900,TRUE,0,0,1344,1,,,9.711
postgres,view_based,8,21-25,"21,22,23,24,25",5,15,0,30.761,30.749,TRUE,0,0,1639,1,,,9.711
postgres,view_based,9,21-25,"21,22,23,24,25",5,11,0,30.545,30.745,TRUE,0,0,45,1,,,9.711
postgres,view_based,10,21-25,"21,22,23,24,25",5,9,0,30.649,30.607,TRUE,0,0,896,1,,,9.711
postgres,view_based,11,21-25,"21,22,23,24,25",5,9,2,30.534,30.895,TRUE,0,0,224,1,,,9.711
postgres,view_based,12,21-25,"21,22,23,24,25",5,11,0,30.665,30.833,TRUE,0,0,1568,1,,,9.711
postgres,view_based,13,21-25,"21,22,23,24,25",5,6,0,30.616,30.876,TRUE,0,0,224,1,,,9.711
postgres,view_based,14,21-25,"21,22,23,24,25",5,4,6,30.646,31.079,TRUE,1,1,1344,1,,,9.711
postgres,view_based,15,21-25,"21,22,23,24,25",5,8,9,30.823,,UNKNOWN,,,,0,db_error,"ERROR:  relation ""revenue0"" does not exist LINE 1: ...phone, total_revenue from cf_v_supplier supplier, revenue0 w...                                                              ^",9.711
postgres,view_based,16,21-25,"21,22,23,24,25",5,10,5,31.094,30.873,TRUE,0,0,896,1,,,9.711
postgres,view_based,17,21-25,"21,22,23,24,25",5,5,6,30.664,30.839,TRUE,1,1,1344,1,,,9.711
postgres,view_based,18,21-25,"21,22,23,24,25",5,9,6,30.810,30.790,TRUE,0,0,1120,1,,,9.711
postgres,view_based,19,21-25,"21,22,23,24,25",5,28,6,30.392,30.834,TRUE,1,1,896,1,,,9.711
postgres,view_based,20,21-25,"21,22,23,24,25",5,14,11,30.628,30.779,TRUE,0,0,448,1,,,9.711
postgres,view_based,21,21-25,"21,22,23,24,25",5,17,9,30.585,30.713,TRUE,0,0,1344,1,,,9.711
postgres,view_based,22,21-25,"21,22,23,24,25",5,9,0,30.766,30.794,TRUE,0,0,224,1,,,9.711
postgres,rls,1,21-25,"21,22,23,24,25",5,4,6,30.697,30.744,TRUE,0,0,986,1,,,0.000
postgres,rls,2,21-25,"21,22,23,24,25",5,15,2,30.389,30.640,TRUE,0,0,-224,1,,,0.000
postgres,rls,3,21-25,"21,22,23,24,25",5,8,0,30.818,30.656,TRUE,0,0,0,1,,,0.000
postgres,rls,4,21-25,"21,22,23,24,25",5,9,6,30.534,30.627,TRUE,0,0,-2016,1,,,0.000
postgres,rls,5,21-25,"21,22,23,24,25",5,12,0,30.550,30.675,TRUE,0,0,-2464,1,,,0.000
postgres,rls,6,21-25,"21,22,23,24,25",5,6,6,30.499,30.707,TRUE,1,1,-1568,1,,,0.000
postgres,rls,7,21-25,"21,22,23,24,25",5,15,3,30.712,30.847,TRUE,0,0,-1120,1,,,0.000
postgres,rls,8,21-25,"21,22,23,24,25",5,15,0,30.549,30.652,TRUE,0,0,224,1,,,0.000
postgres,rls,9,21-25,"21,22,23,24,25",5,11,0,30.524,30.888,TRUE,0,0,45,1,,,0.000
postgres,rls,10,21-25,"21,22,23,24,25",5,9,0,30.521,30.763,TRUE,0,0,0,1,,,0.000
postgres,rls,11,21-25,"21,22,23,24,25",5,9,2,30.493,30.728,TRUE,0,0,672,1,,,0.000
postgres,rls,12,21-25,"21,22,23,24,25",5,11,0,30.711,30.779,TRUE,0,0,224,1,,,0.000
postgres,rls,13,21-25,"21,22,23,24,25",5,6,0,30.382,30.712,TRUE,0,0,-2464,1,,,0.000
postgres,rls,14,21-25,"21,22,23,24,25",5,4,6,30.616,30.738,TRUE,1,1,-2240,1,,,0.000
postgres,rls,15,21-25,"21,22,23,24,25",5,8,9,30.659,,UNKNOWN,,,,0,db_error,"ERROR:  relation ""revenue0"" does not exist LINE 1: ... s_address, s_phone, total_revenue from supplier, revenue0 w...                                                              ^",0.000
postgres,rls,16,21-25,"21,22,23,24,25",5,10,5,30.631,30.764,TRUE,0,0,-1884,1,,,0.000
postgres,rls,17,21-25,"21,22,23,24,25",5,5,6,30.440,30.772,TRUE,1,1,-3136,1,,,0.000
postgres,rls,18,21-25,"21,22,23,24,25",5,9,6,30.474,30.695,TRUE,0,0,-3853,1,,,0.000
postgres,rls,19,21-25,"21,22,23,24,25",5,28,6,30.702,30.732,TRUE,1,1,-1344,1,,,0.000
postgres,rls,20,21-25,"21,22,23,24,25",5,14,11,30.734,30.794,TRUE,0,0,-2240,1,,,0.000
postgres,rls,21,21-25,"21,22,23,24,25",5,17,9,30.947,30.676,TRUE,0,0,-2688,1,,,0.000
postgres,rls,22,21-25,"21,22,23,24,25",5,9,0,30.436,30.727,TRUE,0,0,-3853,1,,,0.000
postgres,rls_index,1,21-25,"21,22,23,24,25",5,4,6,30.697,30.690,TRUE,0,0,-2150,1,,,34.473
postgres,rls_index,2,21-25,"21,22,23,24,25",5,15,2,30.712,30.736,TRUE,0,0,-2912,1,,,34.473
postgres,rls_index,3,21-25,"21,22,23,24,25",5,8,0,30.859,30.789,TRUE,0,0,-2912,1,,,34.473
postgres,rls_index,4,21-25,"21,22,23,24,25",5,9,6,30.521,30.648,TRUE,0,0,-3136,1,,,34.473
postgres,rls_index,5,21-25,"21,22,23,24,25",5,12,0,30.583,30.800,TRUE,0,0,-3136,1,,,34.473
postgres,rls_index,6,21-25,"21,22,23,24,25",5,6,6,30.523,30.766,TRUE,1,1,-1344,1,,,34.473
postgres,rls_index,7,21-25,"21,22,23,24,25",5,15,3,30.655,30.692,TRUE,0,0,-4032,1,,,34.473
postgres,rls_index,8,21-25,"21,22,23,24,25",5,15,0,30.781,30.762,TRUE,0,0,-2957,1,,,34.473
postgres,rls_index,9,21-25,"21,22,23,24,25",5,11,0,30.518,30.773,TRUE,0,0,-1075,1,,,34.473
postgres,rls_index,10,21-25,"21,22,23,24,25",5,9,0,30.835,30.801,TRUE,0,0,-2016,1,,,34.473
postgres,rls_index,11,21-25,"21,22,23,24,25",5,9,2,30.727,30.794,TRUE,0,0,-1120,1,,,34.473
postgres,rls_index,12,21-25,"21,22,23,24,25",5,11,0,30.659,30.767,TRUE,0,0,-224,1,,,34.473
postgres,rls_index,13,21-25,"21,22,23,24,25",5,6,0,30.588,30.772,TRUE,0,0,-1792,1,,,34.473
postgres,rls_index,14,21-25,"21,22,23,24,25",5,4,6,30.664,30.781,TRUE,1,1,-3360,1,,,34.473
postgres,rls_index,15,21-25,"21,22,23,24,25",5,8,9,30.692,,UNKNOWN,,,,0,db_error,"ERROR:  relation ""revenue0"" does not exist LINE 1: ... s_address, s_phone, total_revenue from supplier, revenue0 w...                                                              ^",34.473
postgres,rls_index,16,21-25,"21,22,23,24,25",5,10,5,30.677,30.749,TRUE,0,0,-3808,1,,,34.473
postgres,rls_index,17,21-25,"21,22,23,24,25",5,5,6,30.622,30.769,TRUE,1,1,-896,1,,,34.473
postgres,rls_index,18,21-25,"21,22,23,24,25",5,9,6,30.714,30.676,TRUE,0,0,-1344,1,,,34.473
postgres,rls_index,19,21-25,"21,22,23,24,25",5,28,6,31.011,30.704,TRUE,1,1,-896,1,,,34.473
postgres,rls_index,20,21-25,"21,22,23,24,25",5,14,11,30.577,30.777,TRUE,0,0,-896,1,,,34.473
postgres,rls_index,21,21-25,"21,22,23,24,25",5,17,9,30.437,30.802,TRUE,0,0,-448,1,,,34.473
postgres,rls_index,22,21-25,"21,22,23,24,25",5,9,0,30.635,30.725,TRUE,0,0,-2240,1,,,34.473
postgres,sieve,1,21-25,"21,22,23,24,25",5,4,6,30.456,30.792,TRUE,0,0,-1478,1,,,8.468
postgres,sieve,2,21-25,"21,22,23,24,25",5,15,2,30.647,30.815,TRUE,0,0,-1434,1,,,8.468
postgres,sieve,3,21-25,"21,22,23,24,25",5,8,0,30.624,30.773,TRUE,0,0,-1568,1,,,8.468
postgres,sieve,4,21-25,"21,22,23,24,25",5,9,6,30.531,30.710,TRUE,0,0,-1344,1,,,8.468
postgres,sieve,5,21-25,"21,22,23,24,25",5,12,0,30.479,30.717,TRUE,0,0,-1120,1,,,8.468
postgres,sieve,6,21-25,"21,22,23,24,25",5,6,6,30.755,30.721,TRUE,1,1,-1344,1,,,8.468
postgres,sieve,7,21-25,"21,22,23,24,25",5,15,3,30.623,30.795,TRUE,0,0,-1344,1,,,8.468
postgres,sieve,8,21-25,"21,22,23,24,25",5,15,0,30.537,30.764,TRUE,0,0,-1568,1,,,8.468
postgres,sieve,9,21-25,"21,22,23,24,25",5,11,0,30.699,30.753,TRUE,0,0,-1971,1,,,8.468
postgres,sieve,10,21-25,"21,22,23,24,25",5,9,0,30.700,30.738,TRUE,0,0,-2016,1,,,8.468
postgres,sieve,11,21-25,"21,22,23,24,25",5,9,2,30.611,30.733,TRUE,0,0,-1792,1,,,8.468
postgres,sieve,12,21-25,"21,22,23,24,25",5,11,0,30.737,30.806,TRUE,0,0,-448,1,,,8.468
postgres,sieve,13,21-25,"21,22,23,24,25",5,6,0,30.566,30.714,TRUE,0,0,-1344,1,,,8.468
postgres,sieve,14,21-25,"21,22,23,24,25",5,4,6,30.775,30.764,TRUE,1,1,-1120,1,,,8.468
postgres,sieve,15,21-25,"21,22,23,24,25",5,8,9,30.688,,UNKNOWN,,,,0,db_error,"ERROR:  relation ""revenue0"" does not exist LINE 1: ...hone, total_revenue from cf_sv_supplier supplier, revenue0 w...                                                              ^",8.468
postgres,sieve,16,21-25,"21,22,23,24,25",5,10,5,30.632,30.753,TRUE,0,0,-896,1,,,8.468
postgres,sieve,17,21-25,"21,22,23,24,25",5,5,6,30.733,30.734,TRUE,1,1,-448,1,,,8.468
postgres,sieve,18,21-25,"21,22,23,24,25",5,9,6,30.550,30.743,TRUE,0,0,-1344,1,,,8.468
postgres,sieve,19,21-25,"21,22,23,24,25",5,28,6,30.700,30.739,TRUE,1,1,-941,1,,,8.468
postgres,sieve,20,21-25,"21,22,23,24,25",5,14,11,30.612,30.752,TRUE,0,0,-2016,1,,,8.468
postgres,sieve,21,21-25,"21,22,23,24,25",5,17,9,30.701,30.759,TRUE,0,0,-448,1,,,8.468
postgres,sieve,22,21-25,"21,22,23,24,25",5,9,0,30.738,30.771,TRUE,0,0,-1792,1,,,8.468
postgres,sieve_index,1,21-25,"21,22,23,24,25",5,4,6,30.573,30.649,TRUE,0,0,-1030,1,,,40.333
postgres,sieve_index,2,21-25,"21,22,23,24,25",5,15,2,30.626,30.781,TRUE,0,0,-1344,1,,,40.333
postgres,sieve_index,3,21-25,"21,22,23,24,25",5,8,0,30.837,30.750,TRUE,0,0,-672,1,,,40.333
postgres,sieve_index,4,21-25,"21,22,23,24,25",5,9,6,30.715,30.767,TRUE,0,0,-896,1,,,40.333
postgres,sieve_index,5,21-25,"21,22,23,24,25",5,12,0,30.598,30.702,TRUE,0,0,-497,1,,,40.333
postgres,sieve_index,6,21-25,"21,22,23,24,25",5,6,6,30.382,30.794,TRUE,1,1,-672,1,,,40.333
postgres,sieve_index,7,21-25,"21,22,23,24,25",5,15,3,30.784,30.858,TRUE,0,0,-672,1,,,40.333
postgres,sieve_index,8,21-25,"21,22,23,24,25",5,15,0,30.705,30.759,TRUE,0,0,-317,1,,,40.333
postgres,sieve_index,9,21-25,"21,22,23,24,25",5,11,0,30.565,30.721,TRUE,0,0,-1075,1,,,40.333
postgres,sieve_index,10,21-25,"21,22,23,24,25",5,9,0,30.778,30.789,TRUE,0,0,-1120,1,,,40.333
postgres,sieve_index,11,21-25,"21,22,23,24,25",5,9,2,30.566,30.792,TRUE,0,0,-896,1,,,40.333
postgres,sieve_index,12,21-25,"21,22,23,24,25",5,11,0,30.764,30.738,TRUE,0,0,-224,1,,,40.333
postgres,sieve_index,13,21-25,"21,22,23,24,25",5,6,0,30.763,30.755,TRUE,0,0,-1344,1,,,40.333
postgres,sieve_index,14,21-25,"21,22,23,24,25",5,4,6,30.723,30.676,TRUE,1,1,-672,1,,,40.333
postgres,sieve_index,15,21-25,"21,22,23,24,25",5,8,9,30.718,,UNKNOWN,,,,0,db_error,"ERROR:  relation ""revenue0"" does not exist LINE 1: ...hone, total_revenue from cf_sv_supplier supplier, revenue0 w...                                                              ^",40.333
postgres,sieve_index,16,21-25,"21,22,23,24,25",5,10,5,30.793,30.839,TRUE,0,0,-672,1,,,40.333
postgres,sieve_index,17,21-25,"21,22,23,24,25",5,5,6,30.486,30.736,TRUE,1,1,0,1,,,40.333
postgres,sieve_index,18,21-25,"21,22,23,24,25",5,9,6,30.617,30.814,TRUE,0,0,-1568,1,,,40.333
postgres,sieve_index,19,21-25,"21,22,23,24,25",5,28,6,30.762,30.856,TRUE,1,1,-493,1,,,40.333
postgres,sieve_index,20,21-25,"21,22,23,24,25",5,14,11,30.565,30.856,TRUE,0,0,-896,1,,,40.333
postgres,sieve_index,21,21-25,"21,22,23,24,25",5,17,9,30.467,30.849,TRUE,0,0,0,1,,,40.333
postgres,sieve_index,22,21-25,"21,22,23,24,25",5,9,0,30.566,30.790,TRUE,0,0,-1792,1,,,40.333
postgres,ours,1,21-25,"21,22,23,24,25",5,4,6,30.530,30.872,TRUE,0,0,6586,1,,,3.333
postgres,ours,2,21-25,"21,22,23,24,25",5,15,2,30.627,30.673,TRUE,0,0,6720,1,,,3.333
postgres,ours,3,21-25,"21,22,23,24,25",5,8,0,30.642,30.672,TRUE,0,0,6272,1,,,3.333
postgres,ours,4,21-25,"21,22,23,24,25",5,9,6,30.808,30.935,TRUE,0,0,6944,1,,,3.333
postgres,ours,5,21-25,"21,22,23,24,25",5,12,0,30.722,30.735,TRUE,0,0,7392,1,,,3.333
postgres,ours,6,21-25,"21,22,23,24,25",5,6,6,30.839,30.852,TRUE,1,1,8467,1,,,3.333
postgres,ours,7,21-25,"21,22,23,24,25",5,15,3,30.448,30.849,TRUE,0,0,2688,1,,,3.333
postgres,ours,8,21-25,"21,22,23,24,25",5,15,0,30.987,30.941,TRUE,0,0,3808,1,,,3.333
postgres,ours,9,21-25,"21,22,23,24,25",5,11,0,30.610,30.820,TRUE,0,0,2733,1,,,3.333
postgres,ours,10,21-25,"21,22,23,24,25",5,9,0,30.732,30.691,TRUE,0,0,3136,1,,,3.333
postgres,ours,11,21-25,"21,22,23,24,25",5,9,2,30.496,30.859,TRUE,0,0,3539,1,,,3.333
postgres,ours,12,21-25,"21,22,23,24,25",5,11,0,30.603,30.672,TRUE,0,0,4256,1,,,3.333
postgres,ours,13,21-25,"21,22,23,24,25",5,6,0,30.717,30.668,TRUE,0,0,3494,1,,,3.333
postgres,ours,14,21-25,"21,22,23,24,25",5,4,6,30.732,30.800,TRUE,1,1,3808,1,,,3.333
postgres,ours,15,21-25,"21,22,23,24,25",5,8,9,30.747,,UNKNOWN,,,,0,db_error,"ERROR:  relation ""revenue0"" does not exist LINE 1: ... s_address, s_phone, total_revenue from supplier, revenue0 w...                                                              ^",3.333
postgres,ours,16,21-25,"21,22,23,24,25",5,10,5,30.667,30.805,TRUE,0,0,716,1,,,3.333
postgres,ours,17,21-25,"21,22,23,24,25",5,5,6,30.817,30.825,TRUE,1,1,7840,1,,,3.333
postgres,ours,18,21-25,"21,22,23,24,25",5,9,6,30.682,30.878,TRUE,0,0,3808,1,,,3.333
postgres,ours,19,21-25,"21,22,23,24,25",5,28,6,30.709,30.881,TRUE,1,1,4480,1,,,3.333
postgres,ours,20,21-25,"21,22,23,24,25",5,14,11,30.699,30.791,TRUE,0,0,4211,1,,,3.333
postgres,ours,21,21-25,"21,22,23,24,25",5,17,9,30.757,30.788,TRUE,0,0,5376,1,,,3.333
postgres,ours,22,21-25,"21,22,23,24,25",5,9,0,30.685,30.715,TRUE,0,0,3360,1,,,3.333
postgres,no_policy,1,21-30,"21,22,23,24,25,26,27,28,29,30",10,4,13,30.426,30.736,TRUE,0,0,0,1,,,0.000
postgres,no_policy,2,21-30,"21,22,23,24,25,26,27,28,29,30",10,15,10,30.748,30.692,TRUE,0,0,0,1,,,0.000
postgres,no_policy,3,21-30,"21,22,23,24,25,26,27,28,29,30",10,8,8,30.628,30.660,TRUE,0,0,0,1,,,0.000
postgres,no_policy,4,21-30,"21,22,23,24,25,26,27,28,29,30",10,9,16,30.652,30.764,TRUE,0,0,0,1,,,0.000
postgres,no_policy,5,21-30,"21,22,23,24,25,26,27,28,29,30",10,12,8,30.773,30.772,TRUE,0,0,0,1,,,0.000
postgres,no_policy,6,21-30,"21,22,23,24,25,26,27,28,29,30",10,6,13,30.747,30.792,TRUE,1,1,0,1,,,0.000
postgres,no_policy,7,21-30,"21,22,23,24,25,26,27,28,29,30",10,15,8,30.563,30.791,TRUE,0,0,0,1,,,0.000
postgres,no_policy,8,21-30,"21,22,23,24,25,26,27,28,29,30",10,15,4,30.786,30.879,TRUE,0,0,0,1,,,0.000
postgres,no_policy,9,21-30,"21,22,23,24,25,26,27,28,29,30",10,11,4,30.680,30.780,TRUE,0,0,0,1,,,0.000
postgres,no_policy,10,21-30,"21,22,23,24,25,26,27,28,29,30",10,9,8,30.678,30.740,TRUE,0,0,0,1,,,0.000
postgres,no_policy,11,21-30,"21,22,23,24,25,26,27,28,29,30",10,9,10,30.635,30.775,TRUE,0,0,0,1,,,0.000
postgres,no_policy,12,21-30,"21,22,23,24,25,26,27,28,29,30",10,11,6,30.735,30.796,TRUE,0,0,0,1,,,0.000
postgres,no_policy,13,21-30,"21,22,23,24,25,26,27,28,29,30",10,6,11,30.499,30.766,TRUE,0,0,0,1,,,0.000
postgres,no_policy,14,21-30,"21,22,23,24,25,26,27,28,29,30",10,4,13,30.499,30.631,TRUE,1,1,0,1,,,0.000
postgres,no_policy,15,21-30,"21,22,23,24,25,26,27,28,29,30",10,8,21,30.678,,UNKNOWN,,,,0,db_error,"ERROR:  relation ""revenue0"" does not exist LINE 1: ... s_address, s_phone, total_revenue from supplier, revenue0 w...                                                              ^",0.000
postgres,no_policy,16,21-30,"21,22,23,24,25,26,27,28,29,30",10,10,18,30.528,30.701,TRUE,0,0,0,1,,,0.000
postgres,no_policy,17,21-30,"21,22,23,24,25,26,27,28,29,30",10,5,13,30.724,30.809,TRUE,1,1,0,1,,,0.000
postgres,no_policy,18,21-30,"21,22,23,24,25,26,27,28,29,30",10,9,21,30.459,30.851,TRUE,0,0,0,1,,,0.000
postgres,no_policy,19,21-30,"21,22,23,24,25,26,27,28,29,30",10,28,13,30.729,30.812,TRUE,1,1,0,1,,,0.000
postgres,no_policy,20,21-30,"21,22,23,24,25,26,27,28,29,30",10,14,27,30.530,30.798,TRUE,0,0,0,1,,,0.000
postgres,no_policy,21,21-30,"21,22,23,24,25,26,27,28,29,30",10,17,21,30.677,30.724,TRUE,0,0,0,1,,,0.000
postgres,no_policy,22,21-30,"21,22,23,24,25,26,27,28,29,30",10,9,11,30.365,30.778,TRUE,0,0,0,1,,,0.000
postgres,view_based,1,21-30,"21,22,23,24,25,26,27,28,29,30",10,4,13,30.642,30.719,TRUE,0,0,2554,1,,,7.507
postgres,view_based,2,21-30,"21,22,23,24,25,26,27,28,29,30",10,15,10,30.517,30.596,TRUE,0,0,2688,1,,,7.507
postgres,view_based,3,21-30,"21,22,23,24,25,26,27,28,29,30",10,8,8,30.527,30.786,TRUE,0,0,2912,1,,,7.507
postgres,view_based,4,21-30,"21,22,23,24,25,26,27,28,29,30",10,9,16,30.538,30.693,TRUE,0,0,2240,1,,,7.507
postgres,view_based,5,21-30,"21,22,23,24,25,26,27,28,29,30",10,12,8,30.753,30.787,TRUE,0,0,2676,1,,,7.507
postgres,view_based,6,21-30,"21,22,23,24,25,26,27,28,29,30",10,6,13,30.571,30.819,TRUE,1,1,-1568,1,,,7.507
postgres,view_based,7,21-30,"21,22,23,24,25,26,27,28,29,30",10,15,8,30.608,30.896,TRUE,0,0,1120,1,,,7.507
postgres,view_based,8,21-30,"21,22,23,24,25,26,27,28,29,30",10,15,4,30.661,30.834,TRUE,0,0,672,1,,,7.507
postgres,view_based,9,21-30,"21,22,23,24,25,26,27,28,29,30",10,11,4,30.519,30.744,TRUE,0,0,1120,1,,,7.507
postgres,view_based,10,21-30,"21,22,23,24,25,26,27,28,29,30",10,9,8,30.817,30.964,TRUE,0,0,1568,1,,,7.507
postgres,view_based,11,21-30,"21,22,23,24,25,26,27,28,29,30",10,9,10,30.554,30.704,TRUE,0,0,896,1,,,7.507
postgres,view_based,12,21-30,"21,22,23,24,25,26,27,28,29,30",10,11,6,30.671,30.756,TRUE,0,0,1120,1,,,7.507
postgres,view_based,13,21-30,"21,22,23,24,25,26,27,28,29,30",10,6,11,30.643,30.731,TRUE,0,0,896,1,,,7.507
postgres,view_based,14,21-30,"21,22,23,24,25,26,27,28,29,30",10,4,13,30.662,30.836,TRUE,1,1,1568,1,,,7.507
postgres,view_based,15,21-30,"21,22,23,24,25,26,27,28,29,30",10,8,21,30.687,,UNKNOWN,,,,0,db_error,"ERROR:  relation ""revenue0"" does not exist LINE 1: ...phone, total_revenue from cf_v_supplier supplier, revenue0 w...                                                              ^",7.507
postgres,view_based,16,21-30,"21,22,23,24,25,26,27,28,29,30",10,10,18,30.669,30.742,TRUE,0,0,-3001,1,,,7.507
postgres,view_based,17,21-30,"21,22,23,24,25,26,27,28,29,30",10,5,13,30.493,30.872,TRUE,1,1,-1344,1,,,7.507
postgres,view_based,18,21-30,"21,22,23,24,25,26,27,28,29,30",10,9,21,30.601,30.816,TRUE,0,0,896,1,,,7.507
postgres,view_based,19,21-30,"21,22,23,24,25,26,27,28,29,30",10,28,13,30.686,30.829,TRUE,1,1,672,1,,,7.507
postgres,view_based,20,21-30,"21,22,23,24,25,26,27,28,29,30",10,14,27,30.806,30.683,TRUE,0,0,672,1,,,7.507
postgres,view_based,21,21-30,"21,22,23,24,25,26,27,28,29,30",10,17,21,30.696,30.830,TRUE,0,0,343,1,,,7.507
postgres,view_based,22,21-30,"21,22,23,24,25,26,27,28,29,30",10,9,11,30.581,30.606,TRUE,0,0,0,1,,,7.507
postgres,rls,1,21-30,"21,22,23,24,25,26,27,28,29,30",10,4,13,30.536,30.707,TRUE,0,0,3002,1,,,0.000
postgres,rls,2,21-30,"21,22,23,24,25,26,27,28,29,30",10,15,10,30.472,30.752,TRUE,0,0,2016,1,,,0.000
postgres,rls,3,21-30,"21,22,23,24,25,26,27,28,29,30",10,8,8,30.588,30.741,TRUE,0,0,3987,1,,,0.000
postgres,rls,4,21-30,"21,22,23,24,25,26,27,28,29,30",10,9,16,30.843,30.825,TRUE,0,0,-672,1,,,0.000
postgres,rls,5,21-30,"21,22,23,24,25,26,27,28,29,30",10,12,8,30.785,30.913,TRUE,0,0,-2240,1,,,0.000
postgres,rls,6,21-30,"21,22,23,24,25,26,27,28,29,30",10,6,13,30.797,30.742,TRUE,1,1,-2688,1,,,0.000
postgres,rls,7,21-30,"21,22,23,24,25,26,27,28,29,30",10,15,8,30.803,30.733,TRUE,0,0,672,1,,,0.000
postgres,rls,8,21-30,"21,22,23,24,25,26,27,28,29,30",10,15,4,30.720,30.825,TRUE,0,0,-329,1,,,0.000
postgres,rls,9,21-30,"21,22,23,24,25,26,27,28,29,30",10,11,4,30.498,30.773,TRUE,0,0,224,1,,,0.000
postgres,rls,10,21-30,"21,22,23,24,25,26,27,28,29,30",10,9,8,30.630,30.712,TRUE,0,0,448,1,,,0.000
postgres,rls,11,21-30,"21,22,23,24,25,26,27,28,29,30",10,9,10,30.820,30.744,TRUE,0,0,672,1,,,0.000
postgres,rls,12,21-30,"21,22,23,24,25,26,27,28,29,30",10,11,6,30.544,30.673,TRUE,0,0,224,1,,,0.000
postgres,rls,13,21-30,"21,22,23,24,25,26,27,28,29,30",10,6,11,30.675,30.821,TRUE,0,0,4032,1,,,0.000
postgres,rls,14,21-30,"21,22,23,24,25,26,27,28,29,30",10,4,13,30.631,30.748,TRUE,1,1,672,1,,,0.000
postgres,rls,15,21-30,"21,22,23,24,25,26,27,28,29,30",10,8,21,30.905,,UNKNOWN,,,,0,db_error,"ERROR:  relation ""revenue0"" does not exist LINE 1: ... s_address, s_phone, total_revenue from supplier, revenue0 w...                                                              ^",0.000
postgres,rls,16,21-30,"21,22,23,24,25,26,27,28,29,30",10,10,18,30.862,30.824,TRUE,0,0,1748,1,,,0.000
postgres,rls,17,21-30,"21,22,23,24,25,26,27,28,29,30",10,5,13,30.610,30.696,TRUE,1,1,-2016,1,,,0.000
postgres,rls,18,21-30,"21,22,23,24,25,26,27,28,29,30",10,9,21,30.764,30.843,TRUE,0,0,448,1,,,0.000
postgres,rls,19,21-30,"21,22,23,24,25,26,27,28,29,30",10,28,13,30.559,30.772,TRUE,1,1,-896,1,,,0.000
postgres,rls,20,21-30,"21,22,23,24,25,26,27,28,29,30",10,14,27,30.789,30.700,TRUE,0,0,-224,1,,,0.000
postgres,rls,21,21-30,"21,22,23,24,25,26,27,28,29,30",10,17,21,30.792,30.756,TRUE,0,0,0,1,,,0.000
postgres,rls,22,21-30,"21,22,23,24,25,26,27,28,29,30",10,9,11,30.572,30.844,TRUE,0,0,-448,1,,,0.000
postgres,rls_index,1,21-30,"21,22,23,24,25,26,27,28,29,30",10,4,13,30.590,30.687,TRUE,0,0,2774,1,,,87.285
postgres,rls_index,2,21-30,"21,22,23,24,25,26,27,28,29,30",10,15,10,30.577,30.848,TRUE,0,0,4256,1,,,87.285
postgres,rls_index,3,21-30,"21,22,23,24,25,26,27,28,29,30",10,8,8,30.488,30.761,TRUE,0,0,5600,1,,,87.285
postgres,rls_index,4,21-30,"21,22,23,24,25,26,27,28,29,30",10,9,16,30.471,30.768,TRUE,0,0,4928,1,,,87.285
postgres,rls_index,5,21-30,"21,22,23,24,25,26,27,28,29,30",10,12,8,30.718,30.763,TRUE,0,0,4623,1,,,87.285
postgres,rls_index,6,21-30,"21,22,23,24,25,26,27,28,29,30",10,6,13,30.530,30.799,TRUE,1,1,3808,1,,,87.285
postgres,rls_index,7,21-30,"21,22,23,24,25,26,27,28,29,30",10,15,8,30.692,30.721,TRUE,0,0,7168,1,,,87.285
postgres,rls_index,8,21-30,"21,22,23,24,25,26,27,28,29,30",10,15,4,30.725,30.704,TRUE,0,0,6742,1,,,87.285
postgres,rls_index,9,21-30,"21,22,23,24,25,26,27,28,29,30",10,11,4,30.543,30.800,TRUE,0,0,6720,1,,,87.285
postgres,rls_index,10,21-30,"21,22,23,24,25,26,27,28,29,30",10,9,8,30.773,30.804,TRUE,0,0,7257,1,,,87.285
postgres,rls_index,11,21-30,"21,22,23,24,25,26,27,28,29,30",10,9,10,30.608,30.743,TRUE,0,0,6585,1,,,87.285
postgres,rls_index,12,21-30,"21,22,23,24,25,26,27,28,29,30",10,11,6,30.521,30.737,TRUE,0,0,-448,1,,,87.285
postgres,rls_index,13,21-30,"21,22,23,24,25,26,27,28,29,30",10,6,11,30.511,30.826,TRUE,0,0,-1344,1,,,87.285
postgres,rls_index,14,21-30,"21,22,23,24,25,26,27,28,29,30",10,4,13,30.763,30.819,TRUE,1,1,448,1,,,87.285
postgres,rls_index,15,21-30,"21,22,23,24,25,26,27,28,29,30",10,8,21,30.525,,UNKNOWN,,,,0,db_error,"ERROR:  relation ""revenue0"" does not exist LINE 1: ... s_address, s_phone, total_revenue from supplier, revenue0 w...                                                              ^",87.285
postgres,rls_index,16,21-30,"21,22,23,24,25,26,27,28,29,30",10,10,18,30.518,30.810,TRUE,0,0,-44,1,,,87.285
postgres,rls_index,17,21-30,"21,22,23,24,25,26,27,28,29,30",10,5,13,30.596,30.720,TRUE,1,1,-3181,1,,,87.285
postgres,rls_index,18,21-30,"21,22,23,24,25,26,27,28,29,30",10,9,21,30.619,30.684,TRUE,0,0,-896,1,,,87.285
postgres,rls_index,19,21-30,"21,22,23,24,25,26,27,28,29,30",10,28,13,30.663,30.750,TRUE,1,1,-2240,1,,,87.285
postgres,rls_index,20,21-30,"21,22,23,24,25,26,27,28,29,30",10,14,27,30.554,30.825,TRUE,0,0,-2020,1,,,87.285
postgres,rls_index,21,21-30,"21,22,23,24,25,26,27,28,29,30",10,17,21,30.708,30.791,TRUE,0,0,6008,1,,,87.285
postgres,rls_index,22,21-30,"21,22,23,24,25,26,27,28,29,30",10,9,11,30.717,30.694,TRUE,0,0,-1792,1,,,87.285
postgres,sieve,1,21-30,"21,22,23,24,25,26,27,28,29,30",10,4,13,30.775,30.894,TRUE,0,0,1210,1,,,10.856
postgres,sieve,2,21-30,"21,22,23,24,25,26,27,28,29,30",10,15,10,30.770,30.815,TRUE,0,0,448,1,,,10.856
postgres,sieve,3,21-30,"21,22,23,24,25,26,27,28,29,30",10,8,8,30.541,30.825,TRUE,0,0,224,1,,,10.856
postgres,sieve,4,21-30,"21,22,23,24,25,26,27,28,29,30",10,9,16,30.672,30.893,TRUE,0,0,448,1,,,10.856
postgres,sieve,5,21-30,"21,22,23,24,25,26,27,28,29,30",10,12,8,30.582,30.689,TRUE,0,0,-1792,1,,,10.856
postgres,sieve,6,21-30,"21,22,23,24,25,26,27,28,29,30",10,6,13,30.548,30.728,TRUE,1,1,-896,1,,,10.856
postgres,sieve,7,21-30,"21,22,23,24,25,26,27,28,29,30",10,15,8,30.430,30.738,TRUE,0,0,1919,1,,,10.856
postgres,sieve,8,21-30,"21,22,23,24,25,26,27,28,29,30",10,15,4,30.739,30.890,TRUE,0,0,1344,1,,,10.856
postgres,sieve,9,21-30,"21,22,23,24,25,26,27,28,29,30",10,11,4,30.645,30.791,TRUE,0,0,5519,1,,,10.856
postgres,sieve,10,21-30,"21,22,23,24,25,26,27,28,29,30",10,9,8,30.663,30.537,TRUE,0,0,224,1,,,10.856
postgres,sieve,11,21-30,"21,22,23,24,25,26,27,28,29,30",10,9,10,30.392,30.708,TRUE,0,0,448,1,,,10.856
postgres,sieve,12,21-30,"21,22,23,24,25,26,27,28,29,30",10,11,6,30.698,30.745,TRUE,0,0,672,1,,,10.856
postgres,sieve,13,21-30,"21,22,23,24,25,26,27,28,29,30",10,6,11,30.530,30.658,TRUE,0,0,224,1,,,10.856
postgres,sieve,14,21-30,"21,22,23,24,25,26,27,28,29,30",10,4,13,30.746,30.765,TRUE,1,1,896,1,,,10.856
postgres,sieve,15,21-30,"21,22,23,24,25,26,27,28,29,30",10,8,21,30.622,,UNKNOWN,,,,0,db_error,"ERROR:  relation ""revenue0"" does not exist LINE 1: ...hone, total_revenue from cf_sv_supplier supplier, revenue0 w...                                                              ^",10.856
postgres,sieve,16,21-30,"21,22,23,24,25,26,27,28,29,30",10,10,18,30.699,30.799,TRUE,0,0,-44,1,,,10.856
postgres,sieve,17,21-30,"21,22,23,24,25,26,27,28,29,30",10,5,13,30.785,30.710,TRUE,1,1,-2733,1,,,10.856
postgres,sieve,18,21-30,"21,22,23,24,25,26,27,28,29,30",10,9,21,30.603,30.786,TRUE,0,0,-1120,1,,,10.856
postgres,sieve,19,21-30,"21,22,23,24,25,26,27,28,29,30",10,28,13,30.572,30.690,TRUE,1,1,-2240,1,,,10.856
postgres,sieve,20,21-30,"21,22,23,24,25,26,27,28,29,30",10,14,27,30.800,30.745,TRUE,0,0,-1633,1,,,10.856
postgres,sieve,21,21-30,"21,22,23,24,25,26,27,28,29,30",10,17,21,30.480,30.577,TRUE,0,0,-1613,1,,,10.856
postgres,sieve,22,21-30,"21,22,23,24,25,26,27,28,29,30",10,9,11,30.769,30.907,TRUE,0,0,-2016,1,,,10.856
postgres,sieve_index,1,21-30,"21,22,23,24,25,26,27,28,29,30",10,4,13,30.789,30.753,TRUE,0,0,1434,1,,,113.139
postgres,sieve_index,2,21-30,"21,22,23,24,25,26,27,28,29,30",10,15,10,30.657,30.625,TRUE,0,0,179,1,,,113.139
postgres,sieve_index,3,21-30,"21,22,23,24,25,26,27,28,29,30",10,8,8,30.647,30.689,TRUE,0,0,896,1,,,113.139
postgres,sieve_index,4,21-30,"21,22,23,24,25,26,27,28,29,30",10,9,16,30.591,30.757,TRUE,0,0,1478,1,,,113.139
postgres,sieve_index,5,21-30,"21,22,23,24,25,26,27,28,29,30",10,12,8,30.696,30.871,TRUE,0,0,155,1,,,113.139
postgres,sieve_index,6,21-30,"21,22,23,24,25,26,27,28,29,30",10,6,13,30.563,30.784,TRUE,1,1,179,1,,,113.139
postgres,sieve_index,7,21-30,"21,22,23,24,25,26,27,28,29,30",10,15,8,30.800,30.829,TRUE,0,0,2351,1,,,113.139
postgres,sieve_index,8,21-30,"21,22,23,24,25,26,27,28,29,30",10,15,4,30.486,30.787,TRUE,0,0,1643,1,,,113.139
postgres,sieve_index,9,21-30,"21,22,23,24,25,26,27,28,29,30",10,11,4,30.778,30.899,TRUE,0,0,2179,1,,,113.139
postgres,sieve_index,10,21-30,"21,22,23,24,25,26,27,28,29,30",10,9,8,30.845,30.873,TRUE,0,0,2240,1,,,113.139
postgres,sieve_index,11,21-30,"21,22,23,24,25,26,27,28,29,30",10,9,10,30.734,30.858,TRUE,0,0,1792,1,,,113.139
postgres,sieve_index,12,21-30,"21,22,23,24,25,26,27,28,29,30",10,11,6,30.772,30.840,TRUE,0,0,2464,1,,,113.139
postgres,sieve_index,13,21-30,"21,22,23,24,25,26,27,28,29,30",10,6,11,30.516,30.804,TRUE,0,0,896,1,,,113.139
postgres,sieve_index,14,21-30,"21,22,23,24,25,26,27,28,29,30",10,4,13,30.690,30.889,TRUE,1,1,2464,1,,,113.139
postgres,sieve_index,15,21-30,"21,22,23,24,25,26,27,28,29,30",10,8,21,30.614,,UNKNOWN,,,,0,db_error,"ERROR:  relation ""revenue0"" does not exist LINE 1: ...hone, total_revenue from cf_sv_supplier supplier, revenue0 w...                                                              ^",113.139
postgres,sieve_index,16,21-30,"21,22,23,24,25,26,27,28,29,30",10,10,18,30.586,30.778,TRUE,0,0,1748,1,,,113.139
postgres,sieve_index,17,21-30,"21,22,23,24,25,26,27,28,29,30",10,5,13,30.637,30.852,TRUE,1,1,-896,1,,,113.139
postgres,sieve_index,18,21-30,"21,22,23,24,25,26,27,28,29,30",10,9,21,30.637,30.697,TRUE,0,0,672,1,,,113.139
postgres,sieve_index,19,21-30,"21,22,23,24,25,26,27,28,29,30",10,28,13,30.514,30.865,TRUE,1,1,-224,1,,,113.139
postgres,sieve_index,20,21-30,"21,22,23,24,25,26,27,28,29,30",10,14,27,30.635,30.805,TRUE,0,0,224,1,,,113.139
postgres,sieve_index,21,21-30,"21,22,23,24,25,26,27,28,29,30",10,17,21,30.574,30.854,TRUE,0,0,726,1,,,113.139
postgres,sieve_index,22,21-30,"21,22,23,24,25,26,27,28,29,30",10,9,11,30.670,30.815,TRUE,0,0,-1120,1,,,113.139
postgres,ours,1,21-30,"21,22,23,24,25,26,27,28,29,30",10,4,13,30.746,30.876,TRUE,0,0,8154,1,,,5.986
postgres,ours,2,21-30,"21,22,23,24,25,26,27,28,29,30",10,15,10,30.818,30.920,TRUE,0,0,7840,1,,,5.986
postgres,ours,3,21-30,"21,22,23,24,25,26,27,28,29,30",10,8,8,31.003,30.958,TRUE,0,0,8019,1,,,5.986
postgres,ours,4,21-30,"21,22,23,24,25,26,27,28,29,30",10,9,16,30.912,30.947,TRUE,0,0,8288,1,,,5.986
postgres,ours,5,21-30,"21,22,23,24,25,26,27,28,29,30",10,12,8,31.020,30.868,TRUE,0,0,5689,1,,,5.986
postgres,ours,6,21-30,"21,22,23,24,25,26,27,28,29,30",10,6,13,30.822,31.054,TRUE,1,1,6720,1,,,5.986
postgres,ours,7,21-30,"21,22,23,24,25,26,27,28,29,30",10,15,8,30.768,30.868,TRUE,0,0,8288,1,,,5.986
postgres,ours,8,21-30,"21,22,23,24,25,26,27,28,29,30",10,15,4,30.895,30.917,TRUE,0,0,8288,1,,,5.986
postgres,ours,9,21-30,"21,22,23,24,25,26,27,28,29,30",10,11,4,31.029,30.902,TRUE,0,0,8467,1,,,5.986
postgres,ours,10,21-30,"21,22,23,24,25,26,27,28,29,30",10,9,8,30.814,30.861,TRUE,0,0,8288,1,,,5.986
postgres,ours,11,21-30,"21,22,23,24,25,26,27,28,29,30",10,9,10,30.732,30.861,TRUE,0,0,8512,1,,,5.986
postgres,ours,12,21-30,"21,22,23,24,25,26,27,28,29,30",10,11,6,30.661,30.795,TRUE,0,0,8243,1,,,5.986
postgres,ours,13,21-30,"21,22,23,24,25,26,27,28,29,30",10,6,11,30.499,30.825,TRUE,0,0,8288,1,,,5.986
postgres,ours,14,21-30,"21,22,23,24,25,26,27,28,29,30",10,4,13,30.573,30.856,TRUE,1,1,8512,1,,,5.986
postgres,ours,15,21-30,"21,22,23,24,25,26,27,28,29,30",10,8,21,30.890,,UNKNOWN,,,,0,db_error,"ERROR:  relation ""revenue0"" does not exist LINE 1: ... s_address, s_phone, total_revenue from supplier, revenue0 w...                                                              ^",5.986
postgres,ours,16,21-30,"21,22,23,24,25,26,27,28,29,30",10,10,18,30.899,30.803,TRUE,0,0,7796,1,,,5.986
postgres,ours,17,21-30,"21,22,23,24,25,26,27,28,29,30",10,5,13,30.753,30.848,TRUE,1,1,5152,1,,,5.986
postgres,ours,18,21-30,"21,22,23,24,25,26,27,28,29,30",10,9,21,30.755,30.963,TRUE,0,0,7033,1,,,5.986
postgres,ours,19,21-30,"21,22,23,24,25,26,27,28,29,30",10,28,13,30.615,30.981,TRUE,1,1,5824,1,,,5.986
postgres,ours,20,21-30,"21,22,23,24,25,26,27,28,29,30",10,14,27,30.816,30.978,TRUE,0,0,6272,1,,,5.986
postgres,ours,21,21-30,"21,22,23,24,25,26,27,28,29,30",10,17,21,30.679,30.923,TRUE,0,0,6496,1,,,5.986
postgres,ours,22,21-30,"21,22,23,24,25,26,27,28,29,30",10,9,11,30.845,30.933,TRUE,0,0,6496,1,,,5.986
postgres,no_policy,1,5-15_U_25-30,"5,6,7,8,9,10,11,12,13,14,15,25,26,27,28,29,30",17,4,29,30.576,30.837,TRUE,0,0,0,1,,,0.000
postgres,no_policy,2,5-15_U_25-30,"5,6,7,8,9,10,11,12,13,14,15,25,26,27,28,29,30",17,15,8,30.600,30.819,TRUE,0,0,0,1,,,0.000
postgres,no_policy,3,5-15_U_25-30,"5,6,7,8,9,10,11,12,13,14,15,25,26,27,28,29,30",17,8,58,30.574,30.739,TRUE,0,0,0,1,,,0.000
postgres,no_policy,4,5-15_U_25-30,"5,6,7,8,9,10,11,12,13,14,15,25,26,27,28,29,30",17,9,55,30.699,30.873,TRUE,0,0,0,1,,,0.000
postgres,no_policy,5,5-15_U_25-30,"5,6,7,8,9,10,11,12,13,14,15,25,26,27,28,29,30",17,12,58,30.743,30.814,TRUE,0,0,0,1,,,0.000
postgres,no_policy,6,5-15_U_25-30,"5,6,7,8,9,10,11,12,13,14,15,25,26,27,28,29,30",17,6,29,30.444,30.702,TRUE,1,1,0,1,,,0.000
postgres,no_policy,7,5-15_U_25-30,"5,6,7,8,9,10,11,12,13,14,15,25,26,27,28,29,30",17,15,8,30.607,30.804,TRUE,0,0,0,1,,,0.000
postgres,no_policy,8,5-15_U_25-30,"5,6,7,8,9,10,11,12,13,14,15,25,26,27,28,29,30",17,15,4,30.813,30.812,TRUE,0,0,0,1,,,0.000
postgres,no_policy,9,5-15_U_25-30,"5,6,7,8,9,10,11,12,13,14,15,25,26,27,28,29,30",17,11,4,30.789,30.836,TRUE,0,0,0,1,,,0.000
postgres,no_policy,10,5-15_U_25-30,"5,6,7,8,9,10,11,12,13,14,15,25,26,27,28,29,30",17,9,58,30.701,30.840,TRUE,0,0,0,1,,,0.000
postgres,no_policy,11,5-15_U_25-30,"5,6,7,8,9,10,11,12,13,14,15,25,26,27,28,29,30",17,9,8,30.689,30.814,TRUE,0,0,0,1,,,0.000
postgres,no_policy,12,5-15_U_25-30,"5,6,7,8,9,10,11,12,13,14,15,25,26,27,28,29,30",17,11,40,30.438,30.664,TRUE,0,0,0,1,,,0.000
postgres,no_policy,13,5-15_U_25-30,"5,6,7,8,9,10,11,12,13,14,15,25,26,27,28,29,30",17,6,72,30.785,30.816,TRUE,0,0,0,1,,,0.000
postgres,no_policy,14,5-15_U_25-30,"5,6,7,8,9,10,11,12,13,14,15,25,26,27,28,29,30",17,4,29,30.739,30.881,TRUE,1,1,0,1,,,0.000
postgres,no_policy,15,5-15_U_25-30,"5,6,7,8,9,10,11,12,13,14,15,25,26,27,28,29,30",17,8,37,30.805,,UNKNOWN,,,,0,db_error,"ERROR:  relation ""revenue0"" does not exist LINE 1: ... s_address, s_phone, total_revenue from supplier, revenue0 w...                                                              ^",0.000
postgres,no_policy,16,5-15_U_25-30,"5,6,7,8,9,10,11,12,13,14,15,25,26,27,28,29,30",17,10,16,30.566,30.812,TRUE,0,0,0,1,,,0.000
postgres,no_policy,17,5-15_U_25-30,"5,6,7,8,9,10,11,12,13,14,15,25,26,27,28,29,30",17,5,29,30.726,30.927,TRUE,1,1,0,1,,,0.000
postgres,no_policy,18,5-15_U_25-30,"5,6,7,8,9,10,11,12,13,14,15,25,26,27,28,29,30",17,9,87,30.694,30.811,TRUE,0,0,0,1,,,0.000
postgres,no_policy,19,5-15_U_25-30,"5,6,7,8,9,10,11,12,13,14,15,25,26,27,28,29,30",17,28,29,30.543,30.709,TRUE,1,1,0,1,,,0.000
postgres,no_policy,20,5-15_U_25-30,"5,6,7,8,9,10,11,12,13,14,15,25,26,27,28,29,30",17,14,41,30.766,30.892,TRUE,0,0,0,1,,,0.000
postgres,no_policy,21,5-15_U_25-30,"5,6,7,8,9,10,11,12,13,14,15,25,26,27,28,29,30",17,17,37,30.805,30.974,TRUE,0,0,0,1,,,0.000
postgres,no_policy,22,5-15_U_25-30,"5,6,7,8,9,10,11,12,13,14,15,25,26,27,28,29,30",17,9,72,30.617,30.900,TRUE,0,0,0,1,,,0.000
postgres,view_based,1,5-15_U_25-30,"5,6,7,8,9,10,11,12,13,14,15,25,26,27,28,29,30",17,4,29,30.462,30.773,TRUE,0,0,896,1,,,10.970
postgres,view_based,2,5-15_U_25-30,"5,6,7,8,9,10,11,12,13,14,15,25,26,27,28,29,30",17,15,8,30.729,30.808,TRUE,0,0,896,1,,,10.970
postgres,view_based,3,5-15_U_25-30,"5,6,7,8,9,10,11,12,13,14,15,25,26,27,28,29,30",17,8,58,30.691,30.703,TRUE,0,0,1904,1,,,10.970
postgres,view_based,4,5-15_U_25-30,"5,6,7,8,9,10,11,12,13,14,15,25,26,27,28,29,30",17,9,55,30.597,30.773,TRUE,0,0,943,1,,,10.970
postgres,view_based,5,5-15_U_25-30,"5,6,7,8,9,10,11,12,13,14,15,25,26,27,28,29,30",17,12,58,30.511,30.745,TRUE,0,0,1168,1,,,10.970
postgres,view_based,6,5-15_U_25-30,"5,6,7,8,9,10,11,12,13,14,15,25,26,27,28,29,30",17,6,29,30.674,30.830,TRUE,1,1,1792,1,,,10.970
postgres,view_based,7,5-15_U_25-30,"5,6,7,8,9,10,11,12,13,14,15,25,26,27,28,29,30",17,15,8,30.825,30.767,TRUE,0,0,904,1,,,10.970
postgres,view_based,8,5-15_U_25-30,"5,6,7,8,9,10,11,12,13,14,15,25,26,27,28,29,30",17,15,4,30.577,30.782,TRUE,0,0,570,1,,,10.970
postgres,view_based,9,5-15_U_25-30,"5,6,7,8,9,10,11,12,13,14,15,25,26,27,28,29,30",17,11,4,30.698,30.882,TRUE,0,0,1014,1,,,10.970
postgres,view_based,10,5-15_U_25-30,"5,6,7,8,9,10,11,12,13,14,15,25,26,27,28,29,30",17,9,58,30.585,30.692,TRUE,0,0,1098,1,,,10.970
postgres,view_based,11,5-15_U_25-30,"5,6,7,8,9,10,11,12,13,14,15,25,26,27,28,29,30",17,9,8,30.461,30.801,TRUE,0,0,448,1,,,10.970
postgres,view_based,12,5-15_U_25-30,"5,6,7,8,9,10,11,12,13,14,15,25,26,27,28,29,30",17,11,40,30.366,30.754,TRUE,0,0,2075,1,,,10.970
postgres,view_based,13,5-15_U_25-30,"5,6,7,8,9,10,11,12,13,14,15,25,26,27,28,29,30",17,6,72,30.695,30.880,TRUE,0,0,1699,1,,,10.970
postgres,view_based,14,5-15_U_25-30,"5,6,7,8,9,10,11,12,13,14,15,25,26,27,28,29,30",17,4,29,30.558,30.884,TRUE,1,1,1120,1,,,10.970
postgres,view_based,15,5-15_U_25-30,"5,6,7,8,9,10,11,12,13,14,15,25,26,27,28,29,30",17,8,37,30.746,,UNKNOWN,,,,0,db_error,"ERROR:  relation ""revenue0"" does not exist LINE 1: ...phone, total_revenue from cf_v_supplier supplier, revenue0 w...                                                              ^",10.970
postgres,view_based,16,5-15_U_25-30,"5,6,7,8,9,10,11,12,13,14,15,25,26,27,28,29,30",17,10,16,30.695,30.728,TRUE,0,0,1344,1,,,10.970
postgres,view_based,17,5-15_U_25-30,"5,6,7,8,9,10,11,12,13,14,15,25,26,27,28,29,30",17,5,29,30.382,30.822,TRUE,1,1,896,1,,,10.970
postgres,view_based,18,5-15_U_25-30,"5,6,7,8,9,10,11,12,13,14,15,25,26,27,28,29,30",17,9,87,30.757,30.824,TRUE,0,0,1333,1,,,10.970
postgres,view_based,19,5-15_U_25-30,"5,6,7,8,9,10,11,12,13,14,15,25,26,27,28,29,30",17,28,29,30.778,30.883,TRUE,1,1,672,1,,,10.970
postgres,view_based,20,5-15_U_25-30,"5,6,7,8,9,10,11,12,13,14,15,25,26,27,28,29,30",17,14,41,30.617,30.846,TRUE,0,0,224,1,,,10.970
postgres,view_based,21,5-15_U_25-30,"5,6,7,8,9,10,11,12,13,14,15,25,26,27,28,29,30",17,17,37,30.527,30.849,TRUE,0,0,996,1,,,10.970
postgres,view_based,22,5-15_U_25-30,"5,6,7,8,9,10,11,12,13,14,15,25,26,27,28,29,30",17,9,72,30.798,30.777,TRUE,0,0,1367,1,,,10.970
postgres,rls,1,5-15_U_25-30,"5,6,7,8,9,10,11,12,13,14,15,25,26,27,28,29,30",17,4,29,30.780,30.760,TRUE,0,0,1970,1,,,0.000
postgres,rls,2,5-15_U_25-30,"5,6,7,8,9,10,11,12,13,14,15,25,26,27,28,29,30",17,15,8,30.849,30.931,TRUE,0,0,1344,1,,,0.000
postgres,rls,3,5-15_U_25-30,"5,6,7,8,9,10,11,12,13,14,15,25,26,27,28,29,30",17,8,58,30.590,30.792,TRUE,0,0,2492,1,,,0.000
postgres,rls,4,5-15_U_25-30,"5,6,7,8,9,10,11,12,13,14,15,25,26,27,28,29,30",17,9,55,30.676,30.919,TRUE,0,0,1490,1,,,0.000
postgres,rls,5,5-15_U_25-30,"5,6,7,8,9,10,11,12,13,14,15,25,26,27,28,29,30",17,12,58,30.712,30.778,TRUE,0,0,1349,1,,,0.000
postgres,rls,6,5-15_U_25-30,"5,6,7,8,9,10,11,12,13,14,15,25,26,27,28,29,30",17,6,29,30.589,30.827,TRUE,1,1,3024,1,,,0.000
postgres,rls,7,5-15_U_25-30,"5,6,7,8,9,10,11,12,13,14,15,25,26,27,28,29,30",17,15,8,30.532,30.774,TRUE,0,0,1724,1,,,0.000
postgres,rls,8,5-15_U_25-30,"5,6,7,8,9,10,11,12,13,14,15,25,26,27,28,29,30",17,15,4,30.489,30.718,TRUE,0,0,1729,1,,,0.000
postgres,rls,9,5-15_U_25-30,"5,6,7,8,9,10,11,12,13,14,15,25,26,27,28,29,30",17,11,4,30.772,30.899,TRUE,0,0,1178,1,,,0.000
postgres,rls,10,5-15_U_25-30,"5,6,7,8,9,10,11,12,13,14,15,25,26,27,28,29,30",17,9,58,30.617,30.855,TRUE,0,0,1812,1,,,0.000
postgres,rls,11,5-15_U_25-30,"5,6,7,8,9,10,11,12,13,14,15,25,26,27,28,29,30",17,9,8,30.590,30.789,TRUE,0,0,1731,1,,,0.000
postgres,rls,12,5-15_U_25-30,"5,6,7,8,9,10,11,12,13,14,15,25,26,27,28,29,30",17,11,40,30.558,30.805,TRUE,0,0,2681,1,,,0.000
postgres,rls,13,5-15_U_25-30,"5,6,7,8,9,10,11,12,13,14,15,25,26,27,28,29,30",17,6,72,30.691,30.920,TRUE,0,0,2257,1,,,0.000
postgres,rls,14,5-15_U_25-30,"5,6,7,8,9,10,11,12,13,14,15,25,26,27,28,29,30",17,4,29,30.674,30.748,TRUE,1,1,1581,1,,,0.000
postgres,rls,15,5-15_U_25-30,"5,6,7,8,9,10,11,12,13,14,15,25,26,27,28,29,30",17,8,37,30.911,,UNKNOWN,,,,0,db_error,"ERROR:  relation ""revenue0"" does not exist LINE 1: ... s_address, s_phone, total_revenue from supplier, revenue0 w...                                                              ^",0.000
postgres,rls,16,5-15_U_25-30,"5,6,7,8,9,10,11,12,13,14,15,25,26,27,28,29,30",17,10,16,30.812,30.906,TRUE,0,0,1568,1,,,0.000
postgres,rls,17,5-15_U_25-30,"5,6,7,8,9,10,11,12,13,14,15,25,26,27,28,29,30",17,5,29,30.734,30.892,TRUE,1,1,1532,1,,,0.000
postgres,rls,18,5-15_U_25-30,"5,6,7,8,9,10,11,12,13,14,15,25,26,27,28,29,30",17,9,87,30.472,30.902,TRUE,0,0,6167,1,,,0.000
postgres,rls,19,5-15_U_25-30,"5,6,7,8,9,10,11,12,13,14,15,25,26,27,28,29,30",17,28,29,30.537,30.794,TRUE,1,1,1532,1,,,0.000
postgres,rls,20,5-15_U_25-30,"5,6,7,8,9,10,11,12,13,14,15,25,26,27,28,29,30",17,14,41,30.754,30.816,TRUE,0,0,1290,1,,,0.000
postgres,rls,21,5-15_U_25-30,"5,6,7,8,9,10,11,12,13,14,15,25,26,27,28,29,30",17,17,37,30.526,30.838,TRUE,0,0,7717,1,,,0.000
postgres,rls,22,5-15_U_25-30,"5,6,7,8,9,10,11,12,13,14,15,25,26,27,28,29,30",17,9,72,30.549,30.701,TRUE,0,0,956,1,,,0.000
postgres,rls_index,1,5-15_U_25-30,"5,6,7,8,9,10,11,12,13,14,15,25,26,27,28,29,30",17,4,29,30.602,30.610,TRUE,0,0,3090,1,,,107.876
postgres,rls_index,2,5-15_U_25-30,"5,6,7,8,9,10,11,12,13,14,15,25,26,27,28,29,30",17,15,8,30.475,30.622,TRUE,0,0,2631,1,,,107.876
postgres,rls_index,3,5-15_U_25-30,"5,6,7,8,9,10,11,12,13,14,15,25,26,27,28,29,30",17,8,58,30.722,30.708,TRUE,0,0,4429,1,,,107.876
postgres,rls_index,4,5-15_U_25-30,"5,6,7,8,9,10,11,12,13,14,15,25,26,27,28,29,30",17,9,55,30.766,30.754,TRUE,0,0,3920,1,,,107.876
postgres,rls_index,5,5-15_U_25-30,"5,6,7,8,9,10,11,12,13,14,15,25,26,27,28,29,30",17,12,58,30.649,30.706,TRUE,0,0,7048,1,,,107.876
postgres,rls_index,6,5-15_U_25-30,"5,6,7,8,9,10,11,12,13,14,15,25,26,27,28,29,30",17,6,29,30.608,30.561,TRUE,1,1,5202,1,,,107.876
postgres,rls_index,7,5-15_U_25-30,"5,6,7,8,9,10,11,12,13,14,15,25,26,27,28,29,30",17,15,8,30.674,30.593,TRUE,0,0,4168,1,,,107.876
postgres,rls_index,8,5-15_U_25-30,"5,6,7,8,9,10,11,12,13,14,15,25,26,27,28,29,30",17,15,4,30.451,30.711,TRUE,0,0,5836,1,,,107.876
postgres,rls_index,9,5-15_U_25-30,"5,6,7,8,9,10,11,12,13,14,15,25,26,27,28,29,30",17,11,4,30.608,30.675,TRUE,0,0,2930,1,,,107.876
postgres,rls_index,10,5-15_U_25-30,"5,6,7,8,9,10,11,12,13,14,15,25,26,27,28,29,30",17,9,58,30.479,30.664,TRUE,0,0,3765,1,,,107.876
postgres,rls_index,11,5-15_U_25-30,"5,6,7,8,9,10,11,12,13,14,15,25,26,27,28,29,30",17,9,8,30.391,30.578,TRUE,0,0,2912,1,,,107.876
postgres,rls_index,12,5-15_U_25-30,"5,6,7,8,9,10,11,12,13,14,15,25,26,27,28,29,30",17,11,40,30.420,30.597,TRUE,0,0,4555,1,,,107.876
postgres,rls_index,13,5-15_U_25-30,"5,6,7,8,9,10,11,12,13,14,15,25,26,27,28,29,30",17,6,72,30.602,30.705,TRUE,0,0,2812,1,,,107.876
postgres,rls_index,14,5-15_U_25-30,"5,6,7,8,9,10,11,12,13,14,15,25,26,27,28,29,30",17,4,29,30.558,30.609,TRUE,1,1,3940,1,,,107.876
postgres,rls_index,15,5-15_U_25-30,"5,6,7,8,9,10,11,12,13,14,15,25,26,27,28,29,30",17,8,37,30.565,,UNKNOWN,,,,0,db_error,"ERROR:  relation ""revenue0"" does not exist LINE 1: ... s_address, s_phone, total_revenue from supplier, revenue0 w...                                                              ^",107.876
postgres,rls_index,16,5-15_U_25-30,"5,6,7,8,9,10,11,12,13,14,15,25,26,27,28,29,30",17,10,16,30.608,30.826,TRUE,0,0,3136,1,,,107.876
postgres,rls_index,17,5-15_U_25-30,"5,6,7,8,9,10,11,12,13,14,15,25,26,27,28,29,30",17,5,29,30.528,30.666,TRUE,1,1,8534,1,,,107.876
postgres,rls_index,18,5-15_U_25-30,"5,6,7,8,9,10,11,12,13,14,15,25,26,27,28,29,30",17,9,87,30.481,30.777,TRUE,0,0,9523,1,,,107.876
postgres,rls_index,19,5-15_U_25-30,"5,6,7,8,9,10,11,12,13,14,15,25,26,27,28,29,30",17,28,29,30.620,30.684,TRUE,1,1,3160,1,,,107.876
postgres,rls_index,20,5-15_U_25-30,"5,6,7,8,9,10,11,12,13,14,15,25,26,27,28,29,30",17,14,41,30.363,30.742,TRUE,0,0,3165,1,,,107.876
postgres,rls_index,21,5-15_U_25-30,"5,6,7,8,9,10,11,12,13,14,15,25,26,27,28,29,30",17,17,37,30.434,30.623,TRUE,0,0,5517,1,,,107.876
postgres,rls_index,22,5-15_U_25-30,"5,6,7,8,9,10,11,12,13,14,15,25,26,27,28,29,30",17,9,72,30.560,30.725,TRUE,0,0,2160,1,,,107.876
postgres,sieve,1,5-15_U_25-30,"5,6,7,8,9,10,11,12,13,14,15,25,26,27,28,29,30",17,4,29,30.406,30.697,TRUE,0,0,3237,1,,,15.946
postgres,sieve,2,5-15_U_25-30,"5,6,7,8,9,10,11,12,13,14,15,25,26,27,28,29,30",17,15,8,30.690,30.688,TRUE,0,0,2688,1,,,15.946
postgres,sieve,3,5-15_U_25-30,"5,6,7,8,9,10,11,12,13,14,15,25,26,27,28,29,30",17,8,58,30.565,30.704,TRUE,0,0,5076,1,,,15.946
postgres,sieve,4,5-15_U_25-30,"5,6,7,8,9,10,11,12,13,14,15,25,26,27,28,29,30",17,9,55,30.656,30.699,TRUE,0,0,3575,1,,,15.946
postgres,sieve,5,5-15_U_25-30,"5,6,7,8,9,10,11,12,13,14,15,25,26,27,28,29,30",17,12,58,30.693,30.759,TRUE,0,0,3957,1,,,15.946
postgres,sieve,6,5-15_U_25-30,"5,6,7,8,9,10,11,12,13,14,15,25,26,27,28,29,30",17,6,29,30.557,30.659,TRUE,1,1,5312,1,,,15.946
postgres,sieve,7,5-15_U_25-30,"5,6,7,8,9,10,11,12,13,14,15,25,26,27,28,29,30",17,15,8,30.589,30.703,TRUE,0,0,4216,1,,,15.946
postgres,sieve,8,5-15_U_25-30,"5,6,7,8,9,10,11,12,13,14,15,25,26,27,28,29,30",17,15,4,30.665,30.746,TRUE,0,0,3895,1,,,15.946
postgres,sieve,9,5-15_U_25-30,"5,6,7,8,9,10,11,12,13,14,15,25,26,27,28,29,30",17,11,4,30.500,30.619,TRUE,0,0,3577,1,,,15.946
postgres,sieve,10,5-15_U_25-30,"5,6,7,8,9,10,11,12,13,14,15,25,26,27,28,29,30",17,9,58,30.730,30.612,TRUE,0,0,3085,1,,,15.946
postgres,sieve,11,5-15_U_25-30,"5,6,7,8,9,10,11,12,13,14,15,25,26,27,28,29,30",17,9,8,30.745,30.688,TRUE,0,0,1899,1,,,15.946
postgres,sieve,12,5-15_U_25-30,"5,6,7,8,9,10,11,12,13,14,15,25,26,27,28,29,30",17,11,40,30.554,30.713,TRUE,0,0,2850,1,,,15.946
postgres,sieve,13,5-15_U_25-30,"5,6,7,8,9,10,11,12,13,14,15,25,26,27,28,29,30",17,6,72,30.600,30.747,TRUE,0,0,2110,1,,,15.946
postgres,sieve,14,5-15_U_25-30,"5,6,7,8,9,10,11,12,13,14,15,25,26,27,28,29,30",17,4,29,30.585,30.649,TRUE,1,1,4066,1,,,15.946
postgres,sieve,15,5-15_U_25-30,"5,6,7,8,9,10,11,12,13,14,15,25,26,27,28,29,30",17,8,37,30.764,,UNKNOWN,,,,0,db_error,"ERROR:  relation ""revenue0"" does not exist LINE 1: ...hone, total_revenue from cf_sv_supplier supplier, revenue0 w...                                                              ^",15.946
postgres,sieve,16,5-15_U_25-30,"5,6,7,8,9,10,11,12,13,14,15,25,26,27,28,29,30",17,10,16,30.527,30.658,TRUE,0,0,-2912,1,,,15.946
postgres,sieve,17,5-15_U_25-30,"5,6,7,8,9,10,11,12,13,14,15,25,26,27,28,29,30",17,5,29,30.501,30.599,TRUE,1,1,6208,1,,,15.946
postgres,sieve,18,5-15_U_25-30,"5,6,7,8,9,10,11,12,13,14,15,25,26,27,28,29,30",17,9,87,30.446,30.761,TRUE,0,0,4801,1,,,15.946
postgres,sieve,19,5-15_U_25-30,"5,6,7,8,9,10,11,12,13,14,15,25,26,27,28,29,30",17,28,29,30.704,30.782,TRUE,1,1,-1187,1,,,15.946
postgres,sieve,20,5-15_U_25-30,"5,6,7,8,9,10,11,12,13,14,15,25,26,27,28,29,30",17,14,41,30.842,30.769,TRUE,0,0,468,1,,,15.946
postgres,sieve,21,5-15_U_25-30,"5,6,7,8,9,10,11,12,13,14,15,25,26,27,28,29,30",17,17,37,30.563,30.775,TRUE,0,0,12062,1,,,15.946
postgres,sieve,22,5-15_U_25-30,"5,6,7,8,9,10,11,12,13,14,15,25,26,27,28,29,30",17,9,72,30.456,30.792,TRUE,0,0,1560,1,,,15.946
postgres,sieve_index,1,5-15_U_25-30,"5,6,7,8,9,10,11,12,13,14,15,25,26,27,28,29,30",17,4,29,30.739,30.755,TRUE,0,0,4718,1,,,119.394
postgres,sieve_index,2,5-15_U_25-30,"5,6,7,8,9,10,11,12,13,14,15,25,26,27,28,29,30",17,15,8,30.454,30.826,TRUE,0,0,6,1,,,119.394
postgres,sieve_index,3,5-15_U_25-30,"5,6,7,8,9,10,11,12,13,14,15,25,26,27,28,29,30",17,8,58,30.823,30.653,TRUE,0,0,3384,1,,,119.394
postgres,sieve_index,4,5-15_U_25-30,"5,6,7,8,9,10,11,12,13,14,15,25,26,27,28,29,30",17,9,55,30.712,30.710,TRUE,0,0,4492,1,,,119.394
postgres,sieve_index,5,5-15_U_25-30,"5,6,7,8,9,10,11,12,13,14,15,25,26,27,28,29,30",17,12,58,30.613,30.564,TRUE,0,0,11586,1,,,119.394
postgres,sieve_index,6,5-15_U_25-30,"5,6,7,8,9,10,11,12,13,14,15,25,26,27,28,29,30",17,6,29,30.553,30.780,TRUE,1,1,6290,1,,,119.394
postgres,sieve_index,7,5-15_U_25-30,"5,6,7,8,9,10,11,12,13,14,15,25,26,27,28,29,30",17,15,8,30.447,30.546,TRUE,0,0,11287,1,,,119.394
postgres,sieve_index,8,5-15_U_25-30,"5,6,7,8,9,10,11,12,13,14,15,25,26,27,28,29,30",17,15,4,30.807,30.841,TRUE,0,0,10532,1,,,119.394
postgres,sieve_index,9,5-15_U_25-30,"5,6,7,8,9,10,11,12,13,14,15,25,26,27,28,29,30",17,11,4,30.439,30.747,TRUE,0,0,6064,1,,,119.394
postgres,sieve_index,10,5-15_U_25-30,"5,6,7,8,9,10,11,12,13,14,15,25,26,27,28,29,30",17,9,58,30.403,30.713,TRUE,0,0,10173,1,,,119.394
postgres,sieve_index,11,5-15_U_25-30,"5,6,7,8,9,10,11,12,13,14,15,25,26,27,28,29,30",17,9,8,30.764,30.665,TRUE,0,0,4143,1,,,119.394
postgres,sieve_index,12,5-15_U_25-30,"5,6,7,8,9,10,11,12,13,14,15,25,26,27,28,29,30",17,11,40,30.605,30.669,TRUE,0,0,6352,1,,,119.394
postgres,sieve_index,13,5-15_U_25-30,"5,6,7,8,9,10,11,12,13,14,15,25,26,27,28,29,30",17,6,72,30.681,30.712,TRUE,0,0,4420,1,,,119.394
postgres,sieve_index,14,5-15_U_25-30,"5,6,7,8,9,10,11,12,13,14,15,25,26,27,28,29,30",17,4,29,30.744,30.753,TRUE,1,1,5780,1,,,119.394
postgres,sieve_index,15,5-15_U_25-30,"5,6,7,8,9,10,11,12,13,14,15,25,26,27,28,29,30",17,8,37,30.758,,UNKNOWN,,,,0,db_error,"ERROR:  relation ""revenue0"" does not exist LINE 1: ...hone, total_revenue from cf_sv_supplier supplier, revenue0 w...                                                              ^",119.394
postgres,sieve_index,16,5-15_U_25-30,"5,6,7,8,9,10,11,12,13,14,15,25,26,27,28,29,30",17,10,16,30.533,30.619,TRUE,0,0,3987,1,,,119.394
postgres,sieve_index,17,5-15_U_25-30,"5,6,7,8,9,10,11,12,13,14,15,25,26,27,28,29,30",17,5,29,30.729,30.688,TRUE,1,1,12664,1,,,119.394
postgres,sieve_index,18,5-15_U_25-30,"5,6,7,8,9,10,11,12,13,14,15,25,26,27,28,29,30",17,9,87,30.679,30.736,TRUE,0,0,13780,1,,,119.394
postgres,sieve_index,19,5-15_U_25-30,"5,6,7,8,9,10,11,12,13,14,15,25,26,27,28,29,30",17,28,29,30.709,30.584,TRUE,1,1,5423,1,,,119.394
postgres,sieve_index,20,5-15_U_25-30,"5,6,7,8,9,10,11,12,13,14,15,25,26,27,28,29,30",17,14,41,30.548,30.706,TRUE,0,0,5380,1,,,119.394
postgres,sieve_index,21,5-15_U_25-30,"5,6,7,8,9,10,11,12,13,14,15,25,26,27,28,29,30",17,17,37,30.356,30.780,TRUE,0,0,19462,1,,,119.394
postgres,sieve_index,22,5-15_U_25-30,"5,6,7,8,9,10,11,12,13,14,15,25,26,27,28,29,30",17,9,72,30.625,30.648,TRUE,0,0,3724,1,,,119.394
postgres,ours,1,5-15_U_25-30,"5,6,7,8,9,10,11,12,13,14,15,25,26,27,28,29,30",17,4,29,30.659,30.983,TRUE,0,0,9811,1,,,8.359
postgres,ours,2,5-15_U_25-30,"5,6,7,8,9,10,11,12,13,14,15,25,26,27,28,29,30",17,15,8,30.893,30.935,TRUE,0,0,9587,1,,,8.359
postgres,ours,3,5-15_U_25-30,"5,6,7,8,9,10,11,12,13,14,15,25,26,27,28,29,30",17,8,58,31.201,31.022,TRUE,0,0,10080,1,,,8.359
postgres,ours,4,5-15_U_25-30,"5,6,7,8,9,10,11,12,13,14,15,25,26,27,28,29,30",17,9,55,31.130,30.970,TRUE,0,0,9408,1,,,8.359
postgres,ours,5,5-15_U_25-30,"5,6,7,8,9,10,11,12,13,14,15,25,26,27,28,29,30",17,12,58,30.913,30.803,TRUE,0,0,9632,1,,,8.359
postgres,ours,6,5-15_U_25-30,"5,6,7,8,9,10,11,12,13,14,15,25,26,27,28,29,30",17,6,29,31.063,30.934,TRUE,1,1,10976,1,,,8.359
postgres,ours,7,5-15_U_25-30,"5,6,7,8,9,10,11,12,13,14,15,25,26,27,28,29,30",17,15,8,31.107,30.930,TRUE,0,0,9856,1,,,8.359
postgres,ours,8,5-15_U_25-30,"5,6,7,8,9,10,11,12,13,14,15,25,26,27,28,29,30",17,15,4,30.953,31.038,TRUE,0,0,9315,1,,,8.359
postgres,ours,9,5-15_U_25-30,"5,6,7,8,9,10,11,12,13,14,15,25,26,27,28,29,30",17,11,4,31.129,31.022,TRUE,0,0,10080,1,,,8.359
postgres,ours,10,5-15_U_25-30,"5,6,7,8,9,10,11,12,13,14,15,25,26,27,28,29,30",17,9,58,30.851,30.937,TRUE,0,0,9945,1,,,8.359
postgres,ours,11,5-15_U_25-30,"5,6,7,8,9,10,11,12,13,14,15,25,26,27,28,29,30",17,9,8,30.658,30.983,TRUE,0,0,9856,1,,,8.359
postgres,ours,12,5-15_U_25-30,"5,6,7,8,9,10,11,12,13,14,15,25,26,27,28,29,30",17,11,40,31.137,30.970,TRUE,0,0,10483,1,,,8.359
postgres,ours,13,5-15_U_25-30,"5,6,7,8,9,10,11,12,13,14,15,25,26,27,28,29,30",17,6,72,31.093,31.063,TRUE,0,0,9184,1,,,8.359
postgres,ours,14,5-15_U_25-30,"5,6,7,8,9,10,11,12,13,14,15,25,26,27,28,29,30",17,4,29,31.176,31.010,TRUE,1,1,10080,1,,,8.359
postgres,ours,15,5-15_U_25-30,"5,6,7,8,9,10,11,12,13,14,15,25,26,27,28,29,30",17,8,37,31.106,,UNKNOWN,,,,0,db_error,"ERROR:  relation ""revenue0"" does not exist LINE 1: ... s_address, s_phone, total_revenue from supplier, revenue0 w...                                                              ^",8.359
postgres,ours,16,5-15_U_25-30,"5,6,7,8,9,10,11,12,13,14,15,25,26,27,28,29,30",17,10,16,30.948,30.938,TRUE,0,0,10304,1,,,8.359
postgres,ours,17,5-15_U_25-30,"5,6,7,8,9,10,11,12,13,14,15,25,26,27,28,29,30",17,5,29,30.712,31.025,TRUE,1,1,9318,1,,,8.359
postgres,ours,18,5-15_U_25-30,"5,6,7,8,9,10,11,12,13,14,15,25,26,27,28,29,30",17,9,87,30.765,31.156,TRUE,0,0,9811,1,,,8.359
postgres,ours,19,5-15_U_25-30,"5,6,7,8,9,10,11,12,13,14,15,25,26,27,28,29,30",17,28,29,30.868,30.899,TRUE,1,1,8960,1,,,8.359
postgres,ours,20,5-15_U_25-30,"5,6,7,8,9,10,11,12,13,14,15,25,26,27,28,29,30",17,14,41,31.024,30.698,TRUE,0,0,8960,1,,,8.359
postgres,ours,21,5-15_U_25-30,"5,6,7,8,9,10,11,12,13,14,15,25,26,27,28,29,30",17,17,37,30.601,30.746,TRUE,0,0,9632,1,,,8.359
postgres,ours,22,5-15_U_25-30,"5,6,7,8,9,10,11,12,13,14,15,25,26,27,28,29,30",17,9,72,31.084,31.069,TRUE,0,0,8960,1,,,8.359
